Date,Open,High,Low,Close,Volume,DMA20,DMA50,DMA200,RSI,MACD,MACD_Signal,MACD_Hist,Vol_Avg20,RSI_Oversold,RSI_Overbought,RSI_Bull_Cross,RSI_Bear_Cross,MACD_Bull_Cross,MACD_Bear_Cross,Above_DMA50,Golden_Cross,Death_Cross
2024-07-01,4199.8096531277915,4261.48377434732,4167.056777170463,4228.730898389991,2658330,,,,50.0,0.0,0.0,0.0,,False,False,False,False,False,False,False,False,False
2024-07-02,4164.95040933514,4214.592581456829,4151.12919074041,4200.7713628620995,2569905,,,,50.0,-2.2303902985213426,-0.44607805970426856,-1.784312238817074,,False,False,False,False,False,False,False,False,False
2024-07-03,4375.53912589697,4402.648035575614,4354.77039890019,4381.879308578834,3873676,,,,50.0,10.494927961220128,1.742123144480611,8.752804816739516,,False,False,False,False,True,False,False,False,False
2024-07-04,4304.209722621615,4330.366313843712,4265.466336205285,4291.622927427383,4551297,,,,50.0,13.145367098950373,4.022771935374563,9.12259516357581,,False,False,False,False,False,False,False,False,False
2024-07-05,4283.964182828348,4323.41521091573,4252.701530601124,4292.152558688506,2960122,,,,50.0,15.11436701288585,6.241090950876821,8.87327606200903,3322666.0,False,False,False,False,False,False,False,False,False
2024-07-08,4322.334551996808,4358.39222993974,4275.336797976359,4311.394475919291,2592860,4284.425255311017,,,50.0,18.01975502070036,8.596823764841528,9.422931255858831,3201031.6666666665,False,False,False,False,False,False,False,False,False
2024-07-09,4437.5300275239315,4457.383801400943,4382.574949024445,4402.428722901457,2549229,4301.282893538223,,,50.0,27.352694045107455,12.347997820894713,15.004696224212742,3107917.0,False,False,False,False,False,False,False,False,False
2024-07-10,4319.172265505099,4343.580926367115,4316.844959873929,4341.253620735945,2731270,4306.279234437939,,,50.0,29.473049016324694,15.773008059980711,13.700040956343983,3060836.125,False,False,False,False,False,False,False,False,False
2024-07-11,4214.36023128146,4242.874699715721,4182.812516051838,4211.3269844861,1474501,4295.72898444329,,,50.0,20.433902594740175,16.705186966932605,3.7287156278075706,2884576.6666666665,False,False,False,False,False,False,False,False,False
2024-07-12,4398.734008088532,4407.1484751157295,4380.191128951584,4388.605595978781,1392567,4305.016645596838,,,50.0,27.26096882117963,18.816343337782012,8.444625483397619,2735375.7,False,False,False,False,False,False,False,False,False
2024-07-15,4348.300062035081,4358.699875640162,4323.057370568555,4333.457184173635,4567232,4307.60214910382,,,50.0,27.899840064605087,20.633042683146627,7.26679738145846,2901908.090909091,False,False,False,False,False,False,False,False,False
2024-07-16,4302.149216583297,4315.529732549656,4237.9018737112,4251.282389677559,1679412,4302.908835818299,,,50.0,21.527179055468878,20.81186995761108,0.7153090978577978,2800033.4166666665,False,False,False,False,False,False,False,False,False
2024-07-17,4266.315208716401,4305.760570832998,4221.393690955019,4260.839053071617,3437588,4299.6726986839385,,,50.0,17.051384415295615,20.059772849147986,-3.008388433852371,2849076.076923077,False,False,False,False,False,True,False,False,False
2024-07-18,4206.225359086603,4296.571741384262,4117.620746491646,4207.967128789305,1261282,4293.122300834321,,,50.0,9.132686570243095,17.874355593367007,-8.741669023123912,2735662.214285714,False,False,False,False,False,False,False,False,False
2024-07-19,4283.833296192283,4319.3336564495,4192.234534510419,4227.7348947676355,4783683,4288.763140429876,,,38.02680124112362,4.401418176290463,15.179768109951699,-10.778349933661236,2872196.933333333,False,False,False,False,False,False,False,False,False
2024-07-22,4201.373849379579,4249.911259739996,4180.912567218742,4229.449977579159,1524023,4285.056067751706,4285.056067751706,,38.179011678359906,0.7812410756660029,12.300062703094559,-11.518821627428556,2787936.0625,False,False,False,False,False,False,False,False,False
2024-07-23,4175.606225771024,4225.718126830381,4136.078843463586,4186.1907445229435,4232187,4279.240460502955,4279.240460502955,,35.79122519047151,-5.514862037008243,8.737077755074,-14.251939792082243,2872892.0,False,False,False,False,False,False,False,False,False
2024-07-24,4235.427955999262,4246.237259369696,4211.8805156952185,4222.689819065653,915766,4276.098758200883,4276.098758200883,,39.243845394512384,-7.473251839404838,5.495011836178233,-12.96826367558307,2764162.777777778,False,False,False,False,False,False,False,False,False
2024-07-25,4199.165901937292,4274.487356656241,4166.09832493136,4241.4197796503095,2036960,4274.273548803484,4274.273548803484,,40.997188166769156,-7.428309651174459,2.9103475387076942,-10.338657189882152,2725888.947368421,False,False,False,False,False,False,False,False,False
2024-07-26,4227.5972404645345,4262.452229545285,4196.122125713132,4230.977114793883,3258595,4272.108727103005,4272.108727103005,,40.29890913806253,-8.141478527561048,0.6999823254539457,-8.841460853014993,2752524.25,False,False,False,False,False,False,False,False,False
2024-07-29,4186.5555701080275,4190.539000252445,4150.439824317778,4154.4232544621955,2457585,4268.393344906615,4266.504656977251,,35.52233161256834,-14.71430934289856,-2.3828760082165554,-12.331433334682004,2742487.0,False,False,False,False,False,False,False,False,False
2024-07-30,4156.090608554542,4195.906075326322,4150.22799203155,4190.0434588033295,3182897,4267.856949703676,4263.029147969346,,39.137176220978446,-16.854780896444026,-5.27725698586205,-11.577523910581977,2773136.6,False,False,False,False,False,False,False,False,False
2024-07-31,4211.662768290235,4255.5538617936,4171.836849797175,4215.72794330054,2751165,4259.549381439761,4260.972573853311,,41.67630355109819,-16.2908065024767,-7.47996688918498,-8.81083961329172,2717011.05,False,False,False,False,False,False,False,False,False
2024-08-01,4257.22837944189,4294.414238319816,4176.873787711979,4214.059646589905,1756981,4255.671217397887,4259.017868550669,,41.55503640067503,-15.796379504034121,-9.143249412154809,-6.653130091879312,2577295.25,False,False,False,False,False,False,False,False,False
2024-08-02,4300.548744412665,4371.6541356721,4220.708171510973,4291.813562770409,3331830,4255.6542676019835,4260.329696319459,,49.00292106525564,-9.026400599071167,-9.119879649538081,0.09347905046691452,2595880.65,False,False,False,False,True,False,True,False,False
2024-08-05,4247.844378125451,4276.426773465994,4206.157732117868,4234.740127458412,2689918,4251.821550178939,4259.345482132496,,44.518346017373325,-8.172287742874687,-8.930361268205402,0.7580735253307154,2600733.55,False,False,False,False,False,False,False,False,False
2024-08-06,4175.021893077131,4188.465407554757,4163.81697663931,4177.2604911169365,3086064,4240.563138589712,4256.305297280067,,40.49855448954423,-11.9952496549422,-9.543338945552762,-2.4519107093894377,2627575.3,False,False,False,False,False,True,False,False,False
2024-08-07,4175.654389213991,4236.540598471502,4138.102514487195,4198.988723744706,4165259,4233.44989374015,4254.258276796661,,42.60819973696866,-13.12044342594254,-10.258759841630717,-2.861683584311823,2699274.75,False,False,False,False,False,False,False,False,False
2024-08-08,4151.64272984388,4201.359381227482,4121.326475385891,4171.043126769493,2657879,4231.43570085432,4251.38878886469,,40.61372556115725,-16.08176316562185,-11.423360506428946,-4.658402659192905,2758443.65,False,False,False,False,False,False,False,False,False
2024-08-09,4137.918640181203,4151.136920483331,4128.194299828248,4141.412580130376,3368830,4219.0760500619,4247.722915240212,,38.553071128526625,-20.58230784267198,-13.255149973677554,-7.327157868994426,2857256.8,False,False,False,False,False,False,False,False,False
2024-08-12,4210.9163631736365,4264.806872850308,4169.939671398693,4223.830181075364,3889883,4213.594699906987,4246.952181880056,,46.659902370054766,-17.299195957653865,-14.063959170472817,-3.235236787181048,2823389.35,False,False,False,False,False,False,False,False,False
2024-08-13,4333.779696582396,4353.5083924958135,4297.059008780765,4316.787704694182,1575842,4216.869965657817,4249.134541967998,,54.02709694535942,-7.114400477489653,-12.674047431876184,5.5596469543865314,2818210.85,False,False,False,False,True,False,True,False,False
2024-08-14,4204.476273968911,4231.44275285016,4168.846206716205,4195.812685597454,2934086,4213.618647284109,4247.518728138588,,45.265022959415425,-8.704212944023311,-11.88008053430561,3.1758675902822997,2793035.75,False,False,False,False,False,False,False,False,False
2024-08-15,4171.305107221442,4204.161901117344,4154.397995255445,4187.254789151347,1552740,4212.583030302212,4245.746259344845,,44.712588064193696,-10.533280399896285,-11.610720507423746,1.0774401075274618,2807608.65,False,False,False,False,False,False,False,False,False
2024-08-16,4121.411097865901,4171.102590864972,4117.3151033805025,4167.006596379573,1232057,4209.546615382808,4243.496554688694,,43.36408340067876,-13.461513523471694,-11.980879110633335,-1.4806344128383593,2630027.35,False,False,False,False,False,True,False,False,False
2024-08-19,4119.831603318685,4146.4375328128845,4085.5127053691917,4112.118634863391,1186406,4203.68004824702,4239.847168026881,,39.85509441648663,-19.980832547240425,-13.580869797954755,-6.39996274928567,2613146.5,False,False,False,False,False,False,False,False,False
2024-08-20,4118.123385936422,4158.35671902781,4103.707059533243,4143.940392624631,4012417,4201.567530652104,4237.255093016009,,42.74761947431563,-22.32237153308779,-15.329170144981362,-6.993201388106428,2602158.0,False,False,False,False,False,False,False,False,False
2024-08-21,4197.134177719979,4202.752770147555,4181.838276945198,4187.456869372774,1555366,4199.805883167461,4235.94461344645,,46.534374239847324,-20.431124769634152,-16.34956106991192,-4.081563699722231,2634138.0,False,False,False,False,False,False,False,False,False
2024-08-22,4117.064701821269,4206.552347942345,4082.6503980967036,4172.138044217779,3304293,4196.341796395834,4234.308547568792,,45.39609569266768,-19.9385599414627,-17.06736084422208,-2.87119909724062,2697504.65,False,False,False,False,False,False,False,False,False
2024-08-23,4081.4335964428737,4133.822573226459,4032.910741827854,4085.2997186114394,3544045,4189.057926586711,4230.583326844858,,39.49789803863717,-26.252701108027395,-18.904428896983145,-7.34827221104425,2711777.15,False,False,False,False,False,False,False,False,False
2024-08-26,4090.0452251639113,4097.213082797801,4073.0396323513337,4080.2074899852237,1718988,4185.347138362863,4226.915623506818,,39.17645274929327,-31.30671939266267,-21.38488699611905,-9.921832396543621,2674847.3,False,False,False,False,False,False,False,False,False
2024-08-27,4163.10613963574,4176.486180315024,4129.890397890244,4143.270438569528,3643535,4183.008487351173,4224.924071484502,,45.13177237465964,-29.878986031819295,-23.083706803259098,-6.795279228560197,2697879.2,False,False,False,False,False,False,False,False,False
2024-08-28,4139.906867688831,4167.72184849858,4086.881097254431,4114.696078064179,2967957,4177.956894089355,4222.360629777052,,43.07382755486503,-30.699326418686724,-24.606830726344626,-6.092495692342098,2708718.8,False,False,False,False,False,False,False,False,False
2024-08-29,4128.09193697242,4153.563215625721,4102.922300546139,4128.39357919944,1346689,4173.673590719833,4220.225014991198,,44.38303401324027,-29.899515219047316,-25.665367624885167,-4.234147594162149,2688204.2,False,False,False,False,False,False,False,False,False
2024-08-30,4104.9256933769375,4159.29449579547,4079.2457947264843,4133.614597145017,2947527,4165.763642438562,4218.30033903906,,44.90317520759128,-28.515655836558835,-26.235425267219902,-2.280230569338933,2668989.05,False,False,False,False,False,False,False,False,False
2024-09-02,4123.600091636894,4153.477011041208,4105.027053151694,4134.903972556009,2541829,4160.771834693442,4216.487374550298,,45.03987584615445,-27.003614625623413,-26.389063138900607,-0.6145514867228066,2661584.6,False,False,False,False,False,False,False,False,False
2024-09-03,4175.675394045088,4207.817058273742,4140.216213601123,4172.357877829777,2724076,4160.526704029084,4215.548449088159,,48.998373617450326,-22.52345753395639,-25.615942017911767,3.092484483955378,2643485.2,False,False,False,False,True,False,False,False,False
2024-09-04,4183.816242942782,4187.115591457922,4176.1607548673655,4179.460103382506,1724647,4159.550273010975,4214.796608552625,,49.737651163684845,-18.19012606438264,-24.130778827205944,5.940652762823305,2521454.6,False,False,False,False,False,False,False,False,False
2024-09-05,4220.479312500671,4261.987259218823,4187.248122187818,4228.75606890597,3397778,4162.435920117799,4215.081495498612,,54.651155217366714,-10.655329218093357,-21.43568890538343,10.780359687290073,2558449.55,False,False,False,False,False,False,True,False,False
2024-09-06,4315.099079108962,4330.597274524177,4240.1301304898825,4255.628325905098,2520357,4168.146707406535,4215.892432106742,,57.11241567351472,-2.4869142734278284,-17.64593397899231,15.159019705564482,2516025.9,False,False,False,False,False,False,True,False,False
2024-09-09,4273.081351192626,4318.341376186621,4249.561808603124,4294.821833597119,3780057,4171.696290032622,4217.214250810884,,60.481318358248004,7.067729550655713,-12.703201273062707,19.77093082371842,2510534.6,False,False,False,False,False,False,True,False,False
2024-09-10,4270.297317541275,4348.194330296694,4208.911137735648,4286.808150491066,3107261,4170.197312322466,4218.934986563463,,59.45298654520577,13.833749512053146,-7.395811116039537,21.229560628092685,2587105.55,False,False,False,False,False,False,True,False,False
2024-09-11,4245.226836332523,4302.931943131667,4237.510767084057,4295.215873883201,1851372,4175.167471736753,4217.2017178695505,,60.2172407864859,19.647814316372205,-1.9870860295571893,21.634900345929395,2532969.85,False,False,False,False,False,False,True,False,False
2024-09-12,4297.502630573491,4300.688774956101,4263.297739136342,4266.483883518952,2838557,4179.128926455133,4216.698936991382,,56.31112451382786,21.687075950912003,2.7477463665366493,18.939329584375354,2597260.7,False,False,False,False,False,False,True,False,False
2024-09-13,4085.9916301147996,4139.271210403506,4079.4126194766413,4132.692199765348,3580420,4177.413206624423,4213.5097298129185,,42.48962161868215,12.364801023828477,4.6711572979950144,7.6936437258334625,2714678.85,False,False,False,False,False,False,False,False,False
2024-09-16,4149.53318473182,4178.572208275584,4121.601952155965,4150.640975699728,460248,4179.33932366624,4210.294659808528,,44.45915765338165,6.351926143826859,5.007311067161384,1.344615076665475,2678370.95,False,False,False,False,False,False,False,False,False
2024-09-17,4157.279689158857,4178.627891808903,4109.246719887172,4130.594922537218,963404,4178.672050161868,4204.857983801243,,42.7003129735915,-0.030517688441250357,3.9997453160408574,-4.030263004482108,2525920.3,False,False,False,False,False,True,False,False,False
2024-09-18,4016.616287427402,4065.6964242319314,4000.051932369045,4049.1320691735746,2402267,4171.755810151908,4199.015552769995,,36.398504212976874,-11.529121327477696,0.8939719873371468,-12.423093314814842,2568265.35,False,False,False,False,False,False,False,False,False
2024-09-19,4046.723533337478,4091.3531776354243,4028.535131970001,4073.1647762679477,2778485,4166.807146754417,4196.252308605633,,39.24708813463021,-18.489473796944367,-2.982717169519156,-15.506756627425212,2541974.95,False,False,False,False,False,False,False,False,False
2024-09-20,4103.21807364328,4133.57149709646,4070.9610117377515,4101.314435190931,2383492,4167.607882583392,4190.506485389875,,42.495836729401844,-21.486478309970153,-6.683469397609356,-14.803008912360797,2483947.3,False,False,False,False,False,False,False,False,False
2024-09-23,4046.940690611421,4115.097666148147,4017.2825095495973,4085.439485086324,1668598,4167.869482338447,4185.546131408129,,41.15912113591985,-24.856076403335464,-10.317990798754579,-14.538085604580886,2481427.8,False,False,False,False,False,False,False,False,False
2024-09-24,4043.352701350075,4060.8883819742414,4005.238623903381,4022.774304527547,2563392,4161.844675636347,4180.9759697051295,,36.30453592082372,-32.211746562047665,-14.696741951413197,-17.51500461063447,2427420.65,False,False,False,False,False,False,False,False,False
2024-09-25,4028.055264768844,4047.7499059226957,4003.3762550759507,4023.070896229802,1819301,4157.263416544629,4176.220606568293,,36.34280525593549,-37.58399083479526,-19.274191728089612,-18.309799106705647,2369987.85,False,False,False,False,False,False,False,False,False
2024-09-26,4030.4142705498034,4066.9891906968323,3981.438743251689,4018.013663398718,2460276,4151.744420754592,4172.42153726048,,35.94622206838294,-41.768132518375296,-23.77297988614675,-17.995152632228546,2425667.2,False,False,False,False,False,False,False,False,False
2024-09-27,4073.70180326821,4077.96411139044,4068.731683168488,4072.993991290718,1524481,4148.713390461877,4169.326719190943,,43.20265147205125,-40.18442098542755,-27.055268106002913,-13.129152879424637,2354514.9,False,False,False,False,False,False,False,False,False
2024-09-30,4093.8702847192208,4095.330301672161,4089.0285980423946,4090.488614995335,2166963,4146.492622583844,4166.547491939266,4195.2768436513725,45.3251518375055,-37.090096714111496,-29.06223382762463,-8.027862886486865,2335771.6,False,False,False,False,False,False,False,False,False
2024-10-01,4084.8682534951663,4106.466601987557,4074.898934295778,4096.497282788168,1282570,4142.699592831764,4164.75362270457,4193.802521847444,46.070576505532806,-33.763765489988145,-30.002540160097336,-3.7612253298908094,2263696.3,False,False,False,False,False,False,False,False,False
2024-10-02,4144.471562460714,4173.672409406867,4104.20273797052,4133.403584916672,3053168,4140.396766908472,4162.96789802159,4192.9143021866985,50.53175594877437,-27.82880079428378,-29.567792286934626,1.7389914926508467,2330122.35,False,False,False,False,True,False,False,False,False
2024-10-03,4142.001857554431,4181.808443270664,4129.414647880483,4169.221233596716,1074077,4137.420025143009,4161.523927100519,4192.570924381045,54.468332434237915,-20.004514020673923,-27.65513663368249,7.650622613008565,2213937.3,False,False,False,False,False,False,True,False,False
2024-10-04,4171.342524375708,4187.569770755485,4136.9780879029795,4153.205334282756,3016172,4132.298875561892,4159.968491490296,4192.008558808213,52.45811149699881,-14.924024738524167,-25.108914254650827,10.18488951612666,2238728.05,False,False,False,False,False,False,False,False,False
2024-10-07,4178.802845908289,4231.357754893423,4133.047391034364,4185.602300019498,984874,4126.837898883011,4160.592072401442,4191.918329811188,55.995890042677786,-8.189136726632569,-21.724958749047175,13.535822022414607,2098968.9,False,False,False,False,False,False,True,False,False
2024-10-08,4190.430298212089,4211.176533175036,4159.942725653888,4180.688960616835,2653131,4121.5319393893,4160.4049824377125,4191.762366350156,55.3235004573822,-3.2111388722105403,-18.02219477367985,14.81105590146931,2076262.4,False,False,False,False,False,False,True,False,False
2024-10-09,4191.758017390323,4194.89802305254,4189.229393274204,4192.369398936421,2427081,4116.3896156419605,4159.9378115504305,4191.770681865037,56.655981555080174,1.6573689295082659,-14.086282033042227,15.743650962550493,2105047.85,False,False,False,False,False,False,True,False,False
2024-10-10,4193.1700555486905,4217.674652821323,4185.58653406003,4210.091131332663,4520644,4113.569978032646,4159.858441245286,4192.018255506491,58.6700689730421,6.86653894902247,-9.895717836629288,16.762256785651758,2189152.2,False,False,False,False,False,False,True,False,False
2024-10-11,4186.341261742394,4216.497630082915,4171.607171911572,4201.763540252093,3576531,4117.0235450569835,4158.05744079492,4192.148192636432,57.32213262666394,10.205237095217853,-5.87552685025986,16.080763945477713,2188957.75,False,False,False,False,False,False,True,False,False
2024-10-14,4171.737544336793,4187.826273031376,4163.789940552777,4179.87866924736,1949753,4118.4854297343645,4156.960211630698,4191.986751539208,53.822473684474375,10.958925567269944,-2.5086363667538993,13.467561934023843,2263433.0,False,False,False,False,False,False,True,False,False
2024-10-15,4145.055733146463,4160.9393843469425,4145.002005715028,4160.885656915507,2877351,4119.99996645328,4156.63271494667,4191.582841219419,50.91710261369665,9.909422097905917,-0.025024673821936183,9.934446771727853,2359130.35,False,False,False,False,False,False,True,False,False
2024-10-16,4136.887738340887,4180.66459665368,4078.532391911027,4122.30925022382,3125235,4123.658825505792,4155.099125476252,4190.694718257938,45.540052484430994,5.89691346590007,1.159362954122465,4.737550511777605,2395278.75,False,False,False,False,False,False,False,False,False
2024-10-17,4076.564730469526,4137.669516087114,4045.3823101097687,4106.487095727357,1973888,4125.324941478762,4153.808004855409,4189.628798985398,43.51048784316392,1.423842658020476,1.2122588949020674,0.21158376311840854,2355048.9,False,False,False,False,False,False,False,False,False
2024-10-18,4145.608020712339,4153.935120394732,4142.234487059126,4150.561586741519,3377631,4127.787299056292,4153.990984987631,4189.14045883235,50.17222135715613,1.4189876882119279,1.2536046535640395,0.1653830346478884,2404755.85,False,False,False,False,False,False,False,False,False
2024-10-21,4148.7731925060725,4190.826145082732,4120.415948502099,4162.468901078759,4009825,4131.638769855914,4152.7637593877,4188.811180341565,51.82513856933789,2.348884366252605,1.4726605961017527,0.8762237701508524,2521817.2,False,False,False,False,False,False,True,False,False
2024-10-22,4222.243602456283,4250.431021237508,4193.0827177668625,4221.270136548087,2430096,4141.56356145694,4150.853408024778,4189.207021270912,59.04945241853024,7.741364828183578,2.726401442518118,5.01496338566546,2515152.4,False,False,False,False,False,False,True,False,False
2024-10-23,4152.94258848206,4159.8844384754175,4115.253322548564,4122.195172541921,2996734,4146.519775272546,4149.381057763667,4188.399649599479,46.418653420494,3.974606069053152,2.9760423678251247,0.9985637012280275,2574024.05,False,False,False,False,False,False,False,False,False
2024-10-24,4195.029583085458,4203.032323320392,4178.546932486538,4186.549672721471,4648614,4154.946575738684,4149.36695543507,4188.377626065217,53.39247276898525,6.11183946503661,3.603201787267422,2.508637677769188,2683440.95,False,False,False,False,False,False,True,False,False
2024-10-25,4233.209676570205,4263.068692468371,4204.810237384226,4234.669253282392,2643248,4163.030338838268,4150.720208573126,4188.922233444243,57.81382222854808,11.555258501337448,5.193613130081427,6.361645371256021,2739379.3,False,False,False,False,False,False,True,False,False
2024-10-28,4250.334506306954,4251.555836068057,4225.538748640418,4226.760078401521,2417700,4169.843912008577,4153.013037443889,4189.362208385606,56.85906593437063,15.057430308496805,7.166376565764503,7.891053742732302,2751916.15,False,False,False,False,False,False,True,False,False
2024-10-29,4299.066211309931,4341.723101398638,4277.213879186611,4319.870769275319,2059465,4181.012586332935,4156.5316449769025,4190.862306786637,64.32775449105586,25.057335921605045,10.744568436932614,14.312767484672431,2790760.9,False,False,False,False,False,False,True,False,False
2024-10-30,4259.614925707481,4322.947598025542,4229.361800245462,4292.694472563523,3621566,4188.977130715277,4158.636397040717,4192.0194904886475,61.00791999002784,30.438556411599166,14.683366031865924,15.755190379733241,2819180.8,False,False,False,False,False,False,True,False,False
2024-10-31,4323.593009184551,4352.083725022061,4257.00384232409,4285.4945581616,2896656,4194.790796943521,4160.903527319594,4193.069772147894,60.12264566940663,33.73338206928656,18.493369239350052,15.24001282993651,2910309.75,False,False,False,False,False,False,True,False,False
2024-11-01,4252.543717961871,4284.771053816056,4235.510880203488,4267.7382160576735,4744794,4200.517441032267,4164.5522972685185,4193.899421524669,57.89155253933382,34.513911837596424,21.697477758999327,12.816434078597098,2996740.85,False,False,False,False,False,False,True,False,False
2024-11-04,4242.55770451766,4313.827731406125,4217.120157729181,4288.390184617647,3084426,4205.656835262174,4168.715951161167,4194.937781558658,59.7618482366935,36.379567560144096,24.63389571922828,11.745671840915815,3101718.45,False,False,False,False,False,False,True,False,False
2024-11-05,4325.938490641946,4364.279763020871,4250.245047507814,4288.586319886738,2855567,4211.051703225669,4171.6222687875115,4195.955700453529,59.7801191706901,37.44232779089816,27.19558213356226,10.2467456573359,3111840.25,False,False,False,False,False,False,True,False,False
2024-11-06,4279.798376226041,4306.621657864934,4268.2468499329325,4295.070131571825,320281,4216.18673985744,4175.229749857664,4197.021447024693,60.41994025919057,38.36550864410674,29.429567435671157,8.935941208435583,3006500.25,False,False,False,False,False,False,True,False,False
2024-11-07,4365.416678690429,4437.024193430713,4308.368945184522,4379.9764599248065,3440532,4224.681006287047,4180.261407472171,4198.967776949163,67.67240353913996,45.42473911117031,32.62860177077099,12.79613734039932,2952494.65,False,False,False,False,False,False,True,False,False
2024-11-08,4246.020307686051,4257.275269094189,4233.698420918906,4244.953382327044,1688945,4226.840498390795,4182.488183175812,4199.45183595314,51.50865945823022,39.666742670317035,34.0362299506802,5.630512719636833,2858115.35,False,False,False,False,False,False,True,False,False
2024-11-11,4321.051469169454,4361.173745838333,4318.154700125062,4358.276976793941,2238215,4235.760413768124,4186.9556432605705,4201.106264503565,60.1185613411007,43.74350806392704,35.97768557332957,7.765822490597465,2872538.45,False,False,False,False,False,False,True,False,False
2024-11-12,4272.673798646142,4302.459477943629,4250.559438322137,4280.345117619624,3065636,4241.733386803329,4189.115388056368,4201.923159896514,53.13191357546253,40.2222670214951,36.826601862962676,3.395665158532424,2881952.7,False,False,False,False,False,False,True,False,False
2024-11-13,4323.033627312112,4363.5297249520445,4301.93217697946,4342.428274619392,3800928,4252.739338023108,4192.374751481106,4203.356885556952,57.38110142331827,41.95758907630625,37.85279930563139,4.104789770674856,2915737.35,False,False,False,False,False,False,True,False,False
2024-11-14,4452.326937610862,4458.003820885669,4443.494780579971,4449.171663854778,3920984,4269.873566429479,4196.783063380081,4205.839863115516,63.507245813467435,51.354164880746794,40.55307242065447,10.80109246009232,3013092.15,False,False,False,False,False,False,True,False,False
2024-11-15,4386.675902711915,4408.208171694919,4331.882249831304,4353.4145188143075,2918028,4280.016213033119,4198.738787238265,4207.315609672503,55.76351836502575,50.49217520999173,42.540892978521924,7.951282231469804,2990112.0,False,False,False,False,False,False,True,False,False
2024-11-18,4252.8519911304365,4258.888403420197,4222.18093282122,4228.217345110981,1785285,4283.303635234729,4197.406697468543,4207.522557548132,47.59254606487879,39.25417884534545,41.88355015188663,-2.629371306541181,2878885.0,False,False,False,False,False,True,True,False,False
2024-11-19,4386.337668830965,4414.795792874706,4356.00396054153,4384.462084585271,2682425,4291.463232636588,4199.359776150427,4209.257258793594,56.215225667911334,42.46610759070518,42.00006163965034,0.4660459510548378,2891501.45,False,False,False,False,True,False,True,False,False
2024-11-20,4325.320343897576,4356.409096871798,4312.155261472578,4343.2440144468,3386077,4302.515674731832,4200.320338961699,4210.558101081489,53.7049001853895,41.2105805557585,41.84216542287198,-0.6315848671134816,2910968.6,False,False,False,False,False,True,True,False,False
2024-11-21,4367.098373839428,4376.804325283637,4351.734810084534,4361.440761528743,4121027,4311.260229172197,4202.219476521895,4212.008895893482,54.66734973654797,41.208861642542615,41.71550466680611,-0.5066430242634965,2884589.25,False,False,False,False,False,False,True,False,False
2024-11-22,4344.785471827891,4388.431559558932,4300.9463019144005,4344.5923896454415,2120723,4316.7563859903485,4206.457480319496,4213.271595833977,53.55712958308639,39.39386859286424,41.25117745201774,-1.8573088591535054,2858463.0,False,False,False,False,False,False,True,False,False
2024-11-25,4379.507005491433,4427.258760709087,4305.8796720370465,4353.631427254701,1893896,4323.099953433008,4210.517289350596,4214.595745187003,54.09575013251514,38.243995345075746,40.64974103062934,-2.4057456855535975,2832272.8,False,False,False,False,False,False,True,False,False
2024-11-26,4304.639241076037,4351.163845883792,4278.798176835746,4325.322781643501,3636656,4323.372554051417,4214.411846532722,4215.630577303418,52.05943541363505,34.64902895864907,39.44959861623329,-4.800569657584219,2911132.35,False,False,False,False,False,False,True,False,False
2024-11-27,4529.587706322838,4545.738266224119,4489.208439305967,4505.3589992072475,3240023,4334.005780383603,4223.536385133396,4218.313247876602,61.885820862439154,45.79946263295915,40.719571419578465,5.079891213380684,2892055.2,False,False,False,False,True,False,True,True,False
2024-11-28,4496.931741076083,4532.929078669899,4472.646555684985,4508.643893278801,4324895,4345.163247139463,4232.245967473613,4220.976831779375,62.03871040510207,54.27566902585659,43.43079094083409,10.844878085022494,2963467.15,False,False,False,False,False,False,True,False,False
2024-11-29,4550.983381925899,4594.254021028431,4490.518622954391,4533.789262056923,4084787,4358.4657994394265,4240.895464010932,4223.820581145535,63.253845138753924,62.3039436917561,47.2054214910185,15.098522200737605,2930466.8,False,False,False,False,False,False,True,False,False
2024-12-02,4711.02364572628,4790.169305599658,4662.900769828772,4742.046429702151,2985060,4381.14861169365,4254.027602903248,4228.489282483882,71.41495156690048,84.49699341375526,54.66373587556585,29.833257538189415,2925498.5,False,True,False,False,False,False,True,False,False
2024-12-03,4725.115612702403,4737.456776258778,4715.967619760427,4728.308783316801,4149521,4403.134734865154,4268.138292479034,4232.951956598462,70.30571336357386,99.82590110921137,63.69616892229496,36.129732186916414,2990196.2,False,True,False,False,False,False,True,False,False
2024-12-04,4698.649287584727,4739.9367548750315,4691.3279956105025,4732.615462900807,2899786,4425.0120014316035,4282.329183812454,4237.373757539191,70.46061359063546,111.04166475640704,73.16526808911738,37.87639666728967,3119171.45,False,True,False,False,False,False,True,False,False
2024-12-05,4467.570705467454,4491.994981983023,4443.480418156572,4467.904694672141,3229739,4429.40841316897,4291.327004437922,4239.395958742111,52.37550528405984,97.44698337051159,78.02161114539622,19.425372225115368,3108631.8,False,False,False,True,False,False,True,False,False
2024-12-06,4248.757789185311,4346.713184975948,4201.676753086263,4299.6321488769,2364530,4432.142351496463,4295.859767589646,4239.919751699805,44.54790993885465,72.26192184096635,76.86967328451024,-4.60775144354389,3142411.05,False,False,False,False,False,True,True,False,False
2024-12-09,4379.5327403349365,4384.646270181043,4359.330676537102,4364.444206383208,2294207,4432.450712975927,4301.338879417403,4240.99323837811,47.78477448244656,56.87673096400886,72.87108482040998,-15.99435385640112,3145210.65,False,False,False,False,False,False,True,False,False
2024-12-10,4300.177238882234,4356.722953656315,4251.180307957059,4307.726022731141,2200070,4433.819758231502,4305.5634542162625,4241.563604056341,45.29310795967575,39.65011114270692,66.22689008486937,-26.57677894216245,3101932.35,False,False,False,False,False,False,True,False,False
2024-12-11,4513.998274314304,4524.305453882739,4478.908768291297,4489.215947859732,2477778,4441.159141893519,4312.679701475125,4243.662352732641,53.62590353960289,40.179447348324175,61.01740153756033,-20.837954189236157,3035774.85,False,False,False,False,False,False,True,False,False
2024-12-12,4518.661824039633,4531.002297538947,4479.3601849007955,4491.700658400109,2881342,4443.285591620785,4319.1292899711925,4245.746708242452,53.729813671888856,40.33449453431331,56.88082013691093,-16.54632560259762,2983792.75,False,False,False,False,False,False,True,False,False
2024-12-13,4523.879693844506,4524.543229044369,4468.884902766979,4469.548437966842,670386,4449.092287578412,4325.456152044873,4247.611722656821,52.59824775343901,38.2291891949335,53.15049394851545,-14.92130475358195,2871410.65,False,False,False,False,False,False,True,False,False
2024-12-16,4399.805345909888,4422.177084454544,4369.11605750308,4391.487796047735,829809,4457.25581012525,4329.5738619654385,4248.800781114598,48.705617819749094,29.917013414751636,48.50379784176269,-18.586784427011054,2823636.85,False,False,False,False,False,False,True,False,False
2024-12-17,4468.295301173189,4474.785967437409,4425.140378393372,4431.631044657593,2968514,4459.614258128866,4334.5927036462535,4250.299389832163,50.72520116966942,26.26600078759202,44.05623843092856,-17.79023764333654,2837941.3,False,False,False,False,False,False,True,False,False
2024-12-18,4497.721632685845,4507.580104106227,4466.423305161092,4476.281776581473,2705383,4466.266146235599,4340.270951199155,4252.136645008987,52.94443820659828,26.66807491365944,40.57860572747474,-13.9105308138153,2803906.6,False,False,False,False,False,False,True,False,False
2024-12-19,4502.204886769353,4548.39735157094,4479.6894619012655,4525.881926702853,2158640,4474.488204494305,4346.586767106558,4254.344268248454,55.35012020216108,30.635887701158026,38.5900621222114,-7.954174421053374,2705787.25,False,False,False,False,False,False,True,False,False
2024-12-20,4530.616599255211,4545.471003994917,4491.348181817599,4506.202586557304,2159212,4482.568714339899,4352.675548032663,4256.359134794924,54.16687897641139,31.82558411620721,37.237166521010565,-5.4115824048033545,2707711.7,False,False,False,False,False,False,True,False,False
2024-12-23,4429.815102835309,4498.427297235905,4352.257596272549,4420.869790673145,1633944,4485.930632510821,4357.495370461178,4257.664774920942,49.250395611473195,25.5878231273673,34.90729784228191,-9.319474714914612,2694714.1,False,False,False,False,False,False,True,False,False
2024-12-24,4513.35212661182,4523.6206864803635,4510.500929883617,4520.769489752161,1381126,4495.702967916253,4364.693047117911,4259.736465588904,54.46152796744346,28.3782960896815,33.60149749176183,-5.223201402080335,2581937.6,False,False,False,False,False,False,True,False,False
2024-12-25,4414.741911905862,4453.131381498518,4396.601052844547,4434.990522437202,1537010,4492.1845440777515,4370.946672562179,4261.105637908032,49.73876889268114,23.39839807104636,31.560877607618743,-8.162479536572384,2496786.95,False,False,False,False,False,False,True,False,False
2024-12-26,4408.96827475492,4473.879195700839,4374.136458301385,4439.047379247304,4217008,4488.704718376177,4377.597878232578,4262.4850312517465,49.95978234506332,19.553744063278828,29.15945089875076,-9.605706835471931,2491392.6,False,False,False,False,False,False,True,False,False
2024-12-27,4413.800752245073,4431.653532214641,4388.616554707227,4406.4693346767945,1734678,4482.338722007169,4382.716033191284,4263.592602816556,48.12950461508847,13.719897691872575,26.071540257375123,-12.351642565502548,2373887.15,False,False,False,False,False,False,True,False,False
2024-12-30,4277.3577497592705,4288.720794993512,4259.088658172561,4270.451703406802,2587577,4458.758985692402,4384.875689237844,4263.644962363045,41.32274385393043,-1.8575411071687995,20.48572398446634,-22.34326509163514,2354013.0,False,False,False,False,False,False,False,False,False
2024-12-31,4250.711787952041,4285.586452668301,4205.502312763163,4240.376977479423,4664900,4434.362395400533,4385.2578260564715,4263.468689750291,39.97649614946907,-16.440042050970987,13.100570777378874,-29.54061282834986,2379781.95,False,False,False,False,False,False,False,False,False
2025-01-01,4268.515467103485,4314.07878464542,4201.436119983527,4246.999437525461,4116844,4410.081594131766,4387.7539113561415,4263.344860786194,40.43666496364834,-27.149440085309834,5.050568604841133,-32.200008690150966,2440634.85,False,False,False,False,False,False,False,False,False
2025-01-02,4238.718404215399,4308.85374943413,4197.772942683849,4267.90828790258,3044621,4400.081773793288,4389.381083659764,4263.378916212436,41.9498589616409,-33.56265629198333,-2.6720763745237592,-30.890579917459572,2431378.95,False,False,False,False,False,False,False,False,False
2025-01-03,4266.153731036908,4303.8135421897905,4215.946034870747,4253.60584602363,4832684,4397.7804586506245,4389.75981551459,4263.306523099926,41.1792069748678,-39.345711005025805,-10.006803300624169,-29.338907704401635,2554786.65,False,False,False,False,False,False,False,False,False
2025-01-06,4396.22925930374,4396.281259471848,4379.23763165896,4379.289631827068,4232529,4398.522729922817,4392.8104065831,4264.159340075861,49.890824500022205,-33.40215316904323,-14.685873274307983,-18.716279894735248,2651702.75,False,False,False,False,False,False,False,False,False
2025-01-07,4325.540531420902,4331.097949157243,4315.475790879371,4321.033208615712,2416549,4399.188089217047,4392.833655369907,4264.574477802429,46.4563355717447,-33.01210425834961,-18.35111947111631,-14.6609847872333,2662526.7,False,False,False,False,False,False,False,False,False
2025-01-08,4300.600642606471,4316.802198991268,4272.352131889611,4288.553688274407,1615001,4389.15497623778,4392.750839684126,4264.748240197154,44.61239283113397,-34.92126295374237,-21.665148167641522,-13.256114786100849,2619387.85,False,False,False,False,False,False,False,False,False
2025-01-09,4316.231235583174,4340.338426718756,4266.635216941404,4290.742408076986,3015679,4379.1070637216235,4392.855796682433,4264.935248599168,44.77147853041704,-35.84448071711995,-24.501014677537206,-11.343466039582744,2626104.7,False,False,False,False,False,False,False,False,False
2025-01-10,4397.75048693978,4403.882264469705,4358.198073545065,4364.32985107499,486661,4373.8461343770305,4394.787629382779,4265.6452100454235,49.97398550481398,-30.289091993804504,-25.658630140790667,-4.630461853013838,2616918.45,False,False,False,False,False,False,False,False,False
2025-01-13,4429.845445790183,4539.8127383528035,4354.841930114363,4464.809222676984,1791028,4377.512205708494,4398.316010143966,4267.057720773307,56.06042104147537,-17.57595617687275,-24.042095348007088,6.466139171134337,2664979.4,False,False,False,False,True,False,True,False,False
2025-01-14,4420.208374963962,4432.0390810087565,4395.125694177344,4406.956400222138,3181014,4376.278473486721,4400.683411750674,4268.042922741256,52.12791160949878,-12.030266303288954,-21.639729539063463,9.60946323577451,2675604.4,False,False,False,False,False,False,True,False,False
2025-01-15,4432.989862632671,4438.968724834151,4416.354028277986,4422.332890479465,2869305,4373.581029181621,4403.228666928827,4269.1218735646,53.070190704744896,-6.321640925358224,-18.576111816322417,12.254470890964193,2683800.5,False,False,False,False,False,False,True,False,False
2025-01-16,4451.082426755482,4494.055819827748,4421.408416549383,4464.381809621649,2445025,4370.50602332756,4404.916773922763,4270.477845342774,55.641511290158455,1.5773000393537586,-14.545429445187184,16.12272948454094,2698119.75,False,False,False,False,False,False,True,False,False
2025-01-17,4432.017047726074,4441.684571813268,4423.665564197871,4433.333088285065,4134190,4366.862548413948,4408.684368041924,4271.600984949273,53.318461015147335,5.271132995802873,-10.582116956989172,15.853249952792044,2796868.65,False,False,False,False,False,False,True,False,False
2025-01-20,4513.708175598685,4542.039230734233,4458.864349657305,4487.195404792853,1793978,4370.178829119934,4411.262736601903,4273.077659057791,56.69609614262816,12.401800782863575,-5.985333409018622,18.387134191882197,2804870.35,False,False,False,False,False,False,True,False,False
2025-01-21,4345.663378507818,4383.071687144174,4329.345135881049,4366.753444517404,4085038,4362.478026858196,4412.990903139857,4273.714909299012,48.28327330550192,8.23926958798529,-3.14041280961784,11.37968239760313,2940065.95,False,False,False,False,False,False,False,False,False
2025-01-22,4523.610697008652,4559.772310829083,4475.131547523397,4511.293161343828,3718903,4366.293158803527,4416.368200874346,4275.320167758774,56.605143080940636,16.414366209627588,0.7705429942312456,15.643823215396342,3049160.6,False,False,False,False,False,False,True,False,False
2025-01-23,4450.343382660422,4506.651945524866,4406.535554685189,4462.844117549633,3688555,4367.482995718643,4416.641649948244,4276.578717757371,53.49766951035306,18.767417149444555,4.369917825273908,14.397499324170646,3022737.95,False,False,False,False,False,False,True,False,False
2025-01-24,4464.944377678453,4527.985680046338,4438.996462336572,4502.037764704457,2938420,4372.2614172200265,4419.614114866047,4278.081778070352,55.62019116657828,23.523660625760385,8.200666385371203,15.322994240389182,3082925.05,False,False,False,False,False,False,True,False,False
2025-01-27,4446.587436526052,4453.979363739197,4425.038807713153,4432.430734926297,2152569,4380.360368796002,4423.698382662353,4279.103956592576,51.154550333767354,21.429288773040753,10.846390862905114,10.582897910135639,3061174.65,False,False,False,False,False,False,True,False,False
2025-01-28,4474.581258116817,4534.729502284136,4459.513070005185,4519.661314172505,1762932,4394.324585630655,4426.402367254098,4280.686570787181,55.929805844012186,26.50275545196928,13.977663780717949,12.52509167125133,2916076.25,False,False,False,False,False,False,True,False,False
2025-01-29,4566.191541760426,4644.528829026107,4491.666817767561,4570.004105033242,3749203,4410.4748190060445,4430.937569065827,4282.577535063299,58.45417631300429,34.19161715851624,18.02045445627761,16.17116270223863,2897694.2,False,False,False,False,False,False,True,False,False
2025-01-30,4671.294025530701,4704.380620181643,4655.102540299198,4688.18913495014,3784760,4431.488861358423,4437.472536534255,4285.211376621005,63.709621278197744,49.2538716836998,24.267137901762048,24.98673378193775,2934701.15,False,False,False,False,False,False,True,False,False
2025-01-31,4666.62314750752,4688.227167900128,4649.616389678898,4671.220410071505,4574894,4452.369589560816,4444.005096942776,4287.7017574819765,62.48741061179894,59.139855191075185,31.24168135962468,27.898173831450507,2921811.65,False,False,False,False,False,False,True,False,False
2025-02-03,4688.571833839675,4704.121585764742,4664.758539403117,4680.308291328184,4300261,4467.420522535873,4450.5386342242455,4290.218466032273,62.897933396077725,66.93628458979674,38.38060200565909,28.55568258413765,2925198.25,False,False,False,False,False,False,True,False,False
2025-02-04,4607.519022766025,4694.3134896704305,4509.590367501833,4596.384834406238,2090509,4481.188103825399,4455.9598752795,4292.168570289432,56.72437774843807,65.5870428589551,43.82189017631829,21.76515268263681,2908896.25,False,False,False,False,False,False,True,False,False
2025-02-05,4767.73740438622,4832.8755921083275,4685.718216139919,4750.856403862026,2749228,4504.30323960478,4460.869823372595,4295.071657843689,63.77268755733738,76.10503231008079,50.27851860307079,25.826513707009994,2965607.6,False,False,False,False,False,False,True,False,False
2025-02-06,4748.557802224419,4799.195887285483,4694.130870062148,4744.7689551232115,2269890,4527.004566957091,4465.592324609484,4297.89994273224,63.33490722742752,82.99272007399031,56.8213588972547,26.171361176735616,2928318.15,False,False,False,False,False,False,True,False,False
2025-02-07,4805.238014455391,4843.999007263211,4756.779706028206,4795.540698836026,3650421,4548.565109345143,4470.8273533450665,4301.010197457888,65.46432520364445,91.49343824703192,63.75577476721014,27.737663479821776,3086506.15,False,False,False,False,False,False,True,False,False
2025-02-10,4754.1797840883455,4826.880242939416,4680.206721117914,4752.907179968985,3860159,4562.970007209742,4471.044568350403,4303.817011013858,62.19772195010523,93.70992034481424,69.74660388273097,23.96331646208327,3189962.7,False,False,False,False,False,False,True,False,False
2025-02-11,4770.790526561479,4776.380483157892,4756.327603394188,4761.917559990601,4141697,4580.718065198166,4471.716743883879,4306.64479218038,62.62222590565381,95.09733782662624,74.81675067151002,20.280587155116223,3237996.85,False,False,False,False,False,False,True,False,False
2025-02-12,4860.438438530019,4870.5024543667805,4815.2117543813965,4825.275770218158,3553017,4600.865209185101,4473.569950030226,4309.826577321717,65.55161531598338,100.15483168008268,79.88436687322455,20.27046480685813,3272182.45,False,False,False,False,False,False,True,False,False
2025-02-13,4720.303676529147,4777.359321274336,4660.6736324288995,4717.729277174089,3194394,4613.532582562722,4478.566441680265,4312.313788906182,57.337174647900135,94.39668261383213,82.78683002134606,11.609852592486064,3309650.9,False,False,False,False,False,False,True,False,False
2025-02-14,4727.549742681967,4729.884351266232,4714.751453239067,4717.086061823333,2896177,4627.720231239636,4486.9155199391935,4314.76695419659,57.29093384873371,88.75825596569757,83.98111521021636,4.777140755481213,3247750.25,False,False,False,False,False,False,True,False,False
2025-02-17,4708.8417937686345,4718.949795096626,4672.837204675926,4682.9452060039175,1361462,4637.507721300189,4493.285539931608,4316.984895472537,54.76626260568875,80.60570805959105,83.3060337800913,-2.7003257205002456,3226124.45,False,False,False,False,False,True,True,False,False
2025-02-18,4610.273349866519,4636.7866623657665,4572.579086711474,4599.092399210721,3967877,4649.124669034854,4499.112867461199,4318.674161961987,49.049131661431716,66.6106878412802,79.96696459232908,-13.356276751048881,3220266.4,False,False,False,False,False,False,True,False,False
2025-02-19,4545.46177229702,4627.609789518693,4444.554711058629,4526.702728280303,2565913,4649.895147381679,4499.8626030696105,4319.912427237692,44.70990384232097,49.11215764910867,73.79600320368499,-24.683845554576322,3162616.9,False,False,False,False,False,False,True,False,False
2025-02-20,4644.556116106486,4664.81296434229,4606.363895036164,4626.6207432719675,1353644,4658.083978667795,4502.561004767048,4321.727269344403,51.135670507890126,42.81346815145389,67.59949619323878,-24.78602804178489,3045871.35,False,False,False,False,False,False,True,False,False
2025-02-21,4492.836622776278,4545.20061978556,4471.413050851753,4523.777047861035,1090895,4659.170942825624,4503.645576964932,4322.915797453325,45.29995709461724,29.186639217074116,59.91692479800585,-30.730285580931735,2953495.1,False,False,False,False,False,False,True,False,False
2025-02-24,4477.15683563705,4487.6396022216695,4429.082470162843,4439.565236747462,2272938,4659.527667916682,4504.607125778926,4323.5979579170325,41.1580113897558,11.459986154388389,50.22553706928236,-38.76555091489397,2959513.55,False,False,False,False,False,False,False,False,False
2025-02-25,4418.787006483282,4437.494231376498,4400.1209777686145,4418.82820266183,2853290,4654.486012341149,4504.3510689390105,4324.151622130666,40.183662607158,-4.213251712431884,39.33777931293951,-43.551031025371394,3014031.45,False,False,False,False,False,False,False,False,False
2025-02-26,4486.450674212353,4486.890767613773,4465.615044444148,4466.055137845568,1905329,4649.288563981765,4504.146536164292,4324.97187366659,43.466102595934466,-12.67744892434348,28.934733665482916,-41.612182589826396,2921837.75,False,False,False,False,False,False,False,False,False
2025-02-27,4532.505673884973,4548.842857284375,4475.725613854623,4492.062797254025,1503125,4639.482247096959,4503.4701535753165,4325.932166330886,45.24796209186292,-17.08978503300932,19.729829925784472,-36.81961495879379,2807756.0,False,False,False,False,False,False,False,False,False
2025-02-28,4540.7644954510015,4545.32536916158,4519.286289873894,4523.847163584473,2513295,4632.113584772607,4503.82304511586,4327.063109172334,47.42873251875882,-17.81648313129608,12.220567314368362,-30.03705044566444,2704676.05,False,False,False,False,False,False,True,False,False
2025-03-03,4516.477171021704,4549.65724238048,4485.89737514062,4519.0774464993965,3793765,4624.052042531168,4505.787198232385,4328.154099725329,47.12539341799837,-18.563286900201092,6.063796471454472,-24.627083371655566,2679351.25,False,False,False,False,False,False,True,False,False
2025-03-04,4561.1289094063295,4593.090627796531,4509.674552989095,4541.636271379297,3130864,4621.31461437982,4506.204533864928,4329.360213689476,48.79348775940033,-17.137277761201403,1.423581624923297,-18.5608593861247,2731369.0,False,False,False,False,False,False,True,False,False
2025-03-05,4623.061575179783,4666.6525669774455,4593.600560153241,4637.191551950903,1429765,4615.631371784265,4510.248554455202,4331.08960323027,55.23561093377129,-8.202094056714486,-0.5015535114042595,-7.7005405453102265,2665395.85,False,False,False,False,False,False,True,False,False
2025-03-06,4687.992033167389,4690.5204687119785,4657.351881748341,4659.88031729293,2373895,4611.386939892751,4514.665213216113,4332.926422861906,56.63077830598431,0.7018071527936627,-0.2608813785646751,0.9626885313583378,2670596.1,False,False,False,False,True,False,True,False,False
2025-03-07,4619.275481286106,4672.393443575824,4594.51944392754,4647.637406217258,2743270,4603.991775261812,4519.488574646924,4334.67481721388,55.62336103522519,6.693157847622388,1.1299264666727376,5.5632313809496505,2625238.55,False,False,False,False,False,False,True,False,False
2025-03-10,4542.895362540762,4593.13862615072,4542.151517138787,4592.394780748745,3610396,4595.9661553008,4525.927436193762,4336.09868441573,51.197667509863365,6.904141598531169,2.284769493044424,4.619372105486745,2612750.4,False,False,False,False,False,False,True,False,False
2025-03-11,4502.901314607498,4576.03705318323,4442.746808623286,4515.882547199018,3413776,4583.664404661222,4531.437547588154,4337.0865078376155,45.766277926494524,0.8872225834693381,2.005260111129407,-1.1180375276600687,2576354.35,False,False,False,False,False,True,False,False,False
2025-03-12,4349.989744588595,4368.618361978087,4309.85491772963,4328.483535119121,2977483,4558.824792906269,4533.067229540027,4337.039497057734,35.75987706636204,-18.78620749548554,-2.153033410193583,-16.63317408529196,2547577.65,False,False,False,False,False,False,False,False,False
2025-03-13,4298.966123477944,4327.975453037147,4255.289602706764,4284.298932265967,2701321,4537.153275660863,4533.395042427295,4336.752863553431,33.879037677926476,-37.51047336904321,-9.224521401963509,-28.285951967079704,2522924.0,False,False,False,False,False,False,False,False,False
2025-03-14,4159.672577757239,4169.573832021353,4130.317216296024,4140.218470560138,1747563,4508.309896097704,4531.127294918025,4335.690515483197,28.597066793570193,-63.24661054714943,-20.028939231000695,-43.21767131614874,2465493.3,True,False,False,False,False,False,False,False,False
2025-03-17,4172.192730186574,4256.622548738879,4107.008183570014,4191.438002122319,3569998,4483.734535903624,4527.37026232393,4334.914964336094,32.618849071046554,-78.6036031341855,-31.743872011637656,-46.85973112254785,2575920.1,False,False,True,False,False,False,False,False,False
2025-03-18,4252.60620636494,4323.183287756714,4170.4403627756565,4241.017444167431,3964796,4465.830788151459,4525.769947034964,4334.412838559792,36.355756568483926,-85.78461217018321,-42.55202004334677,-43.23259212683644,2575766.05,False,False,False,False,False,False,False,False,False
2025-03-19,4384.130919320528,4402.6488568394025,4306.869335754056,4325.3872732729305,3093262,4455.76501540109,4526.506618734935,4334.364830233798,42.227478290922754,-83.70279969515286,-50.78217597370799,-32.92062372144487,2602133.5,False,False,False,False,False,False,False,False,False
2025-03-20,4323.857991390714,4377.9405272301,4299.615173056185,4353.697708895571,3688943,4442.118863682271,4527.765724751307,4334.467120597088,44.091405621402025,-78.85948964715317,-56.39763870839703,-22.461850938756136,2718898.45,False,False,False,False,False,False,False,False,False
2025-03-21,4315.981614654903,4366.25069976411,4209.753621969276,4260.022707078483,3131905,4428.931146643144,4525.679581871376,4334.075307894358,39.54506672484326,-81.63883958758106,-61.44587888423384,-20.192960703347218,2820948.95,False,False,False,False,False,False,False,False,False
2025-03-24,4301.240697966205,4353.416842365328,4256.16583014658,4308.341974545704,1940668,4422.369983533055,4522.550236908751,4333.940578400386,42.82022019432941,-79.0315073544898,-64.96300457828504,-14.068502776204767,2804335.45,False,False,False,False,False,False,False,False,False
2025-03-25,4230.613429250514,4243.451590527325,4214.425969502815,4227.264130779626,2603305,4412.791779938945,4518.9563915199005,4333.384971902361,39.002061268828456,-82.55582995258646,-68.48156965314533,-14.074260299441136,2791836.2,False,False,False,False,False,False,False,False,False
2025-03-26,4192.005900597418,4203.753702315221,4152.406540471693,4164.154342189496,2829679,4397.6967401561415,4513.792820554101,4332.508129261362,36.28958280340144,-89.41064327221648,-72.66738437695956,-16.743258895256915,2838053.7,False,False,False,False,False,False,False,False,False
2025-03-27,4126.585219665243,4134.131794001732,4103.105874194762,4110.65244853125,2692149,4378.626222720002,4506.7182333322935,4331.364543278218,34.122963574832724,-98.0302561276012,-77.7399587270879,-20.29029740051331,2897504.9,False,False,False,False,False,False,False,False,False
2025-03-28,4118.171338578567,4172.7780002474965,4079.369872416713,4133.976534085643,3580045,4359.132691245062,4500.731102248305,4330.352297077229,35.91914045324435,-101.80574933329171,-82.55311684832867,-19.252632484963044,2950842.4,False,False,False,False,False,False,False,False,False
2025-03-31,4236.292478717336,4247.280908891046,4190.395724315359,4201.384154489069,3242958,4343.248026644545,4495.014877242229,4329.6942963497395,40.931689667248264,-98.22633127897825,-85.68775973445858,-12.53857154451967,2923302.05,False,False,False,False,False,False,False,False,False
2025-04-01,4311.071109623442,4338.305862049031,4286.357852682886,4313.592605108475,4714263,4331.845843331004,4493.951660454051,4329.612561876433,48.19600703638568,-85.35145404993182,-85.62049859755322,0.2690445476214052,3002472.0,False,False,False,False,True,False,False,False,False
2025-04-02,4080.274298031473,4193.163472532204,4024.779635650593,4137.668810151324,1838457,4306.869706241025,4486.479173430201,4328.643148988933,39.90904578017312,-88.32544038786,-86.16148695561458,-2.163953432245421,3022906.6,False,False,False,False,False,True,False,False,False
2025-04-03,3914.62036588273,3946.115716718542,3895.6248538708155,3927.1202047066276,3487818,4270.23170061171,4475.76469517334,4326.625445751333,32.669119466270985,-106.44482908823011,-90.2181553821377,-16.226673706092413,3078602.75,False,False,False,False,False,False,False,False,False
2025-04-04,3845.707700440232,3891.669172313487,3822.046283133536,3868.0077550067904,2045391,4231.2502180511865,4463.084094979387,4324.3323572976105,30.97040287491346,-124.14340791399718,-97.0032058885096,-27.140202025487582,3043708.8,False,False,False,False,False,False,False,False,False
2025-04-07,3891.5509868482973,3917.381899455535,3866.208942201232,3892.0398548084695,1695649,4196.232471754172,4452.276277377031,4322.648902079703,32.5069296395025,-134.6779855521254,-104.53816182123276,-30.13982373089263,2947971.45,False,False,False,False,False,False,False,False,False
2025-04-08,4031.0914818406395,4111.180460062364,3975.654425871273,4055.7434040929966,4350512,4173.225514598871,4442.99791917544,4321.923762285856,41.980802803276745,-128.33780757010345,-109.2980909710069,-19.03971659909655,2994808.25,False,False,False,False,False,False,False,False,False
2025-04-09,4117.497574207901,4206.5778037217915,4058.7648837185993,4147.845113232489,1675176,4164.19359350454,4434.554739339425,4320.753591309125,46.52843713036105,-114.56074765203448,-110.35062230721242,-4.21012534482206,2929692.9,False,False,False,False,False,False,False,False,False
2025-04-10,4206.52510373346,4279.853443763098,4107.605776640979,4180.934116670616,1774246,4159.025352724772,4424.409638973835,4320.200147255341,48.10228495888956,-99.8216406311094,-108.24482597199183,8.423185340882426,2883339.15,False,False,False,False,True,False,False,False,False
2025-04-11,4110.898969511867,4154.570548877075,4097.481264311872,4141.15284367708,2662298,4159.0720713806195,4413.808287645947,4319.445148680285,46.336480624468614,-90.3097735386309,-104.65781548531966,14.348041946688753,2929075.9,False,False,False,False,False,False,False,False,False
2025-04-14,4211.709623589256,4286.144962835419,4135.0516970712915,4209.487036317455,4088895,4159.974523090376,4404.391862545732,4318.935611482276,49.748930315301976,-76.37712414114685,-99.0016772164851,22.624553075338255,2955020.75,False,False,False,False,False,False,False,False,False
2025-04-15,4251.359294545979,4278.034487390244,4217.761562336585,4244.43675518085,4944433,4160.145488641047,4397.352900961224,4318.145651643672,51.44941178742038,-61.802824400270765,-91.56190665324225,29.75908225297148,3004002.6,False,False,False,False,False,False,False,False,False
2025-04-16,4224.352977223062,4277.098211105392,4186.408180314389,4239.153414196719,1346970,4155.8337956872365,4387.118841167918,4317.635150610976,51.167527632885836,-50.101370899454196,-83.26979950248463,33.168428603030435,2916688.0,False,False,False,False,False,False,False,False,False
2025-04-17,4383.591720579753,4393.899570703349,4347.733441808696,4358.041291932292,2549984,4156.050974839073,4379.384287904099,4318.368722148207,56.89114223146177,-30.87867638971602,-72.7915748799309,41.912898490214886,2859740.05,False,False,False,False,False,False,False,False,False
2025-04-18,4292.7487828723715,4350.875768352999,4276.405546263602,4334.53253174423,3920249,4159.77646607236,4370.164124562263,4318.098356827034,55.505738386132336,-17.341609693216924,-61.70158184258811,44.35997214937119,2899157.25,False,False,False,False,False,False,False,False,False
2025-04-21,4313.029139896662,4338.09586706236,4238.867300690936,4263.934027856634,1084428,4157.556068737907,4360.384661520016,4317.750741045449,51.45348160883063,-12.169810059434894,-51.79522748595747,39.625417426522574,2856345.25,False,False,False,False,False,False,False,False,False
2025-04-22,4242.241634947934,4317.549149566121,4187.712310881196,4263.019825499383,2272529,4159.343853473894,4350.406706830192,4317.809428224558,51.401150078904585,-8.052070818623179,-43.046596152490615,34.994525333867436,2839806.45,False,False,False,False,False,False,False,False,False
2025-04-23,4330.837739615111,4377.4149509514245,4289.991151899254,4336.568363235568,3782549,4167.964554526197,4340.6325586905405,4318.1880747753785,55.3367869198934,1.13295946944163,-34.210685028104166,35.343644497545796,2887449.95,False,False,False,False,False,False,False,False,False
2025-04-24,4366.096389525123,4398.190817601904,4333.940523550485,4366.034951627265,4269573,4180.733679681,4333.598672179603,4318.978413889568,56.84465757581343,10.666908091400728,-25.235166404203188,35.90207449560391,2966321.15,False,False,False,False,False,False,True,False,False
2025-04-25,4509.803460082448,4535.571654667042,4486.539341663974,4512.307536248568,2587056,4199.650229789145,4329.503101668109,4320.401277096973,63.44258285722899,29.68343404031657,-14.251446315299237,43.9348803556158,2916671.7,False,False,False,False,False,False,True,False,False
2025-04-28,4634.904741908937,4663.263582867817,4561.645370195853,4590.004211154733,4926408,4219.081232622428,4327.644281771125,4322.20404826485,66.38267013541312,50.442174203175455,-1.3127222116042994,51.75489641477975,3000844.2,False,False,False,False,False,False,True,False,False
2025-04-29,4505.184437601307,4514.823856377918,4491.761922497842,4501.4013412744525,3318058,4228.471669430726,4325.6904606124,4323.780101248608,60.41556613436246,59.063269620057326,10.762476154728025,48.3007934653293,2931033.95,False,False,False,False,False,False,True,False,False
2025-04-30,4672.399535059188,4702.663576440805,4617.16663469551,4647.430676077127,1366473,4253.959762727018,4328.1050195683365,4325.903805533666,65.8621268742556,76.79366715748438,23.968714355279296,52.82495280220508,2907434.75,False,False,False,False,False,False,True,False,False
2025-05-01,4742.226801437132,4788.846733882042,4720.673078138051,4767.293010582961,4353961,4295.968403020834,4330.918464914555,4328.533171688328,69.5639336333631,99.37153046325693,39.04927757687483,60.3222528863821,2950741.9,False,False,False,False,False,False,True,False,False
2025-05-02,4783.924937324334,4813.54842086121,4741.285556464475,4770.909040001351,2511403,4341.113467270561,4335.861104757362,4331.232831314365,69.67078310706736,116.21675869958017,54.4827738014159,61.733984898164266,2974042.5,False,False,False,False,False,False,True,False,False
2025-05-05,4819.8924580342145,4826.108723791758,4814.800915350044,4821.017181107588,3480008,4387.562333585518,4343.490143644564,4334.565800947593,71.18061829971926,132.08741021287005,70.00370108370673,62.083709129163324,3063260.45,False,True,False,False,False,False,True,False,False
2025-05-06,4803.250410406163,4823.787862531126,4744.651227497834,4765.188679622797,4236755,4423.034597362008,4350.417353183784,4337.44152705169,67.16856425117176,138.56285603546075,83.71553207405753,54.84732396140322,3057572.6,False,False,False,True,False,False,True,False,False
2025-05-07,4764.907551304125,4771.859103647414,4759.6015107241665,4766.553063067455,3538093,4453.969994853755,4356.427311688222,4340.195652650525,67.21719559548691,142.16598684321252,95.40562302788854,46.760363815323984,3150718.45,False,False,False,False,False,False,True,False,False
2025-05-08,4818.393194404116,4840.26532510491,4747.497543521705,4769.369674222498,2543536,4483.39177273135,4361.973449227591,4342.972202788688,67.32479746701705,143.5935142993385,105.04320128217854,38.55031301715995,3189182.95,False,False,False,False,False,False,True,False,False
2025-05-09,4697.894025348455,4720.746819723979,4697.203041171401,4720.055835546925,4376568,4512.336922324843,4365.89762266684,4345.113414152571,63.401086388251244,139.14168669341598,111.86289836442604,27.278788328989933,3274896.45,False,False,False,False,False,False,True,False,False
2025-05-12,4669.0361003063335,4685.973243179528,4660.796089905033,4677.733232778228,1694850,4535.749232147881,4369.070738392417,4347.328379679169,60.16051387558774,130.6919652805218,115.6287117476452,15.063253532876601,3155194.2,False,False,False,False,False,False,True,False,False
2025-05-13,4715.4818844822175,4733.987572461435,4681.996703556928,4700.502391536145,3370766,4558.552513965646,4372.248060795554,4349.944589181266,61.30635392979469,124.3987891994775,117.38272723801167,7.016061961465837,3076510.85,False,False,False,False,False,False,True,False,False
2025-05-14,4675.700875939124,4686.29903107039,4657.842240144453,4668.440395275719,4508697,4580.016863019597,4372.87303766205,4352.291847538921,58.744209583553186,115.4929359961252,117.00476898963437,-1.5118329935091737,3234597.2,False,False,False,False,False,True,True,False,False
2025-05-15,4556.61495970793,4626.847543291965,4522.271231747279,4592.5038153313135,3995650,4591.739989189547,4371.525507622818,4354.39915098173,53.08547916509919,101.14163795239347,113.8321427821862,-12.69050482979273,3306880.5,False,False,False,False,False,False,True,False,False
2025-05-16,4433.136220696617,4459.3938916764755,4414.0548042296705,4440.312475209529,2350503,4597.028986362811,4367.379009002663,4355.893650457125,43.94816987214527,76.60451249015478,106.38661672377992,-29.782104233625148,3228393.2,False,False,False,False,False,False,True,False,False
2025-05-19,4305.187123233309,4318.810307217472,4259.635201624954,4273.258385609117,3241953,4597.4952042504365,4360.99628109987,4356.140791479794,36.517961908676654,43.18103083520327,93.7454995460646,-50.56446871086132,3336269.45,False,False,False,False,False,False,False,False,False
2025-05-20,4278.106331423085,4336.28214309766,4235.606603299305,4293.78241497388,1237633,4599.033333724161,4356.554278455368,4356.025765031193,37.906933871279186,18.13969534734224,78.62433870632013,-60.48464335897789,3284524.65,False,False,False,False,False,False,False,False,False
2025-05-21,4143.204633566038,4146.737015425191,4132.350475441134,4135.8828573002875,4291672,4588.999058427396,4352.702264898991,4355.726115889707,32.08975986803503,-14.282280878901474,60.043014789275816,-74.32529566817729,3309980.8,False,False,False,False,False,False,False,False,True
2025-05-22,4167.3993010123995,4194.675238441162,4146.002957713273,4173.278895142035,4045116,4579.361255603135,4350.4818641565125,4355.656236419661,34.647661789284484,-36.538193355061594,40.726773160408335,-77.26496651546992,3298757.95,False,False,False,False,False,False,False,False,False
2025-05-23,4096.730542717246,4124.6176456429375,4092.4135587853393,4120.300661711031,1796319,4559.760911876258,4350.083507979531,4355.422706746318,32.76482350558359,-57.78495601486884,21.024427325352903,-78.80938334022174,3259221.1,False,False,False,False,False,False,False,False,False
2025-05-26,4155.983695219114,4164.658701746762,4138.446532729703,4147.12153925735,4160022,4537.61677828139,4349.197178722231,4355.597721268287,34.6995321657794,-71.63320483563894,2.4929008931545376,-74.12610572879348,3220901.8,False,False,False,False,False,False,False,False,False
2025-05-27,4171.436571651101,4213.715359487656,4148.582385032321,4190.861172868877,4566924,4522.089769861111,4348.19405329626,4355.832325169508,37.84084348913473,-78.17743806995986,-13.641166899468343,-64.53627117049152,3283345.1,False,False,False,False,False,False,False,False,False
2025-05-28,4132.112296818254,4197.877933156316,4109.843677396039,4175.609313734101,3344987,4498.49870174396,4345.198494105483,4355.773087391315,37.16939529397194,-83.63044787888339,-27.639023095351355,-55.99142478353203,3382270.8,False,False,False,False,False,False,False,False,False
2025-05-29,4142.344967223874,4224.703736355081,4107.4915507609685,4189.850319892175,2609120,4469.6265672094205,4341.921546325415,4355.861648769688,38.270795005005844,-85.8136607948727,-39.27395063525563,-46.53971015961707,3295028.75,False,False,False,False,False,False,False,False,False
2025-05-30,4137.696042978991,4177.355703631331,4121.714419418059,4161.3740800704,3489107,4439.149819212873,4339.948573785255,4356.242020576981,36.87867807567266,-88.8178306630407,-49.182726640812646,-39.63510402222805,3343913.95,False,False,False,False,False,False,False,False,False
2025-06-02,4110.639440695514,4149.489095513027,4065.072360778108,4103.92201559562,2510709,4403.295060937274,4335.860174606252,4356.360593205034,34.17748277940851,-94.74242666414739,-58.294666645479595,-36.44776001866779,3295449.0,False,False,False,False,False,False,False,False,False
2025-06-03,4141.024152553558,4157.287281442716,4102.211239279926,4118.474368169084,1939628,4370.959345364588,4333.684379354041,4356.236612853032,35.46684747172701,-97.14364695357926,-66.06446270709954,-31.079184246479727,3180592.65,False,False,False,False,False,False,False,False,False
2025-06-04,4041.497421289048,4078.8786189252664,4014.1368819374384,4051.518079573657,3625433,4335.207596189899,4331.431654101725,4355.920722860579,32.328969859273315,-103.25913718848369,-73.50339760337637,-29.75573958510732,3184959.65,False,False,False,False,False,False,False,False,False
2025-06-05,4100.8858226519205,4136.213144145569,4057.4183129920725,4092.7456344857205,3328672,4301.37639420306,4331.073517820813,4355.742483137011,36.07902532741071,-103.58492558821763,-79.51970320034462,-24.065222387873007,3224216.45,False,False,False,False,False,False,False,False,False
2025-06-06,4097.626847443438,4110.966675537106,4078.4061043691786,4091.745932462847,4122907,4269.960899048856,4330.228905788358,4355.5331398136,36.0268903299396,-102.73946622700623,-84.16365580567694,-18.575810421329294,3211533.4,False,False,False,False,False,False,False,False,False
2025-06-09,4115.899005538722,4178.965090410778,4079.583314421966,4142.649399294022,3143748,4243.206707374646,4329.054210684457,4355.57186694729,40.72384189575461,-96.84557374690849,-86.70003939392325,-10.145534352985237,3283978.3,False,False,False,False,False,False,False,False,False
2025-06-10,4130.816415201828,4134.2391049011285,4070.2668383634755,4073.6895280627755,3095045,4211.866064200977,4324.256149143543,4355.078525198454,36.78373332420264,-96.62527080519976,-88.68508567617856,-7.940185129021202,3270192.25,False,False,False,False,False,False,False,False,False
2025-06-11,4045.6363949071742,4057.8531849071296,3996.6038248861287,4008.820614886084,2962729,4178.885075181495,4321.6791852382385,4354.225327755973,33.500266919276925,-100.52625421476387,-91.05331938389563,-9.47293483086824,3192893.85,False,False,False,False,False,False,False,False,False
2025-06-12,4024.8339728356186,4067.8821701429815,3988.612176736781,4031.6603740441437,3264365,4150.842903117137,4323.769988624988,4353.239849281664,35.6773755975741,-100.61500681973666,-92.96565687106384,-7.649349948672821,3156329.6,False,False,False,False,False,False,False,False,False
2025-06-13,4041.5917524305787,4082.8640738280164,4017.4924037543483,4058.764725151786,2968341,4131.76551561425,4327.5851280278885,4352.255531277898,38.26055806435296,-97.37576211339638,-93.84767791953035,-3.5280841938660217,3187221.5,False,False,False,False,False,False,False,False,False
2025-06-16,4039.917655616874,4059.7874570944628,3991.640599688676,4011.5104011662647,2898439,4118.678116392107,4329.974538955044,4350.838974115743,35.5779370949255,-97.49777273703603,-94.5776968830315,-2.920075854004523,3170045.8,False,False,False,False,False,False,False,False,False
2025-06-17,4023.436064142063,4043.246057269371,3983.2587140414653,4003.068707168773,4142763,4104.142431001852,4328.921045016559,4349.420276899131,35.10441258945798,-97.15569086376672,-95.09329567917855,-2.062395184588169,3315302.3,False,False,False,False,False,False,False,False,False
2025-06-18,4104.243605589292,4115.05194862324,4084.49809285877,4095.306435892718,2966835,4102.113609931474,4327.870271469765,4348.420729709179,43.891658953156714,-88.4224951860615,-93.75913558055515,5.3366403944936565,3249060.45,False,False,False,False,True,False,False,False,False
2025-06-19,4105.089659831766,4129.92001155314,4068.433364104948,4093.263715826322,2551547,4098.112850965687,4326.1168634528785,4347.5546288707155,43.75037126601295,-80.73553612550768,-91.15441568954566,10.41887956403798,3174382.0,False,False,False,False,False,False,False,False,False
2025-06-20,4135.67541789556,4203.116716271402,4094.338824385535,4161.780122761377,2240130,4100.186824018205,4326.529409034564,4347.700068485696,49.609600985526185,-68.32723048352591,-86.58897864834171,18.2617481648158,3196572.55,False,False,False,False,False,False,False,False,False
2025-06-23,4140.2518484134725,4187.63215684837,4100.662625081447,4148.042933516344,3636397,4100.232893731155,4325.300526978543,4347.687078274779,48.518374024093916,-58.92280975811809,-81.05574487029699,22.1329351121789,3170391.3,False,False,False,False,False,False,False,False,False
2025-06-24,4178.280655841874,4246.693297126848,4139.374234869099,4207.786876154073,3294552,4101.079178895415,4324.567529398007,4348.073038042863,53.32674658535716,-46.11729029265916,-74.06805395476943,27.950763662110262,3106772.7,False,False,False,False,False,False,False,False,False
2025-06-25,4168.727419865604,4236.153047761848,4119.26471370619,4186.690341602434,1670383,4101.633230288831,4323.518267946121,4348.760829405008,51.49765588613256,-37.2418371680842,-66.70281059743239,29.460973429348186,3023042.5,False,False,False,False,False,False,False,False,False
2025-06-26,4291.345230460151,4296.199582860686,4280.22292743082,4285.077279831356,3885027,4106.39457828579,4322.058987704103,4349.8203919228245,58.6251601581118,-22.01519549190016,-57.765287576325946,35.75009208442579,3086837.85,False,False,False,False,False,False,False,False,False
2025-06-27,4262.459478841586,4305.763424231782,4230.69541868747,4273.999364077666,2543703,4112.025842486153,4320.848324350771,4350.683816567258,57.5988146184625,-10.71831343544818,-48.355892748150396,37.637579312702215,3039567.65,False,False,False,False,False,False,False,False,False
2025-06-30,4255.880551803055,4285.577001701673,4190.980484384938,4220.676934283556,2420496,4117.8635884205505,4319.98318247931,4351.3600038132445,52.80661962734476,-5.99897501655596,-39.88450920183151,33.88553418527555,3035057.0,False,False,False,False,False,False,False,False,False
2025-07-01,4223.736546526632,4267.150791102376,4198.587030966583,4242.001275542328,2225117,4124.039933789212,4319.562811480168,4352.456138668318,54.43915674762282,-0.5320362116926844,-32.014014603803744,31.48197839211106,3049331.45,False,False,False,False,False,False,False,False,False
2025-07-02,4328.843784490424,4382.3718365102195,4300.123548291488,4353.651600311284,3342371,4139.1466098260935,4319.904476221683,4354.109042188726,61.8754392123208,12.663819656441774,-23.07844775175464,35.74226740819641,3035178.35,False,False,False,False,False,False,True,False,False
2025-07-03,4438.693558884942,4517.268841225904,4331.644591459048,4410.21987380001,1821136,4155.020321791808,4320.788174665137,4356.070073240732,64.99301124018604,27.37070496355136,-12.98861720869344,40.3593221722448,2959801.55,False,False,False,False,False,False,True,False,False
2025-07-04,4441.17133884944,4500.6926724111045,4344.269948847345,4403.79128240901,1837556,4170.622589289116,4318.617849588347,4357.724059696323,64.3490182292509,38.06845448108106,-2.7772028707385417,40.845657351819604,2845534.0,False,False,False,False,False,False,True,False,False
2025-07-07,4386.908128503164,4419.461081846373,4364.8142969864475,4397.367250329657,3369342,4183.358481840898,4314.765110371845,4359.258452872996,63.67008589451947,45.50359522516737,6.878956748442642,38.62463847672473,2856813.7,False,False,False,False,False,False,True,False,False
2025-07-08,4433.095987406821,4446.575573005665,4418.253766059713,4431.733351658557,2645847,4201.260673020687,4313.3717505795275,4360.934633217347,65.75183832873742,53.55174383181202,16.213514165116518,37.3382296666955,2834353.8,False,False,False,False,False,False,True,False,False
2025-07-09,4482.19060997633,4514.263057830186,4455.859788843218,4487.932236697074,2226637,4225.216254111237,4310.1817817919255,4362.707276476249,68.89112602666395,63.73009902434387,25.71683113696199,38.013267887381886,2797549.2,False,False,False,False,False,False,True,False,False
2025-07-10,4512.001946990948,4547.60194886793,4468.314465788779,4503.914467665761,3512234,4248.828958792317,4304.914210933583,4364.380742646595,69.74059709828431,72.25326070232768,35.02411705003513,37.22914365229255,2809942.65,False,False,False,False,False,False,True,False,False
2025-07-11,4486.128544870931,4550.720889996096,4458.100082245664,4522.692427370829,1510580,4272.0253439032695,4299.949878680972,4366.2281781120355,70.75117187919422,79.60550939286259,43.940395518600624,35.66511387426196,2737054.6,False,True,False,False,False,False,True,False,False
2025-07-14,4500.2717221096955,4513.300027595626,4496.8128312595845,4509.841136745515,1630243,4296.941880682231,4293.72635779373,4367.849372295665,69.05150322453719,83.43345872282589,51.83900815944568,31.594450563380207,2673644.8,False,False,False,True,False,False,True,False,False
2025-07-15,4501.92210743923,4555.24838963745,4442.953000597081,4496.279282795301,2929835,4321.602409463559,4288.34816985718,4369.427323906557,67.21639021348722,84.39989838163638,58.35118620388383,26.04871217775255,2612998.4,False,False,False,False,False,False,True,False,False
2025-07-16,4443.877077659622,4463.041250951958,4434.2077510499175,4453.371924342254,2441431,4339.5056838860355,4282.084547082676,4370.732336533587,61.63532890191674,80.77244902540042,62.835438768187146,17.937010257213274,2586728.2,False,False,False,False,False,False,True,False,False
2025-07-17,4441.5313057251315,4529.168850512671,4397.390445409999,4485.027990197539,2287793,4359.093897604596,4276.397713402177,4372.107020827911,64.009640113041,79.53521676010496,66.17539436657071,13.359822393534245,2573540.5,False,False,False,False,False,False,True,False,False
2025-07-18,4428.221006057821,4539.919140194559,4344.773315617204,4456.471449753943,1293625,4373.828463954224,4271.126025686318,4373.38056037542,60.37945566043168,75.38147638284772,68.01661076982612,7.364865613021607,2526215.25,False,False,False,False,False,False,True,False,False
2025-07-21,4453.554120508392,4513.667541137256,4420.163870261141,4480.277290890005,3571358,4390.440181822907,4267.176906848553,4374.882553483633,62.29900273536328,73.16711468066114,69.04671155199313,4.120403128668016,2522963.3,False,False,False,False,False,False,True,False,False
2025-07-22,4424.479457815585,4452.789998843405,4416.920755510201,4445.231296538021,3123305,4402.312402842104,4262.07148494859,4376.304281681746,57.85514777964508,67.80271078128953,68.79791139785242,-0.9952006165628831,2514400.95,False,False,False,False,False,True,True,False,False
2025-07-23,4437.828173808639,4493.066258116875,4398.152293602351,4453.390377910588,2938889,4415.647404657512,4257.770484601288,4377.95968732018,58.59562646179423,63.4780166587243,67.7339324500268,-4.255915791302499,2577826.25,False,False,False,False,False,False,True,False,False
2025-07-24,4411.498090454563,4430.009770984085,4390.969950974488,4409.48163150401,3311543,4421.867622241145,4254.110040924742,4379.474659999063,53.18042876645808,55.86363532047835,65.3598730241171,-9.496237703638755,2549152.05,False,False,False,False,False,False,True,False,False
2025-07-25,4404.95022312504,4426.741818019535,4347.326779223249,4369.118374117744,1482951,4426.623572743149,4252.686158902906,4380.5674439359445,48.722825315278676,46.04146832300012,61.49619208389372,-15.4547237608936,2496114.45,False,False,False,False,False,False,True,False,False
2025-07-28,4365.41331308076,4409.893988669068,4324.474967607412,4368.955643195719,2965576,4434.037508188757,4254.600104054638,4381.5998776465285,48.705100055961786,37.80836785742849,56.758627238600674,-18.95025938117218,2523368.45,False,False,False,False,False,False,True,False,False
2025-07-29,4355.649123569726,4380.623460463991,4334.266779735947,4359.241116630213,3553461,4439.899500243151,4255.909278087765,4382.289732546939,47.59200970879482,30.152120440630824,51.43732587900671,-21.285205438375883,2589785.65,False,False,False,False,False,False,True,False,False
2025-07-30,4289.6901783257945,4301.344263169545,4277.4381041827555,4289.092189026506,2953386,4436.671529678913,4258.9734647222895,4383.124217629363,40.41023984791648,18.214096240386425,44.79267995128266,-26.578583710896233,2570336.4,False,False,False,False,False,False,True,False,False
2025-07-31,4307.719402665063,4332.142173842142,4255.278245363312,4279.701016540391,2569520,4430.145586815932,4261.101907150256,4383.589974348457,39.549790923603936,7.904221967907688,37.414988354607665,-29.510766386699977,2607755.6,False,False,False,False,False,False,True,False,False
2025-08-01,4283.193506474197,4288.852759256188,4274.722284246979,4280.381537028969,2688983,4423.97509954693,4264.303524656615,4383.81853576719,39.650071425653884,-0.2091049241807923,29.890169698849977,-30.09927462303077,2650326.95,False,False,False,False,False,False,True,False,False
2025-08-04,4192.458403776922,4204.763437118367,4180.4368229871125,4192.741856328557,1620991,4413.743829846874,4265.215930998039,4383.648444656825,32.233954816079006,-13.554516705487913,21.2012324179824,-34.75574912347031,2562909.4,False,False,False,False,False,False,False,False,False
2025-08-05,4218.336034472557,4225.372940129963,4190.620503182634,4197.65740884004,1979082,4402.040032705949,4265.351855717463,4383.037377854649,32.991000255995544,-23.46373238274191,12.268239457837538,-35.73197184057945,2529571.15,False,False,False,False,False,False,False,False,False
2025-08-06,4155.745943496488,4187.27313625971,4096.535786546428,4128.0629793096505,3435099,4384.046569836578,4264.400929028973,4382.2142203883795,28.189433437817897,-36.51166232167361,2.5122591019353093,-39.02392142360892,2589994.25,True,False,False,False,False,False,False,False,False
2025-08-07,4027.5830375945097,4063.3865736514217,3982.675665946911,4018.479202003823,1655758,4359.7748065534815,4260.973506671206,4380.87914360759,22.609439158930044,-55.06003795837569,-9.00220031012689,-46.0578376482488,2497170.45,True,False,False,False,False,False,False,False,False
2025-08-08,4005.905129182657,4048.268399608825,3953.2849035473214,3995.648173973489,2154769,4333.422593883614,4257.6589885492685,4379.51869339717,21.64798460452046,-70.78605486182005,-21.358971220465524,-49.42708364135453,2529379.9,True,False,False,False,False,False,False,False,False
2025-08-11,3933.8083556013685,3944.750538007503,3915.195497572215,3926.1376799783498,1828332,4304.237421045256,4254.103301836923,4377.707430873973,18.999000690208973,-87.8453262602925,-34.65624222843092,-53.189084031861576,2539284.35,True,False,False,False,False,False,False,False,False
2025-08-12,3923.18472866491,3964.958941933277,3878.1287054605996,3919.9029187289666,1934909,4275.418602841939,4250.13187284812,4375.864013868184,18.77705664212317,-100.7071258173346,-47.86641894621165,-52.84070687112295,2489538.05,True,False,False,False,False,False,False,False,False
2025-08-13,4115.329868577078,4147.106698793015,4012.4904252406445,4044.2672554565825,2126211,4254.963369397656,4249.986856365779,4374.609999487608,35.07057922614,-99.7155729584847,-58.23624974866626,-41.47932320981844,2473777.05,False,False,True,False,False,False,False,False,False
2025-08-14,3963.0195724310647,4033.9612443314068,3915.55001917222,3986.491691072562,4084083,4230.036554441406,4247.861777497516,4372.642575643347,31.87185615883925,-102.41123243066431,-67.07124628506588,-35.33998614559843,2563591.55,False,False,False,False,False,False,False,False,False
2025-08-15,3977.5924036011534,3996.001372879165,3968.9184898447575,3987.327459122769,2425245,4206.579354909847,4245.773408030715,4371.354446027325,31.968521294738622,-103.28946582018307,-74.31489019208932,-28.974575628093746,2620172.55,False,False,False,False,False,False,False,False,False
2025-08-18,3911.642618909393,3917.3351079431436,3902.336883498643,3908.0293725323936,2212763,4177.966958991967,4241.081007495482,4369.103208006018,27.92061935067666,-109.12622577279672,-81.2771573082308,-27.849068464565917,2552242.8,True,False,False,False,False,False,False,False,False
2025-08-19,3822.984222081279,3876.138259271006,3792.7845263964923,3845.9385635862195,3786607,4148.002322344377,4236.525988205951,4366.931175235851,25.227077824456785,-117.40869510148696,-88.50346486688204,-28.905230234604915,2585407.9,True,False,False,False,False,False,False,False,False
2025-08-20,3836.6992943080377,3872.583030751799,3739.4588552758282,3775.3425917195896,3617209,4114.099933034827,4231.85642774262,4364.095746821352,22.561980167769875,-128.1914059198616,-96.44105307747796,-31.75035284238365,2619323.9,True,False,False,False,False,False,False,False,False
2025-08-21,3754.7146345945494,3771.6076337538602,3748.3328335710726,3765.2258327303834,3734456,4081.887143096146,4226.527736916345,4360.67601766573,22.200032357250322,-135.98556290866873,-104.34995504371612,-31.635607864952604,2640469.55,True,False,False,False,False,False,False,False,False
2025-08-22,3669.9284328451067,3700.8546615385394,3613.537530636922,3644.4637593303546,1507142,4045.6544123567764,4218.241717599917,4357.13126386831,18.40454415106683,-150.17584489011642,-113.51513301299619,-36.660711877120235,2641679.1,True,False,False,False,False,False,False,False,False
2025-08-25,3638.0593177597216,3641.436471727213,3636.9916116720647,3640.368765639556,2850429,4009.225068478968,4210.818884889382,4354.192020970952,18.290350116524976,-159.90884770686853,-122.79387595177066,-37.11497175509787,2635921.75,True,False,False,False,False,False,False,False,False
2025-08-26,3655.85322994858,3666.3430744060083,3602.447822774637,3612.9376672320655,3189988,3971.909896009061,4203.016264090648,4350.334398884187,17.5067430323044,-167.9003324339028,-131.8151672481971,-36.085165185705705,2617748.1,True,False,False,False,False,False,False,False,False
2025-08-27,3641.1592139901704,3659.7398181186645,3614.019643456559,3632.6002475850532,5252281,3939.085298936988,4193.762140324496,4346.781180049878,20.147608382176827,-170.67954816129622,-139.58804343081692,-31.0915047304793,2732692.85,True,False,False,False,False,False,False,False,False
2025-08-28,3610.095636964382,3634.0257406788096,3588.3478311291537,3612.277934843581,3669575,3905.714144852148,4184.14242470484,4343.035365916452,19.45440131501583,-172.53308345801815,-146.1770514362572,-26.356032021760967,2787695.6,True,False,False,False,False,False,False,False,False
2025-08-29,3650.9346428528675,3708.2321656184226,3573.017833097984,3630.315355863539,2999447,3873.2108357938764,4173.513129366883,4339.463980747543,22.018970620697033,-170.58021190305408,-151.05768352961658,-19.522528373437495,2803218.8,True,False,False,False,False,False,False,False,False
2025-09-01,3599.230799965654,3643.842989991358,3573.8588650455567,3618.4710550712607,4660640,3844.4972957310115,4162.921691797982,4335.788178886625,21.53410747880207,-168.05109480036572,-154.45636578376642,-13.594729016599302,2955201.25,True,False,False,False,False,False,False,False,False
2025-09-02,3680.240687931535,3703.865233374011,3637.4761068837697,3661.100652326246,4737475,3817.669457905321,4151.9879673214255,4332.467068240039,27.704593180830315,-160.75382897250165,-155.71585842151347,-5.037970550988177,3093120.9,True,False,False,False,False,False,False,False,False
2025-09-03,3733.646243339803,3745.9920278349828,3676.300815362859,3688.646599858039,2332569,3795.698638932741,4142.027092486538,4328.383506243294,31.455548626896487,-151.007247919958,-154.77413632120238,3.766888401244387,3037994.4,False,False,True,False,True,False,False,False,False
2025-09-04,3716.178010547741,3743.1558074822856,3693.31557028179,3720.2933672163344,3523260,3780.789347193366,4130.7314142342375,4324.44175361298,35.59020515114997,-139.12562892519554,-151.64443484200103,12.51880591680549,3131369.5,False,False,False,False,False,False,False,False,False
2025-09-05,3709.3301224668658,3731.0864963881963,3686.3689780528525,3708.125351974183,2683728,3766.413206093401,4119.413933992168,4320.3134340625675,34.722926749719775,-129.2018588041692,-147.15591963443467,17.954060830265462,3157817.45,False,False,False,False,False,False,False,False,False
2025-09-08,3741.369129528658,3748.4575842780314,3705.185775983445,3712.2742307328185,2981624,3755.7200336311244,4109.245879921153,4315.164573067721,35.301842855485205,-119.62347469094811,-141.64943064573737,22.025955954789254,3215482.05,False,False,False,False,False,False,False,False,False
2025-09-09,3743.043240378749,3747.873670960055,3715.6767873727213,3720.507217954027,2960449,3745.7502485923774,4098.815998769387,4310.125565240907,36.50522707772855,-110.09904969922854,-135.33935445643561,25.24030475720707,3266759.05,False,False,False,False,False,False,False,False,False
2025-09-10,3682.8352310387345,3690.093899178296,3667.249994198842,3674.5086623384036,2605064,3727.262318936469,4085.2331400099292,4304.835031238094,32.83098510870968,-105.05160378959272,-129.28180432306704,24.230200533474317,3290701.7,False,False,False,False,False,False,False,False,False
2025-09-11,3630.30202620923,3657.1441011042602,3626.8431472381476,3653.685222133178,3204113,3710.6219954895,4070.1024469765925,4300.7639338754,31.295358600420926,-101.56101201021374,-123.73764586049637,22.176633850282627,3246703.2,False,False,False,False,False,False,False,False,False
2025-09-12,3596.2820324889412,3611.07744955802,3578.080135677431,3592.8755527465096,2987655,3690.8994001706865,4053.884132383342,4297.230150894748,27.28220324978666,-102.51974122803858,-119.49406493400483,16.974323705966242,3274823.7,True,False,False,False,False,False,False,False,False
2025-09-15,3560.371697029768,3577.594767547244,3554.802672959581,3572.025743477057,4700370,3674.0992187179195,4037.3773022462906,4293.268058580216,26.04879240752898,-103.7657988620399,-116.34841171961185,12.582612857571945,3399204.05,True,False,False,False,False,False,False,False,False
2025-09-16,3640.39509589996,3642.545565961843,3622.7532761037255,3624.9037461656085,1333004,3663.0474778468897,4021.240710136431,4289.853947197389,34.176481035292454,-99.34135036808766,-112.94699944930701,13.605649081219354,3276523.9,False,False,True,False,False,False,False,False,False
2025-09-17,3748.7798097666464,3757.8355255505467,3707.334534182478,3716.390249966378,2113997,3660.099860759229,4005.8098704018175,4285.9898187079225,45.36471783025148,-87.44473827768661,-107.84654721498293,20.401808937296323,3201363.3,False,False,False,False,False,False,False,False,False
2025-09-18,3772.0593344817244,3809.4031984194826,3706.287645337832,3743.6315092755904,1749470,3659.020144586489,3990.6042112340137,4282.2494729623,48.18868720345767,-74.954417654812,-101.26812130294876,26.31370364813675,3102114.0,False,False,False,False,False,False,False,False,False
2025-09-19,3721.293595821389,3764.1848498972754,3697.6111467033757,3740.502400779262,1747561,3663.8220766589343,3974.9604107021823,4278.604242776362,47.8825317343222,-64.56398801375053,-93.92729464510911,29.363306631358583,3114134.95,False,False,False,False,False,False,False,False,False
2025-09-22,3678.7983935464067,3766.5544411434043,3618.1340188983604,3705.890066495358,1351972,3667.0981417017247,3958.8813892971793,4275.176254128601,44.51365490705029,-58.44866395848703,-86.83156850778471,28.382904549297677,3039212.1,False,False,False,False,False,False,False,False,False
2025-09-23,3722.864484771801,3733.5795689075885,3700.846074027557,3711.5611581633443,3177245,3672.0293162482885,3943.1870268045404,4271.575904696128,45.19404230306653,-52.53897923559498,-79.97305065334677,27.434071417751795,3038574.95,False,False,False,False,False,False,False,False,False
2025-09-24,3735.669006836472,3779.5225522226488,3697.5859469318634,3741.4394923180403,2589234,3677.4712784849376,3928.9483781640565,4267.901693274812,48.759059504319076,-44.92669270548322,-72.96377906377407,28.03708635829085,2905422.6,False,False,False,False,False,False,False,False,False
2025-09-25,3646.800854819401,3703.452790557549,3590.6480571858374,3647.2999929239854,2494073,3679.2223813889577,3912.1938182185854,4263.508783605917,39.942996442983066,-45.96036910557132,-67.56309707213353,21.602727966562213,2846647.5,False,False,False,False,False,False,False,False,False
2025-09-26,3670.678583516503,3672.837613487172,3650.458029053357,3652.6170590240263,2019963,3680.337466546983,3896.116730403987,4259.240855968251,40.59630401668849,-45.822311221812924,-63.21493990206942,17.392628680256493,2797673.3,False,False,False,False,False,False,False,False,False
2025-09-29,3584.559417347357,3603.2330619430563,3579.0061311615696,3597.679775757269,2336311,3679.297902581283,3878.464780101332,4255.124905893672,36.21302928522131,-49.57441597551224,-60.48683511675799,10.91241914124575,2681456.85,False,False,False,False,False,False,False,False,False
2025-09-30,3495.425978994119,3523.864001750374,3488.8972365414847,3517.33525929774,3502572,3672.1096329298575,3859.906859356526,4250.107734741399,30.949888055868612,-58.35839775395061,-60.06114764419652,1.7027498902459044,2619711.7,False,False,False,False,False,False,False,False,False
2025-10-01,3532.3908312196145,3579.2064835725414,3483.3229681636612,3530.138620516588,2507704,3664.184233962785,3841.4418242086463,4245.583475231797,32.6302300181587,-63.554031041492635,-60.759724323655746,-2.794306717836889,2628468.45,False,False,False,False,False,True,False,False,False
2025-10-02,3532.3150411337583,3553.8912679892846,3525.2040358123595,3546.780262667886,4084310,3655.508578735363,3824.1877968319236,4241.122139648899,34.8494889514608,-65.57288303485893,-61.722356065896385,-3.850526968962548,2656520.95,False,False,False,False,False,False,False,False,False
2025-10-03,3538.3049959683835,3539.5724281320017,3533.1476372369893,3534.4150694006075,4308193,3646.823064606684,3807.4937307375817,4236.761868322518,33.954475923724814,-67.39373254346356,-62.856631361409825,-4.537101182053732,2737744.2,False,False,False,False,False,False,False,False,False
2025-10-06,3569.0171872507876,3589.253031376422,3546.607386682572,3566.843230808206,3634302,3639.551514610453,3791.4514824898315,4233.243825959526,38.42101914349315,-65.46544241605488,-63.37839357233884,-2.0870488437160475,2770378.1,False,False,False,False,False,False,False,False,False
2025-10-07,3585.5577338886396,3616.9086279531057,3564.227570755827,3595.578464820293,2135153,3633.3050769537667,3776.1782294536324,4230.01983339623,42.15418423167198,-60.91635949001511,-62.88598675587409,1.969627265858982,2729113.3,False,False,False,False,True,False,False,False,False
2025-10-08,3570.8282174083506,3602.222765134836,3554.048661236557,3585.4432089630427,2456093,3628.8518042849983,3762.1052498523636,4226.712052253418,41.205323041382286,-57.46657009224327,-61.80210342314793,4.33553333090466,2721664.75,False,False,False,False,False,False,False,False,False
2025-10-09,3613.4144971070964,3669.5900394839227,3563.3764922321297,3619.552034608956,5211090,3627.145144908788,3748.9022702137345,4223.47027098695,45.63996400151378,-51.387921992979045,-59.71926713711416,8.331345144135113,2822013.6,False,False,False,False,False,False,False,False,False
2025-10-10,3644.0939638977284,3653.717590776041,3628.1226739698313,3637.746300848144,4382393,3629.3886823138696,3736.0495654901183,4220.390973261072,47.89748403326388,-44.588436608457414,-56.69310103138281,12.104664422925396,2891750.5,False,False,False,False,False,False,False,False,False
2025-10-13,3713.9262903605786,3714.1684595478414,3684.886685587972,3685.1288547752347,998069,3635.043837878778,3725.897305459052,4216.920169375813,53.332883278021214,-34.97326926619053,-52.349134678344356,17.37586541215383,2706635.45,False,False,False,False,False,False,False,False,False
2025-10-14,3677.6808834013104,3708.824057918438,3667.4911313675093,3698.634305884637,2735826,3638.7303658647297,3715.9168433999434,4213.808174862158,54.78088838338461,-25.964104801086705,-47.072128702892826,21.10802390180612,2776776.55,False,False,False,False,False,False,False,False,False
2025-10-15,3674.4867367922916,3715.107524262272,3667.9842098659365,3708.604997335917,2089915,3638.3411032332065,3707.5276837604692,4210.908431407465,55.86956329364744,-17.814372585292404,-41.22057747937274,23.40620489408034,2775572.45,False,False,False,False,False,False,True,False,False
2025-10-16,3769.5829885326425,3819.1241644173288,3722.741195660024,3772.2823715447103,4080742,3639.773646346662,3702.603747151287,4208.316131224803,62.1388055524087,-6.146565384349742,-34.20577506036815,28.059209676018405,2892136.05,False,False,False,False,False,False,True,False,False
2025-10-17,3734.701986348494,3753.120711602145,3715.6258692663937,3734.044594520045,2877524,3639.4507560337015,3697.3716755622177,4205.164704942029,56.910495138806006,0.014618333900216385,-27.361696381514477,27.376314715414694,2948634.2,False,False,False,False,False,False,True,False,False
2025-10-20,3690.134055103423,3708.4791457689576,3674.535658294075,3692.8807489596093,877704,3638.800290156914,3692.7065369418433,4201.305062573442,51.8525239469351,1.557864412222898,-21.577784222767004,23.135648634989902,2924920.8,False,False,False,False,False,False,True,False,False
2025-10-21,3632.4689363610305,3663.246013247881,3629.113963852594,3659.8910407394446,1676955,3636.216784285719,3687.506299382053,4197.569735776028,48.1584648460958,0.117549266140486,-17.238717524985507,17.356266791125993,2849906.3,False,False,False,False,False,False,False,False,False
2025-10-22,3631.358435607613,3648.8594748369505,3607.709516270491,3625.2105554998284,2661190,3630.4053374448085,3679.1251653829177,4193.584124101131,44.56418964309197,-3.7787767992344925,-14.546729379835304,10.767952580600811,2853504.1,False,False,False,False,False,False,False,False,False
2025-10-23,3628.623890802898,3642.5102825323584,3577.274514565013,3591.160906294473,4569400,3627.598383113333,3671.218549687356,4189.218019584495,41.30469499827187,-9.504602265134508,-13.538303956895145,4.033701691760637,2957270.45,False,False,False,False,False,False,False,False,False
2025-10-24,3514.6567355002853,3570.9655195731507,3495.467253916867,3551.7760379897322,1286422,3622.556332061618,3662.5075212646943,4184.810234333018,37.85566787376194,-17.024146158566964,-14.23547239722951,-2.7886737613374546,2920593.4,False,False,False,False,False,True,False,False,False
2025-10-27,3537.5370898554365,3583.4983591734203,3509.571829677529,3555.533098995513,3582542,3620.4489982235305,3655.457595793957,4180.151922804031,38.38422585177847,-22.421810767962143,-15.872740071376036,-6.5490706965861065,2982904.95,False,False,False,False,False,False,False,False,False
2025-10-28,3494.7314362179986,3536.059058338279,3488.9087752828727,3530.236397403153,1894743,3621.0940551288013,3649.143552470296,4175.96933756846,36.15448872180735,-28.413201563113034,-18.380832369723436,-10.032369193389599,2902513.5,False,False,False,False,False,False,False,False,False
2025-10-29,3560.5057531616894,3565.60629984216,3527.065013411376,3532.1655600918466,5111485,3621.195402107564,3644.2800118377413,4171.0736995622,36.457636148732746,-32.629620671747944,-21.23059003012834,-11.399030641619603,3032702.55,False,False,False,False,False,False,False,False,False
2025-10-30,3559.3628435157934,3609.2856933497947,3533.6775314384845,3583.6003812724857,2872890,3623.036408037794,3640.647502808583,4166.677480880814,44.081144109721464,-31.458172749040386,-23.27610657391075,-8.182066175129638,2972131.55,False,False,False,False,False,False,False,False,False
2025-10-31,3621.944336289103,3648.613203559302,3583.5536987659775,3610.2225660361764,2966359,3626.8267828695725,3639.9626789426998,4162.218404887473,47.586300863830466,-28.058166928173705,-24.23251864476334,-3.8256482834103664,2905039.85,False,False,False,False,False,False,False,False,False
2025-11-03,3676.2972603962357,3681.961556110322,3669.4177274906797,3675.082023204766,2165822,3632.238722489401,3640.656944094004,4158.431661328866,54.98888333960287,-19.900619722556712,-23.366138860322017,3.4655191377653054,2831615.85,False,False,False,False,True,False,True,False,False
2025-11-04,3688.3352424707405,3712.896427406788,3647.47164010447,3672.0328250405178,3354128,3636.0614405004117,3641.838847250173,4154.193518883205,54.5984777731015,-13.52583222444855,-21.398077533147323,7.872245308698773,2892564.6,False,False,False,False,False,False,True,False,False
2025-11-05,3705.879781814774,3720.8473653431756,3701.1498954438584,3716.11747897226,3412583,3642.5951540008728,3643.509191877917,4149.9240857529,59.11769244299152,-4.860475526538721,-18.0905571318256,13.23008160528688,2940389.1,False,False,False,False,False,False,True,False,False
2025-11-06,3789.9172956941234,3793.516556475595,3754.5651488006197,3758.164409582091,1513509,3649.525772749529,3646.426921372687,4145.273962126061,62.909820843961654,5.3381827387220255,-13.404809157716077,18.742991896438102,2755510.05,False,False,False,False,False,False,True,False,False
2025-11-07,3773.426757262882,3788.8369749628387,3744.9022707575236,3760.3124884574804,2055598,3655.654082129996,3649.026864024566,4140.71942251799,63.09814086286695,13.439107241578768,-8.036025877857108,21.475133119435874,2639170.3,False,False,False,False,False,False,True,False,False
2025-11-10,3729.7497809323954,3766.8301876367937,3658.5407747529875,3695.621181457386,1803163,3656.178698464103,3650.569866552288,4135.7959869686365,54.176779554715495,14.472273091483657,-3.5343660839889557,18.006639175472614,2679425.0,False,False,False,False,False,False,True,False,False
2025-11-11,3752.845486520816,3790.535623433281,3717.9048082910194,3755.5949452034847,2849658,3659.026730430046,3652.459752409833,4131.592037522622,59.84508606883203,19.90103919190733,1.1527149711903015,18.748324220717027,2685116.6,False,False,False,False,False,False,True,False,False
2025-11-12,3761.3875770202185,3780.450799932866,3736.3436603776195,3755.406883290267,3097396,3661.366824727763,3653.7949580784775,4126.614789919764,59.82009763339997,23.912551406377133,5.704682258227669,18.207869148149463,2735490.65,False,False,False,False,False,False,True,False,False
2025-11-13,3698.0154366301763,3752.498484027802,3643.298548370674,3697.7815957682997,3077690,3657.641785938943,3653.344722649517,4121.379853122989,52.57584233328407,22.18607734010493,9.000961274603121,13.18511606550181,2685338.05,False,False,False,False,False,False,True,False,False
2025-11-14,3687.978188436998,3698.755136985568,3657.293223971209,3668.0701725197787,1485098,3654.3430648389294,3652.543619060429,4115.742500491408,49.26327336208416,18.210451902658406,10.842859400214177,7.367592502444229,2615716.75,False,False,False,False,False,False,True,False,False
2025-11-17,3747.5737678488595,3763.9498240780754,3715.4955559774544,3731.8716122066703,1677473,3656.2926080012826,3652.935566689906,4110.637322652596,55.715662457504216,19.977692667115207,12.669826053594385,7.307866613520822,2655705.2,False,False,False,False,False,False,True,False,False
2025-11-18,3786.8091459538814,3851.410655764896,3745.2862910634053,3809.88780087442,2626707,3663.792446008031,3654.7231783483135,4105.877173857016,62.06811543184778,27.35813062225543,15.607486967326595,11.750643654928835,2703192.8,False,False,False,False,False,False,True,False,False
2025-11-19,3804.3651770643987,3862.914904294961,3763.9167668217037,3822.466494052266,2937476,3673.655242935654,3657.682334982591,4100.863127476186,62.98993646750381,33.83217997882002,19.25242556962528,14.579754409194742,2717007.1,False,False,False,False,False,False,True,False,False
2025-11-20,3774.938841046489,3777.1074490092014,3771.5809747522158,3773.7495827149282,2869994,3682.784676756676,3660.083622194226,4096.14322900389,57.19281291185303,34.63263962467363,22.328468380634952,12.304171244038677,2632036.8,False,False,False,False,False,False,True,False,False
2025-11-21,3791.029744389527,3807.388072968587,3784.2773207079254,3800.6356492869854,3130107,3695.2276573215386,3664.238824125036,4091.5609769412085,59.41285930544789,37.00986386435625,25.264747477379213,11.745116386977035,2724221.05,False,False,False,False,False,False,True,False,False
2025-11-24,3770.521405542045,3839.834804188969,3740.2963214831157,3809.6097201300395,2215687,3707.9314883782654,3668.9905036580953,4087.194299511839,60.155637506046304,39.166476952848825,28.04509337247314,11.121383580375685,2655878.3,False,False,False,False,False,False,True,False,False
2025-11-25,3906.2184366594215,3906.576767502192,3901.193746432249,3901.5520772750197,2579850,3726.497272371859,3674.523470280283,4083.70659790216,66.84943347257479,47.74422251291617,31.984919200561748,15.759303312354419,2690133.65,False,False,False,False,False,False,True,False,False
2025-11-26,3949.075205210286,3978.161291360874,3921.9943619621613,3951.0804481127493,3696447,3747.4430167729033,3679.2172742432112,4080.8284865013225,69.79338552935693,57.87156588164271,37.162248536777945,20.709317344864765,2619381.75,False,False,False,False,False,False,True,False,False
2025-11-27,4063.2969179585107,4101.8120146565425,4016.9873342546607,4055.502430952692,3434150,3771.0381192569134,3685.454692676753,4077.9728949397268,74.86203707722726,73.47654788275895,44.42510840597415,29.0514394767848,2647444.75,False,True,False,False,False,False,True,False,False
2025-11-28,3945.8734347115706,4014.745109325398,3905.2869338274404,3974.158608441268,509297,3789.234921377168,3690.127816829993,4075.2248027426276,65.62417330703113,78.37636790685019,51.215360306149364,27.161007600700827,2524591.65,False,False,False,True,False,False,True,False,False
2025-12-01,3900.9302567151935,3934.007438249513,3879.217604480735,3912.294786015055,2749774,3801.095559517683,3694.255911220387,4072.5884504889655,59.60055966975055,76.38707447968181,56.24970314085586,20.137371338825957,2553789.25,False,False,False,False,False,False,True,False,False
2025-12-02,3885.9450226727404,3912.809751421598,3855.4635171057103,3882.3282458545677,1258758,3811.6103305583856,3697.6712529742113,4069.9059507049296,56.87713413974436,71.56751004981379,59.31326452264745,12.25424552716634,2449020.75,False,False,False,False,False,False,True,False,False
2025-12-03,3821.7182171516847,3869.39540573735,3788.622977138496,3836.300165724161,1799139,3817.6194648959804,3699.5684664423343,4066.7571758443223,52.88018114537711,63.30415819208065,60.11144325653409,3.1927149355465616,2368348.55,False,False,False,False,False,False,True,False,False
2025-12-04,3857.754535574923,3882.7986384717747,3814.407996820227,3839.4520997170785,2834707,3821.6838494027297,3703.411508578196,4063.4941223566375,53.123115543051085,56.36004354295346,59.36116331381797,-3.0011197708645057,2434408.45,False,False,False,False,False,True,True,False,False
2025-12-05,3889.8289295039804,3908.912884350204,3870.9153483669074,3889.999303213131,3072915,3828.1681901405123,3708.159153461978,4060.3248830547805,56.95581359538718,54.309473728731064,58.35082539680059,-4.041351668069524,2485274.3,False,False,False,False,False,False,True,False,False
2025-12-08,3814.896844177405,3879.866502859225,3768.304775667124,3833.274434348944,3717026,3835.0508527850907,3712.8710466338116,4056.8958679940283,51.834022833801576,47.55892979134296,56.19244627570906,-8.633516484366098,2580967.45,False,False,False,False,False,False,True,False,False
2025-12-09,3880.47480032383,3900.742209405969,3843.2487791003064,3863.516188182445,2056791,3840.446914934038,3719.7946652115056,4053.5052675780444,54.198740780854024,44.140507584479565,53.782058537463165,-9.6415509529836,2541324.1,False,False,False,False,False,False,True,False,False
2025-12-10,3833.0655184456627,3885.1534862429958,3798.7714025923246,3850.8593703896577,2244236,3845.2195392890085,3726.2090802089665,4049.573606670238,53.025397363446686,39.94957016162061,51.015560862294656,-11.065990700674043,2498666.1,False,False,False,False,False,False,True,False,False
2025-12-11,3794.47656132006,3820.3625652749433,3747.348287051759,3773.2342910066427,2542555,3848.992174050925,3730.738160775742,4045.140376538807,46.391929986424415,30.0184923990646,46.816147169648644,-16.797654770584046,2471909.35,False,False,False,False,False,False,True,False,False
2025-12-12,3793.440098268717,3848.6872361579367,3753.674546409773,3808.9216842989927,2187246,3856.0347496398863,3736.22829307371,4040.946797929215,49.51862346492672,24.742499971391226,42.40141772999716,-17.658917758605938,2507016.75,False,False,False,False,False,False,True,False,False
2025-12-15,3855.400609370519,3899.5622959568645,3766.3754177282804,3810.537104314626,2028291,3859.9680242452837,3741.1021705438384,4037.037509547044,49.66174619039344,20.455787273220267,38.012291638641784,-17.556504365421517,2524557.65,False,False,False,False,False,False,True,False,False
2025-12-16,3838.418675730427,3858.559373841151,3820.1416793094754,3840.2823774201993,2446117,3861.487753072573,3745.9962487958364,4033.6595086981506,52.34114989293098,19.236979597624668,34.25722923043836,-15.020249632813695,2515528.15,False,False,False,False,False,False,True,False,False
2025-12-17,3849.1786779182703,3878.5510365612818,3820.284149872335,3849.6565085153466,3619536,3862.8472537957264,3751.280514786882,4031.2653735651315,53.186829403920335,18.81064239387797,31.167911863126285,-12.357269469248315,2549631.15,False,False,False,False,False,False,True,False,False
2025-12-18,3889.0951649033886,3906.5864771551037,3816.225264533815,3833.71657678553,4130170,3865.845603499257,3755.563805630414,4029.0124617877295,51.51297007421749,16.990689718548765,28.33246743421078,-11.341777715662015,2612639.95,False,False,False,False,False,False,True,False,False
2025-12-19,3913.039891100502,3969.6481163579406,3830.127701741735,3886.735926999174,2990529,3870.150617384866,3760.5435981534347,4027.7450490699243,56.42524267980074,19.600638611404065,26.58610166964944,-6.985463058245376,2605661.05,False,False,False,False,False,False,True,False,False
2025-12-22,3834.638660397373,3850.0856303234914,3802.3194030755353,3817.766373001654,2695819,3870.5584500284467,3763.196348517963,4025.8766909243213,49.412309077848924,15.92025650074629,24.452932635868812,-8.532676135122522,2629667.65,False,False,False,False,False,False,True,False,False
2025-12-23,3731.11937130663,3767.244609007096,3705.5906336886114,3741.7158713890776,3347866,3862.5666397341497,3764.057979828052,4023.3801830604293,43.057475223630526,6.788632137252989,20.92007253614565,-14.13144039889266,2668068.45,False,False,False,False,False,False,False,False,False
2025-12-24,3806.368881698358,3859.302678196304,3743.065656616701,3795.9994531146467,3873443,3854.8125899842444,3765.8058689436266,4020.733243959638,48.180359471683786,3.887176467185327,17.513493322353586,-13.626316855168259,2676918.25,False,False,False,False,False,False,True,False,False
2025-12-25,3682.2624308721006,3708.034926176301,3649.888461378882,3675.660956683082,3188282,3835.8205162707645,3763.8734406463936,4017.343060198575,39.66172164069404,-8.029994231450473,12.404795811592773,-20.434790043043247,2664624.85,False,False,False,False,False,False,False,False,False
2025-12-26,3821.5505981183314,3845.693947359485,3782.768324149474,3806.9116733906276,3314044,3827.4581695182324,3765.3307822238053,4015.0775050301363,50.03760643185209,-6.805156332270599,8.5628053828201,-15.367961715090699,2804862.2,False,False,False,False,False,False,True,False,False
2025-12-29,3839.4528398599145,3873.8347528634617,3783.522459302809,3817.904372306356,3480109,3822.7386488327966,3767.8312546907405,4012.6253170189393,50.800701194175,-4.89106340564922,5.872031625126236,-10.763095030775457,2841378.95,False,False,False,False,False,False,True,False,False
2025-12-30,3800.4811362703963,3826.6138927716397,3758.293673713156,3784.4264302143993,3718715,3817.843558050788,3770.3219624802396,4010.4111285161134,48.377349688040205,-6.006284403174504,3.496368419466088,-9.502652822640592,2964376.8,False,False,False,False,False,False,True,False,False
2025-12-31,3825.8941076824512,3836.7650149880305,3788.3779691052437,3799.248876410823,3554438,3815.990993585122,3773.802728898459,4008.58660118722,49.52541158795887,-5.629168002054939,1.6712611351618827,-7.300429137216822,3052141.75,False,False,False,False,False,False,True,False,False
2026-01-01,3787.45238806758,3807.39388332185,3773.51680539392,3793.45830064819,3646480,3813.6913036316773,3777.8486767855334,4007.0006304478047,49.066324495289486,-5.731482643187519,0.19071237949200248,-5.922195022679522,3092730.4,False,False,False,False,False,False,True,False,False
2026-01-02,3756.7696158657172,3775.870176525661,3724.9554160608263,3744.05597672077,2842027,3806.3941373070593,3781.694275560155,4005.0510276609803,45.2154108105435,-9.687253770555799,-1.784880850517558,-7.902372920038241,3081186.0,False,False,False,False,False,False,False,False,False
2026-01-05,3722.085143057041,3742.54309892011,3711.5049598665887,3731.9629157296577,2642656,3801.328561376095,3785.2228718948377,4002.7039214671827,44.2988810700259,-13.640797225528331,-4.156064125519713,-9.484733100008619,3027467.5,False,False,False,False,False,False,False,False,False
2026-01-06,3756.73691385443,3779.4825101093775,3753.9402353408814,3776.685831595829,2726440,3796.9870435467637,3790.1518605786905,4000.0193875996206,48.45975990724756,-13.01521208866916,-5.927893718149602,-7.087318370519557,3060949.95,False,False,False,False,False,False,False,False,False
2026-01-07,3799.3691026883957,3833.055521507451,3757.948827422047,3791.6352462411023,3504560,3794.025837339336,3795.341254301676,3998.289219780069,49.80941309375599,-11.184213880525022,-6.979157750624687,-4.205056129900335,3123966.15,False,False,False,False,False,False,False,False,False
2026-01-08,3798.7994368020313,3810.853230015135,3789.3302244015986,3801.3840176147023,1919462,3795.4333236697394,3799.696927028521,3997.6605388446096,50.71575945738969,-8.844535928324603,-7.35223338616467,-1.4923025421599334,3092811.5,False,False,False,False,False,False,True,False,False
2026-01-09,3743.2951073979616,3780.615251475336,3719.7335158604715,3757.053659937846,3165386,3792.839922451682,3802.6335489065536,3997.1057683692648,46.595261448058665,-10.446987308334428,-7.971184170598622,-2.475803137735806,3141718.5,False,False,False,False,False,False,False,False,False
2026-01-12,3674.7648137723604,3719.5130586277587,3651.091999646414,3695.8402445018123,3310873,3787.105079461041,3803.0487133324946,3996.1247703177314,41.5724956148253,-16.46653663163397,-9.670254662805693,-6.7962819688282785,3205847.6,False,False,False,False,False,False,False,False,False
2026-01-13,3632.411763398345,3667.5414360503696,3627.2184746966323,3662.3481473486568,2429546,3778.2083679574635,3802.8550197786576,3994.1577940340103,39.089684088734884,-23.66678916060664,-12.469561562365882,-11.197227598240758,3205019.05,False,False,False,False,False,False,False,False,False
2026-01-14,3653.2673903286495,3700.8025056847728,3574.7919028659153,3622.3270182220385,4653547,3766.8418934427987,3800.9792105636525,3991.5302035589575,36.2998751204853,-32.230874358243,-16.421824121541306,-15.809050236701694,3256719.6,False,False,False,False,False,False,False,False,False
2026-01-15,3625.8963304652657,3628.84810541707,3597.644710019007,3600.5964849708116,3940657,3755.185888852063,3797.8278520714275,3988.6285154004586,34.84566619089833,-40.30681413873117,-21.19882212497928,-19.10799201375189,3247243.95,False,False,False,False,False,False,False,False,False
2026-01-16,3615.196398603311,3632.8208391039043,3582.9132534468913,3600.5376939474845,4497571,3740.8759771994783,3794.632356181228,3985.9254396518104,34.841599463335086,-46.17947035449333,-26.194951770882092,-19.98451858361124,3322596.05,False,False,False,False,False,False,False,False,False
2026-01-19,3593.822165754249,3619.190349066032,3569.620512140817,3594.9886954526,3823697,3729.7370933220254,3792.619706461132,3982.852947947486,34.43312861917562,-50.69694766438897,-31.09535094958347,-19.601596714805503,3378989.95,False,False,False,False,False,False,False,False,False
2026-01-20,3629.60804310818,3629.862970820365,3596.168711905081,3596.423639617266,2617872,3722.4724817334345,3789.4362803494073,3979.612882369668,34.646500363027954,-53.544070265394566,-35.585094812745695,-17.958975452648872,3342490.25,False,False,False,False,False,False,False,False,False
2026-01-21,3517.0404277156713,3602.1581742058875,3478.542266655132,3563.6600131453483,2099586,3710.85550973497,3785.6013429465092,3976.2354153644114,32.07952324330803,-57.77815566547588,-40.02370698329173,-17.754448682184147,3253797.4,False,False,False,False,False,False,False,False,False
2026-01-22,3552.137203177796,3574.381559376247,3510.6462195016697,3532.8905757001207,2061052,3703.7169906858226,3782.303522545146,3972.1096617832504,29.84326845421974,-62.891560539627335,-44.597277694558855,-18.29428284506848,3197435.9,True,False,False,False,False,False,False,False,False
2026-01-23,3537.057730691492,3573.1094619321257,3515.302576025064,3551.3543072656976,1896089,3690.9391223795756,3779.9692052400637,3968.1937706608583,32.86747177684738,-64.70818622167008,-48.6194593999811,-16.088726821688972,3126538.15,False,False,True,False,False,False,False,False,False
2026-01-26,3546.598644968622,3570.924711928329,3520.9839666775556,3545.3100336372627,4801428,3677.3094054461208,3776.237973668676,3964.6006506897606,32.37546958527513,-65.87621750164499,-52.07081102031388,-13.805406481331104,3192604.1,False,False,False,False,False,False,False,False,False
2026-01-27,3545.207856395283,3581.0130013476437,3483.597026020458,3519.4021709728186,4039119,3664.058192484042,3770.4282610706437,3960.8825624171277,30.282943062934507,-68.10733968566456,-55.27811675338402,-12.829222932280537,3208624.3,False,False,False,False,False,False,False,False,False
2026-01-28,3469.7000829005988,3482.5171145383224,3459.4523242171526,3472.2693558548763,1398812,3647.7092164562446,3763.4243183066956,3956.561067380225,26.8792630151831,-72.83910055508068,-58.79031351372335,-14.048787041357329,3100843.0,True,False,False,False,False,False,False,False,False
2026-01-29,3460.467436546124,3524.374924318881,3408.8115933591866,3472.7190811319433,4153386,3631.672255480433,3757.403708275036,3952.0944880277484,26.96361562346067,-75.6803698687877,-62.16832478473622,-13.512045084051472,3126188.3,True,False,False,False,False,False,False,False,False
2026-01-30,3452.968649619723,3464.034881826507,3423.8678814542895,3434.9341136610738,2161989,3616.216162327447,3750.089677562518,3946.707620914811,24.415176508022682,-80.058166652203,-65.74629315822958,-14.311873493973422,3092186.4,True,False,False,False,False,False,False,False,False
2026-02-02,3373.609596880661,3396.7349582485404,3360.662644230364,3383.7880055982437,3212786,3598.807416820877,3741.573243271882,3940.6765398870284,21.45868005666439,-86.65575204989409,-69.92818493656247,-16.727567113331617,3120692.9,True,False,False,False,False,False,False,False,False
2026-02-03,3346.9883238045036,3380.257215435717,3327.6354087457225,3360.904300376936,2975717,3578.0183402599323,3730.760287733921,3934.9740546825406,20.275663031230522,-92.66275125890297,-74.47509820103058,-18.187653057872396,3133156.75,True,False,False,False,False,False,False,False,False
2026-02-04,3390.492879739306,3420.218774373298,3363.8316796837526,3393.5575743177446,2065376,3558.1144566637645,3719.60983025802,3928.7046891737436,26.50221096143477,-93.70828432756161,-78.32173542633679,-15.386548901224828,3061197.55,True,False,False,False,False,False,False,False,False
2026-02-05,3353.393873489532,3358.336565132546,3337.5401508024065,3342.482842445421,3091483,3535.1693979053002,3705.349438487875,3921.580638333056,23.420971996846333,-97.53387107683784,-82.164162556437,-15.369708520400835,3119798.6,True,False,False,False,False,False,False,False,False
2026-02-06,3369.747837941013,3377.0110851878485,3324.9505989849927,3332.213846231828,2458536,3513.9274072199987,3692.510543243686,3914.3871623642085,22.84585361854448,-100.23880773132305,-85.77909159141421,-14.459716139908835,3084456.1,True,False,False,False,False,False,False,False,False
2026-02-09,3406.9169254253165,3428.556188941758,3387.402274824187,3409.0415383406284,2437672,3499.5874719119406,3682.445478290197,3907.327284150373,35.58924931919513,-95.08703271711101,-87.64067981655359,-7.446352900557429,3040796.05,False,False,True,False,False,False,False,False,False
2026-02-10,3328.741847549956,3331.175563064331,3317.9349424464685,3320.3686579608434,2247956,3482.48849744255,3671.206286532323,3900.103184042064,29.52735737484106,-97.04074893037932,-89.52069363931874,-7.5200552910605865,3031716.55,True,False,False,False,False,False,False,False,False
2026-02-11,3400.5814358345674,3415.8608303458864,3357.6309199976977,3372.9103145090166,3314567,3470.017662256898,3661.93848950802,3893.1349702992716,36.43607867010121,-93.274203573053,-90.2713956260656,-3.002807946987403,2964767.55,False,False,True,False,False,False,False,False,False
2026-02-12,3420.5277813365083,3440.456226836605,3404.111520969642,3424.0399664697384,2228972,3461.1898363318446,3653.6302468430727,3886.4083217605075,42.358090044815064,-85.18153393642251,-89.25342328813699,4.071889351714475,2879183.3,False,False,False,False,True,False,False,False,False
2026-02-13,3309.1504702960347,3353.9572093876036,3282.4619788137666,3327.2687179053355,1488445,3447.5263875297373,3642.375635136917,3879.4443861723,35.59813258008052,-85.59003728110702,-88.520746086731,2.930708805623979,2728727.0,False,False,False,False,False,False,False,False,False
2026-02-16,3346.4279782825997,3383.718142507122,3259.4446132393537,3296.734777463876,3547397,3432.613691630301,3631.644841999216,3872.539393895728,33.76699410036527,-87.37046065154755,-88.29068899969431,0.9202283481467646,2714912.0,False,False,False,False,False,False,False,False,False
2026-02-17,3299.6210892789277,3319.6219751198264,3273.7364937916605,3293.737379632559,1075582,3417.4793786310656,3620.249265828219,3865.50556883621,33.58436192491651,-88.00881314027083,-88.23431382780961,0.2255006875387835,2637797.5,False,False,False,False,False,False,False,False,False
2026-02-18,3186.7691807685155,3210.1927647663724,3169.6342991517145,3193.0578831495714,1378332,3398.9492721312768,3607.0932360834167,3858.128656275579,28.08893441007291,-95.537410243865,-89.6949331110207,-5.842477132844294,2601734.8,True,False,False,False,False,True,False,False,False
2026-02-19,3249.521404688423,3270.5236133439867,3243.8037417423175,3264.805950397881,2434063,3385.545040866165,3596.9246692712413,3851.490166950912,36.111953840872985,-94.62364579816722,-90.68067564845,-3.942970149717212,2620385.35,False,False,True,False,False,False,False,False,False
2026-02-20,3404.8873403250027,3442.4338427327784,3368.6258694682847,3406.1723718760604,2150094,3378.285944096683,3588.8696830227827,3846.319466434245,48.34137048919868,-81.55230788606332,-88.85500209597267,7.3026942099093475,2633085.6,False,False,False,False,True,False,False,False,False
2026-02-23,3385.8208926984953,3399.390190094353,3358.851384418993,3372.4206818148505,1594256,3369.641476505562,3580.107354572787,3841.815277915274,46.0737337419864,-73.0743026562659,-85.69886220803131,12.624559551765415,2472727.0,False,False,False,False,False,False,False,False,False
2026-02-24,3378.640676348147,3381.7004197852816,3373.4017483999364,3376.461491837071,3253350,3362.4944425487747,3570.8309368611244,3837.2286732995894,46.39791937699655,-65.27689146127568,-81.6144680586802,16.33757659740452,2433438.55,False,False,False,False,False,False,False,False,False
2026-02-25,3474.142811703727,3485.350022853665,3438.1556191419536,3449.3628302918914,2712279,3361.349116270626,3562.825063296656,3833.7960731645476,52.00389451114893,-52.60842103049981,-75.81325865304413,23.204837622544318,2499111.9,False,False,False,False,False,False,False,False,False
2026-02-26,3411.103878665522,3415.034373606846,3369.1344513598815,3373.0649463012055,3271687,3356.3664095290887,3553.612030686969,3829.795003420344,46.520205480633244,-48.16989595686391,-70.28458611380809,22.114690156944178,2455026.95,False,False,False,False,False,False,False,False,False
2026-02-27,3388.9651664502703,3415.715962038658,3375.4670960434937,3402.2178916318812,3101508,3354.730598427629,3543.9216699796234,3826.204589569948,48.7442043279874,-41.817883283541505,-64.59124554775478,22.773362264213276,2502002.9,False,False,False,False,False,False,False,False,False
2026-03-02,3444.7151356773124,3461.9107045231644,3422.4231556338477,3439.6187244796997,2870147,3357.522134371702,3536.358717009184,3822.6670754960596,51.529103030576294,-33.38113588172746,-58.34922361454932,24.968087732821857,2484870.95,False,False,False,False,False,False,False,False,False
2026-03-03,3376.0386143344917,3401.8737339505483,3353.897996601363,3379.7331162174196,1551629,3358.463575163726,3529.119061905751,3818.611435212802,47.11491610141162,-31.1679363156818,-52.912966154775816,21.745029839094016,2413666.55,False,False,False,False,False,False,False,False,False
2026-03-04,3341.0711653381545,3374.7205998853988,3294.7738173955963,3328.4232519428406,3376729,3355.206859044981,3519.7675378823146,3814.3755049038464,43.66362928175125,-33.17185248024862,-48.96474341987038,15.792890939621763,2479234.2,False,False,False,False,False,False,False,False,False
2026-03-05,3237.856141278032,3270.905373503334,3219.052332743362,3252.101564968664,3358071,3350.687795171143,3511.296350048027,3809.6867611292278,39.07811532383423,-40.45218516005389,-47.26223176790708,6.810046607853195,2492563.6,False,False,False,False,False,False,False,False,False
2026-03-06,3167.4892800176153,3188.8661286651004,3160.486716469825,3181.86356511731,2446110,3343.1702811154173,3498.79538788256,3804.789208554463,35.39420377980133,-51.29818727442489,-48.06942286921065,-3.2287644052142426,2491942.3,False,False,False,False,False,True,False,False,False
2026-03-09,3212.961815917973,3243.798319120404,3162.748997315834,3193.585500518265,3647096,3332.397479224299,3486.309010446798,3800.2375259790756,36.47057573623621,-58.27608938589947,-50.11075617254841,-8.165333213351055,2552413.5,False,False,False,False,False,False,False,False,False
2026-03-10,3119.2328208130198,3153.790483341609,3102.838502726973,3137.396165255562,3008380,3323.248854589035,3473.3684051476216,3795.332134964508,33.582288180302655,-67.5613318658643,-53.6008713112116,-13.960460554652705,2590434.7,False,False,False,False,False,False,False,False,False
2026-03-11,3168.1104864864783,3204.5523718982563,3156.6824024695625,3193.1242878813405,2465833,3314.259553257651,3461.245913377032,3791.040166006047,38.7622024757061,-69.62061654109266,-56.804820357187815,-12.815796183904844,2547998.0,False,False,False,False,False,False,False,False,False
2026-03-12,3158.2556799131034,3190.3629409281048,3133.3797877349193,3165.4870487499206,2475452,3301.3319073716607,3448.6864883390667,3786.4038730773677,37.212211833739715,-72.64529892058863,-59.972916069867985,-12.672382850720645,2560322.0,False,False,False,False,False,False,False,False,False
2026-03-13,3170.248257977214,3174.494187437989,3167.0441064393503,3171.290035900125,3008115,3293.5329732713994,3437.231169522653,3781.801593594554,37.774848754041244,-73.7242813094017,-62.72318911777474,-11.001092191626967,2636305.5,False,False,False,False,False,False,False,False,False
2026-03-16,3305.9621843040313,3311.208184904418,3302.273266618935,3307.5192672193216,3237157,3294.072197759172,3428.742296552447,3777.6259429341812,49.26798457950998,-62.86218602378494,-62.75098849897678,-0.11119752480816203,2620793.5,False,False,False,False,False,False,False,False,False
2026-03-17,3398.4552332877197,3455.3515740802623,3322.538527748392,3379.4348685409345,3213207,3298.3570722045906,3420.797277291349,3774.1546696365717,54.08888249926466,-47.89876213590742,-59.78054322636291,11.88178109045549,2727674.75,False,False,False,False,True,False,False,False,False
2026-03-18,3349.8304606720503,3403.050536695452,3339.6807912630225,3392.9008672864243,3397213,3308.349221411433,3412.822589712255,3771.075070898573,54.952100527312005,-34.555216316580754,-54.73547784440648,20.180261527825728,2828618.8,False,False,False,False,False,False,False,False,False
2026-03-19,3395.3115898525907,3409.293846726991,3377.058157514465,3391.0404143888654,4122909,3314.6609446109824,3404.6157176477386,3767.871971100297,54.7988018196872,-23.855491859459562,-48.5594806474171,24.703988787957535,2913061.1,False,False,False,False,False,False,False,False,False
2026-03-20,3415.775444860968,3452.563820526084,3375.981074115917,3412.769449781033,2978318,3314.990798506231,3397.730033444602,3764.641994723443,56.33106459753319,-13.467289055678975,-41.54104232906948,28.0737532733905,2954472.3,False,False,False,False,False,False,True,False,False
2026-03-23,3303.4130404559473,3341.144999559119,3288.641375051781,3326.3733341549523,3516026,3312.6884311232366,3390.3406952376654,3761.2163093883864,49.19092436657182,-12.066908173251704,-35.64621549790593,23.579307324654224,3050560.8,False,False,False,False,False,False,False,False,False
2026-03-24,3302.7163911879124,3364.728139140197,3252.568384694304,3314.5801326465885,3426566,3309.594363163712,3383.3853349436235,3757.773866515776,48.2911196958005,-11.772997252664027,-30.87157184885755,19.098574596193522,3059221.6,False,False,False,False,False,False,False,False,False
2026-03-25,3230.0759190258836,3243.2394641564297,3223.4372180235937,3236.6007631541397,2347350,3298.9562598068246,3375.670809842266,3753.480338152083,42.72584502151308,-17.629136436755743,-28.22308476643719,10.593948329681446,3040975.15,False,False,False,False,False,False,False,False,False
2026-03-26,3335.993896253625,3342.7354805498894,3318.3809244578033,3325.122508754068,4499933,3296.5591379294674,3370.161330317931,3749.6396321167213,49.79862109341212,-14.954814080858341,-25.569430629321424,10.614616548463083,3102387.45,False,False,False,False,False,False,False,False,False
2026-03-27,3294.210830430211,3324.0100126275115,3265.6266628533176,3295.425845050618,4512551,3291.219535600404,3364.059093339993,3745.307860728168,47.671780383744746,-15.05808667203064,-23.46716183786327,8.409075165832629,3172939.6,False,False,False,False,False,False,False,False,False
2026-03-30,3298.6306213168277,3323.462589530339,3287.331755015276,3312.163723228787,3266873,3284.8467855378594,3358.402593895517,3741.1284646767294,48.994037815839114,-13.632180765750036,-21.500165623440623,7.867984857690587,3192775.9,False,False,False,False,False,False,False,False,False
2026-03-31,3296.993171752005,3316.763784764024,3294.439234725647,3314.209847737666,3500081,3281.5706221138707,3352.7583180579254,3736.660579534648,49.16315005045715,-12.196441923759267,-19.639420883504354,7.442978959745087,3290198.5,False,False,False,False,False,False,False,False,False
2026-04-01,3263.8617630661665,3268.2984962191103,3239.331420299537,3243.768153452481,2103839,3277.337867189353,3346.360480864068,3731.945968593898,43.781371041322544,-16.551864974308955,-19.021909701665276,2.4700447273563206,3226554.0,False,False,False,False,False,False,False,False,False
2026-04-02,3314.8518258178988,3329.2631833848914,3312.6691293677004,3327.080486934693,2032706,3281.0868132876553,3342.2442790887594,3727.155984629415,50.660661824657666,-13.12961010679328,-17.843449782690875,4.713839675897596,3160285.75,False,False,False,False,False,False,False,False,False
2026-04-03,3306.4260254845585,3317.118567556784,3305.6992805803684,3316.391822652594,4277687,3287.813226164419,3337.5450293964973,3722.36794692229,49.81839066069302,-11.151388086578208,-16.505037443468343,5.353649356890134,3251864.6,False,False,False,False,False,False,False,False,False
2026-04-06,3280.8719650001417,3295.303276288221,3278.8838967899337,3293.315208078013,3312427,3292.7997115424064,3332.5051328853124,3717.7311382912617,47.96429358375977,-11.315287232398532,-15.467087401254382,4.15180016885585,3235131.15,False,False,False,False,False,False,False,False,False
2026-04-07,3291.832640407674,3299.9844473719195,3272.341966765296,3280.4937737295418,2377300,3299.9545919661055,3327.7269649404466,3712.923600782198,46.91946504418623,-12.337541585470262,-14.841178238097559,2.5036366526272964,3203577.15,False,False,False,False,False,False,False,False,False
2026-04-08,3312.805921149086,3354.800907822452,3269.2331294604774,3311.2281161338433,3023163,3305.8597833787303,3324.506140146026,3707.71148336131,49.74547780331248,-10.546111937129353,-13.982164977903917,3.4360530407745635,3231443.65,False,False,False,False,False,False,False,False,False
2026-04-09,3286.7346485008825,3290.1825808483513,3283.4872047488698,3286.9351370963386,2474809,3311.9321877960515,3320.790461265314,3702.095059677792,47.588800732389366,-10.960288039716488,-13.377789590266431,2.417501550549943,3231411.5,False,False,False,False,False,False,False,False,False
2026-04-10,3308.9249130493263,3316.362422612829,3289.7643556052203,3297.201865168723,1976760,3318.227779259481,3318.035816295467,3696.562112591591,48.602958686427186,-10.340883167994434,-12.770408305812031,2.4295251378175973,3179843.75,False,False,False,False,False,False,False,False,False
2026-04-13,3227.03799073564,3256.887076084853,3214.2447708307,3244.093856179913,2724818,3315.056508707511,3315.2419333071007,3690.7957456208424,43.87364751664847,-13.97428595799829,-13.011183836249284,-0.9631021217490066,3154226.8,False,False,False,False,False,True,False,False,False
2026-04-14,3273.5639332022383,3288.6169281215593,3254.108350767103,3269.161345686424,3223381,3309.5428325647854,3313.40707421329,3684.9828855909814,46.51892256430141,-14.662032160952094,-13.341353501189847,-1.3206786597622475,3154735.5,False,False,False,False,False,False,False,False,False
2026-04-15,3236.3974441833025,3243.904295016926,3226.2060323909473,3233.7128832245708,3244989,3301.5834333616926,3310.2101803914265,3678.711788823619,43.40361343842421,-17.86157354585339,-14.245397510122556,-3.616176035730833,3147124.3,False,False,False,False,False,False,False,False,False
2026-04-16,3235.7007795341187,3265.450310533221,3196.3330033129796,3226.082534312082,4910208,3293.335539357853,3307.88217422876,3672.322629156851,42.74011656594715,-20.773474845608234,-15.551012977219692,-5.222461868388542,3186489.25,False,False,False,False,False,False,False,False,False
2026-04-17,3173.3569548563155,3194.0550822979462,3152.061470667492,3172.7595981091226,2480561,3281.335046774258,3304.693089266306,3665.572965010542,38.330399908446736,-27.071825762227036,-17.85517553422116,-9.216650228005875,3161601.4,False,False,False,False,False,False,False,False,False
2026-04-20,3127.7519100794348,3168.2624288208053,3084.3592112595393,3124.86973000091,3148691,3271.259866566556,3299.0096530995115,3658.648107976819,34.85245552193955,-35.51819472533589,-21.387779372444108,-14.13041535289178,3143234.65,False,False,False,False,False,False,False,False,False
2026-04-21,3090.5868142168965,3108.116196237833,3083.927654107706,3101.4570361286424,2904192,3260.6037117406586,3294.6314206628676,3651.6739967434855,33.26340251990537,-43.59863379763556,-25.829950257482395,-17.768683540153162,3117115.95,False,False,False,False,False,False,False,False,False
2026-04-22,3116.473029916684,3147.65258091982,3072.843945589864,3104.023496593,2413900,3253.9748484126017,3289.253684304547,3644.927254604739,33.62068002713586,-49.22787971413072,-30.50953614881206,-18.718343565318662,3120443.45,False,False,False,False,False,False,False,False,False
2026-04-23,3093.304288612514,3100.272864227043,3059.6784257592903,3066.6470013738194,3153952,3241.051073043589,3282.105825002629,3637.8353496606205,31.016433171298104,-56.0588568489361,-35.61940028883687,-20.43945656009923,3053144.4,False,False,False,False,False,False,False,False,False
2026-04-24,3093.004804001786,3114.5716904985798,3058.1470246117374,3079.713911108531,2520642,3230.265476346485,3277.154728866693,3630.9515619673934,32.97120497648926,-59.72954007430326,-40.441428245930155,-19.288111828373104,2953548.95,False,False,False,False,False,False,False,False,False
2026-04-27,3145.11704586824,3145.366167707423,3116.2020264276066,3116.4511482667895,1169440,3220.479847598385,3273.5490562827513,3624.1324312542774,38.26761681677064,-58.99414715762941,-44.15197202827001,-14.842175129359404,2848677.3,False,False,False,False,False,False,False,False,False
2026-04-28,3031.0687433228873,3079.575637447352,3007.0508920674056,3055.5577861918705,2578028,3207.5472445210953,3268.7854644139366,3617.184063702547,33.53723941236204,-62.60327677979967,-47.84223297857595,-14.761043801223721,2802574.65,False,False,False,False,False,False,False,False,False
2026-04-29,3078.4535422718327,3092.4566874743523,3073.9190054712353,3087.922150673755,3887181,3199.7549443821586,3266.682749764421,3610.356722566363,37.928964808715705,-62.13574211736341,-50.70093480633344,-11.434807311029964,2891741.75,False,False,False,False,False,False,False,False,False
2026-04-30,3092.678129522098,3112.346402872665,3067.53055033027,3087.198823680837,2993902,3187.7608612194663,3263.1306072300795,3603.745308527247,37.868737992559325,-61.11904170472053,-52.78455618601086,-8.33448551870967,2939801.55,False,False,False,False,False,False,False,False,False
2026-05-01,3113.849699826138,3152.00886761839,3081.504508674803,3119.663676467055,3678487,3177.924453910189,3257.4004333218995,3597.4980350389933,42.297449343759034,-57.03617943033396,-53.63488083487548,-3.401298595458478,2909841.55,False,False,False,False,False,False,False,False,False
2026-05-04,3188.271033912018,3245.324414621771,3170.7134098457645,3227.7667905555177,1866150,3174.6470330340644,3254.5073554967134,3591.7920907757925,54.04418343266595,-44.56376051963707,-51.82065677182781,7.256896252190735,2837527.7,False,False,False,False,True,False,False,False,False
2026-05-05,3176.5137261918953,3199.880160451796,3138.8602864051436,3162.2267206650445,992316,3168.73368038084,3250.222660073273,3585.807018795966,47.703633005857036,-39.51234090257958,-49.35899359797816,9.846652695398582,2768278.5,False,False,False,False,False,False,False,False,False
2026-05-06,3114.555702718882,3128.1524761605274,3095.7844653302745,3109.38123877192,3409637,3158.6413365127432,3243.4230282428734,3579.908464044694,43.2931805955682,-39.31998687040368,-47.35119225246327,8.03120538205959,2787602.2,False,False,False,False,False,False,False,False,False
2026-05-07,3020.2767259041298,3024.108743556241,3013.971078405832,3017.803096057943,473499,3145.1847344608236,3236.317791238008,3573.598974442282,36.92242987978118,-46.02657003183276,-47.08626780833717,1.0596977765044073,2687536.7,False,False,False,False,False,False,False,False,False
2026-05-08,3046.647720778762,3054.6534578567866,3037.86674631837,3045.8724833963947,3467623,3132.618265372207,3229.190883073298,3567.4264291741183,39.844382011216005,-48.51734280616074,-47.37248280790189,-1.1448599982588519,2762079.85,False,False,False,False,False,True,False,False,False
2026-05-11,3044.929354510239,3089.9701831908164,3013.8693202936056,3058.910148974183,2947085,3123.359080011921,3221.576711563188,3561.7572706373467,41.20669716308165,-48.875857066951085,-47.673157659711734,-1.2026994072393506,2773193.2,False,False,False,False,False,False,False,False,False
2026-05-12,3101.287921982603,3104.308155065613,3087.6401407459593,3090.660373828969,2967083,3114.4340314190476,3215.7952567154193,3556.2222854622914,44.502824107734696,-46.06697301428903,-47.3519207306272,1.2849477163381664,2760378.3,False,False,False,False,True,False,False,False,False
2026-05-13,3017.9344487811804,3066.7151397962016,2984.09521421589,3032.875905230911,3552422,3104.392182519365,3209.8843097811805,3550.746350091898,40.09691043604901,-47.95088786957831,-47.47171415841742,-0.4791737111608896,2775749.95,False,False,False,False,False,True,False,False,False
2026-05-14,3048.8036078360433,3067.1657293446456,3022.869752726057,3041.2318742346592,5640857,3095.149649515494,3205.6669159665,3545.860113453052,41.006453563096976,-48.21386764627641,-47.620144855989224,-0.5937227902871882,2812282.4,False,False,False,False,False,False,False,False,False
2026-05-15,3028.2091867270146,3052.6958437230683,3023.7572064353158,3048.2438634313694,861901,3088.9238627816057,3202.994521932782,3541.123091900341,41.80497945317532,-47.31109918615948,-47.55833572202328,0.24723653586379868,2731349.4,False,False,False,False,True,False,False,False,False
2026-05-18,3058.49839693576,3092.6648417569427,3046.1653242463253,3080.331769067508,2198130,3086.696964734936,3200.7294473037664,3536.894062345787,45.44421466112515,-43.50492516596387,-46.7476536108114,3.242728444847529,2683821.35,False,False,False,False,False,False,False,False,False
2026-05-19,3135.6858797849986,3150.2063186542314,3124.0586841629965,3138.5791230322293,2167719,3088.5530690801156,3200.7531064592995,3532.9874433673035,51.38707550223373,-35.38058480348582,-44.47423984934628,9.093655045860466,2646997.7,False,False,False,False,False,False,False,False,False
2026-05-20,3139.3953166846018,3174.9214722905517,3110.3676380365346,3145.8937936424845,4754323,3090.6465839325897,3199.8084965745225,3528.4955760582325,52.092837794877326,-28.0286568377237,-41.18512324702177,13.15646640929807,2764018.85,False,False,False,False,False,False,False,False,False
2026-05-21,3131.514174807124,3149.2232875223417,3117.0085305038547,3134.717643219072,3111610,3094.0501160248523,3199.1931084639054,3524.2367058189648,50.877451869822984,-22.840729185073997,-37.51624443463221,14.675515249558217,2761901.75,False,False,False,False,False,False,False,False,False
2026-05-22,3156.536770158371,3184.229170247137,3125.0315723455965,3152.7239724343626,1586010,3097.700619091144,3198.8217871945903,3520.063688385523,52.788626841704364,-17.079417962148,-33.42887914013537,16.349461177987372,2715170.15,False,False,False,False,False,False,False,False,False
2026-05-25,3119.8414907535407,3180.586067453049,3102.9514802482404,3163.6960569477487,1850696,3100.062864525192,3195.945322989159,3516.3420218076,53.963973653961496,-11.495666895116756,-29.042236691131652,17.546569796014897,2749232.95,False,False,False,False,False,False,False,False,False
2026-05-26,3062.341362512449,3111.998015346063,3032.5299891082377,3082.1866419418516,3125602,3101.3943073126907,3190.000358457177,3512.523262199378,45.00112456978877,-13.492103958225016,-25.932210144550325,12.440106186325309,2776611.65,False,False,False,False,False,False,False,False,False
2026-05-27,3158.6595570168142,3180.1213958227927,3093.0442227754015,3114.50606158138,2845318,3102.723502858072,3184.4324623430766,3509.2190795486868,48.643447793224695,-12.324320558268028,-23.210632227293864,10.886311669025837,2724518.5,False,False,False,False,False,False,False,False,False
2026-05-28,3084.9979149363335,3112.167200164365,3070.6556425769672,3097.824927804999,3661610,3103.25480806428,3178.568152611399,3505.8820750240598,46.91643186226733,-12.599631180824872,-21.088432018000066,8.488800837175194,2757903.9,False,False,False,False,False,False,False,False,False
2026-05-29,3105.5424211081963,3154.0589206434847,3048.7095560071384,3097.226055542427,894288,3102.1329270180486,3172.257284726627,3503.1458865051204,46.8521194865068,-12.719518131912537,-19.414649240782563,6.695131108870026,2618693.95,False,False,False,False,False,False,False,False,False
2026-06-01,3061.174816704138,3099.709090241815,3053.6486203186328,3092.18289385631,2664006,3095.353732183088,3167.573475920654,3500.4049571462047,46.276829844253456,-13.070798377589654,-18.145879068143984,5.07508069055433,2658586.75,False,False,False,False,False,False,False,False,False
2026-06-02,3011.5226774276966,3025.9905965687312,3006.5054967974033,3020.973415938438,3103837,3088.291066946758,3161.701341586491,3497.4451358897363,38.99577275053117,-18.877591129017674,-18.292221480318723,-0.5853696486989506,2764162.8,False,False,False,False,False,True,False,False,False
2026-06-03,3058.0581846069017,3079.010180246679,3045.810694036839,3066.762689676616,2735350,3086.160139491993,3158.304580116941,3494.615948100194,44.989376663393905,-19.559237788440896,-18.545624741943158,-1.0136130464977384,2730448.45,False,False,False,False,False,False,False,False,False
2026-06-04,3025.4666236591183,3070.4526447856438,2989.7325618423242,3034.7185829688497,2612369,3087.005913837538,3152.496501601236,3491.7281513408207,41.88778512325728,-22.42661917876876,-19.32182362930828,-3.10479554946048,2837391.95,False,False,False,False,False,False,False,False,False
2026-06-05,3012.998007469263,3015.9380447971234,2992.983494179413,2995.9235315072733,1734198,3084.508466243082,3146.5064553303696,3488.556192219039,38.43321371158876,-27.512330992299212,-20.959925101906467,-6.552405890392745,2750720.7,False,False,False,False,False,False,False,False,False
2026-06-08,3010.4268160753427,3059.4769582763906,2971.500873642114,3020.551015843162,2592070,3082.590509586531,3140.674201182657,3485.566592022899,41.71916374325926,-29.21874655739066,-22.611689393003306,-6.607057164387353,2732969.95,False,False,False,False,False,False,False,False,False
2026-06-09,2986.590232530651,3020.1148160675493,2960.678109637287,2994.2026931741852,3301608,3077.7676255537917,3134.2740580913874,3482.232102227138,39.30231113905482,-32.32456515825061,-24.55426454605277,-7.770300612197836,2749696.2,False,False,False,False,False,False,False,False,False
2026-06-10,2926.2706411955505,2935.7417150131128,2914.177285557791,2923.6483593753533,3445989,3072.306248261014,3127.871662209845,3478.4071110247246,33.676369284455575,-40.017793651044485,-27.646970367051114,-12.37082328399337,2744374.55,False,False,False,False,False,False,False,False,False
2026-06-11,2883.2302447208276,2911.770819290988,2854.9147417664267,2883.455316336587,1597641,3064.4174203661105,3118.999158797883,3474.2229207703263,30.95769233084222,-48.79549127497512,-31.87667454863592,-16.9188167263392,2542213.75,False,False,False,False,False,False,False,False,False
2026-06-12,2896.7309006605888,2911.2113632408054,2885.739166700133,2900.2196292803496,3606196,3057.0162086585597,3110.6757149304376,3470.183392156857,33.37369615886418,-53.77920671387983,-36.2571809816847,-17.522025732195132,2679428.5,False,False,False,False,False,False,False,False,False
2026-06-15,2932.2267468962486,2952.3694487236917,2901.841220112392,2921.983921939835,56161,3049.0988163021757,3103.2490892076744,3466.231940612892,36.481311951198116,-55.33477572920174,-40.072699931188104,-15.262075798013633,2572330.05,False,False,False,False,False,False,False,False,False
2026-06-16,2943.4387272876306,2975.850716675338,2892.7964041323316,2925.208393520039,3753478,3038.430279826566,3096.143381603484,3462.2554464907216,36.95051606876536,-55.66570784330679,-43.19130151361184,-12.47440632969495,2651618.0,False,False,False,False,False,False,False,False,False
2026-06-17,2915.640732007966,2977.9394422050136,2887.0613729798633,2949.360083176911,4629946,3028.6035943032875,3088.9060209443455,3458.6297035949146,40.49603532053883,-53.36398758579435,-45.225838728048345,-8.138148857746003,2645399.15,False,False,False,False,False,False,False,False,False
2026-06-18,2823.4488989761385,2838.235132580587,2803.255059735391,2818.0412933398397,2689248,3012.7697768093262,3079.528144069215,3454.451483950948,30.464691219630282,-61.42808187148921,-48.46628735673652,-12.96179451475269,2624281.05,False,False,False,False,False,False,False,False,False
2026-06-19,2896.569219758052,2919.26927474122,2891.724189984092,2914.42424496726,5140122,3000.8547904359707,3071.8725916651856,3451.0592274120518,41.85020959783303,-59.35740083306291,-50.644510052001806,-8.712890781061105,2801986.65,False,False,False,False,False,False,False,False,False
2026-06-22,2939.4724774504457,2967.055108825228,2908.876577131616,2936.4592085063987,4914558,2989.4929480139035,3065.719898711716,3447.8813947371987,44.10355818794001,-55.30085989860345,-51.57578002132214,-3.72507987728131,2955179.75,False,False,False,False,False,False,False,False,False
2026-06-23,3031.3448129791363,3056.3179141694313,3003.039848905673,3028.012950095968,3221024,2986.7842634216095,3060.896930799907,3444.8969407568497,52.36336271197305,-44.18901670464675,-50.09842735798706,5.909410653340316,2959950.85,False,False,False,False,True,False,False,False,False
2026-06-24,3008.638784849258,3055.2581049751366,2974.426929956856,3021.0462500827343,3408891,2982.111272846677,3056.64359813707,3441.4202207574326,51.736862260223965,-35.53532626366041,-47.185807139121735,11.650480875461326,2988129.5,False,False,False,False,False,False,False,False,False
2026-06-25,3087.6088012878004,3117.596446018935,3051.024809168365,3081.0124538994996,3245853,2981.270649151402,3053.7421965288186,3438.1071254805515,56.555185552676505,-23.566779587890778,-42.46200162887555,18.89522204098477,2967341.65,False,False,False,False,False,False,True,False,False
2026-06-26,3078.4317372398386,3111.7922117086805,3067.785122748678,3101.14559721752,2102509,2981.4666262351566,3052.3099165109866,3434.9103414627425,58.0687734995279,-12.315083100446373,-36.43261792318972,24.117534822743345,3027752.7,False,False,False,False,False,False,True,False,False
2026-06-29,3124.3997245781866,3151.680449500357,3088.860148567734,3116.1408734899046,1620948,2982.664525216836,3052.1353393807663,3431.9615954977153,59.20866930854651,-2.163104177153855,-29.57871517398255,27.415610996828693,2975599.8,False,False,False,False,False,False,True,False,False
2026-06-30,3130.537520766475,3166.4198919836217,3104.1176287828534,3140.0,3754400,2988.6158544199143,3052.9061986581933,3429.103789706899,61.02421512224674,7.718668366710972,-22.119238465843843,29.837906832554815,3008127.95,False,False,False,False,False,False,True,False,False
