Date,Open,High,Low,Close,Volume,DMA20,DMA50,DMA200,RSI,MACD,MACD_Signal,MACD_Hist,Vol_Avg20,RSI_Oversold,RSI_Overbought,RSI_Bull_Cross,RSI_Bear_Cross,MACD_Bull_Cross,MACD_Bear_Cross,Above_DMA50,Golden_Cross,Death_Cross
2024-07-01,2139.648485631672,2182.3581880849824,2114.5592269678737,2157.268929421184,10410165,,,,50.0,0.0,0.0,0.0,,False,False,False,False,False,False,False,False,False
2024-07-02,2146.1909731501323,2152.60485429245,2135.08965079721,2141.503531939528,8391138,,,,50.0,-1.2576385455454329,-0.25152770910908656,-1.0061108364363462,,False,False,False,False,False,False,False,False,False
2024-07-03,2146.4421106997816,2165.912467589197,2127.07920701864,2146.5495639080555,7024408,,,,50.0,-1.826103362423055,-0.5664428397718803,-1.2596605226511746,,False,False,False,False,False,False,False,False,False
2024-07-04,2149.550475397613,2150.3217547989025,2146.096318535675,2146.8675979369646,7096226,,,,50.0,-2.2253012495516487,-0.898214521727834,-1.3270867278238145,,False,False,False,False,False,False,False,False,False
2024-07-05,2144.5595849264555,2177.9851857088497,2117.611966640085,2151.0375674224792,4920795,,,,50.0,-2.1800564300865517,-1.1545829033995776,-1.0254735266869741,7568546.4,False,False,False,False,False,False,False,False,False
2024-07-08,2165.0248362581565,2171.908505687845,2158.345603152101,2165.2292725817892,4938378,2151.409410535,,,50.0,-0.9876624257162803,-1.121198807862918,0.13353638214663777,7130185.0,False,False,False,False,True,False,False,False,False
2024-07-09,2153.2433959896125,2173.5029259386806,2140.0193566065414,2160.2788865556095,3794911,2152.676478537944,,,50.0,-0.43709777565482,-0.9843786014212985,0.5472808257664785,6653717.285714285,False,False,False,False,False,False,False,False,False
2024-07-10,2127.8514032348435,2142.7812743823147,2126.2086217281844,2141.1384928756556,2526614,2151.2342303301584,,,50.0,-1.5276315453675124,-1.0930291902105413,-0.4346023551569711,6137829.375,False,False,False,False,False,True,False,False,False
2024-07-11,2150.1592598760785,2160.3546731791935,2128.039068814563,2138.234482117678,10287593,2149.789813862105,,,50.0,-2.596288416344578,-1.3936810354373488,-1.202607380907229,6598914.222222222,False,False,False,False,False,False,False,False,False
2024-07-12,2101.93200241722,2120.6988454358593,2097.2229085205795,2115.989751539219,8442328,2146.4098076298164,,,50.0,-5.178476285433135,-2.150640085436506,-3.027836199996629,6783255.6,False,False,False,False,False,False,False,False,False
2024-07-15,2126.093855365178,2130.393180301997,2114.098490313534,2118.397815250353,7012255,2143.8632628680466,,,50.0,-6.950447724025253,-3.1106016131542553,-3.8398461108709974,6804073.7272727275,False,False,False,False,False,False,False,False,False
2024-07-16,2097.9611093220396,2107.1210404748635,2093.9845594348967,2103.1444905877206,7275115,2140.470031844686,,,50.0,-9.476326485479603,-4.383746587619325,-5.092579897860278,6843327.166666667,False,False,False,False,False,False,False,False,False
2024-07-17,2086.6415835114108,2111.561043315731,2084.039706882436,2108.959166686756,8092916,2138.04611914023,,,50.0,-10.88345019683311,-5.683687309462083,-5.199762887371027,6939449.384615385,False,False,False,False,False,False,False,False,False
2024-07-18,2074.31936737889,2085.0758316221754,2072.7320271695985,2083.488491412884,6048829,2134.149145731134,,,50.0,-13.893718366358371,-7.325693520841341,-6.56802484551703,6875833.642857143,False,False,False,False,False,False,False,False,False
2024-07-19,2084.210618590595,2098.819540622944,2060.953003349975,2075.561925382324,4899731,2130.2433310412134,,,10.29531028601933,-16.7261762638218,-9.205790069437432,-7.520386194384367,6744093.466666667,True,False,False,False,False,False,False,False,False
2024-07-22,2055.6748710169545,2075.522442942193,2030.387525801471,2050.2350977267092,7916565,2125.242816459057,2125.242816459057,,8.925041866025012,-20.775100455002303,-11.519652146550406,-9.255448308451896,6817372.9375,True,False,False,False,False,False,False,False,False
2024-07-23,2055.9273552355435,2069.4950271536804,2033.1731593605102,2046.740831278647,5325494,2120.625052624915,2120.625052624915,,8.751967866600666,-23.98932612822273,-14.01358694288487,-9.975739185337858,6729615.352941177,True,False,False,False,False,False,False,False,False
2024-07-24,2035.7638313582459,2046.2053011535777,2014.5473053900166,2024.9887751853485,2758530,2115.311926100495,2115.311926100495,,7.745089544860903,-27.969418225758545,-16.804753199459608,-11.164665026298938,6508999.5,True,False,False,False,False,False,False,False,False
2024-07-25,1981.802766297858,1999.4240431461862,1965.3008239975832,1982.9221008459115,5134819,2108.34404056078,2108.34404056078,,6.248035962281932,-34.12473029249213,-20.268748618066112,-13.855981674426019,6436674.2105263155,True,False,False,False,False,False,False,False,False
2024-07-26,1995.9439090376945,1999.0556448646153,1985.5992227464963,1988.710958573417,11035631,2102.362386461412,2102.362386461412,,8.858784818586287,-38.09659320078754,-23.8343175346104,-14.262275666177139,6666622.05,True,False,False,False,False,False,False,False,False
2024-07-29,1972.1384486205807,1973.1082421199183,1962.453783648564,1963.4235771479016,4688559,2092.6701188477477,2095.746252684578,,7.832681994202346,-42.79152940276049,-27.62575990824042,-15.16576949452007,6380541.75,True,False,False,False,False,False,False,False,False
2024-07-30,1998.9701567469945,2014.329467267651,1977.4253888876613,1992.7846994083177,11350285,2085.2341772211867,2091.0661820811115,,19.49284649176876,-43.64004767808774,-30.828617462209884,-12.811430215877856,6528499.1,True,False,False,False,False,False,False,False,False
2024-07-31,1990.9003024766178,2016.0917894821462,1985.0799624312576,2010.271449436786,6081569,2078.4202714976236,2087.553367618315,,25.53511967830387,-42.412564299755786,-33.145406829719064,-9.267157470036722,6481357.15,True,False,False,False,False,False,False,False,False
2024-08-01,2012.0283083363925,2021.7527554747087,2004.5978837657683,2014.3223309040845,1645107,2071.7930081459795,2084.5020744218887,,26.90374982105594,-40.644379492563075,-34.64520136228787,-5.9991781302752045,6208801.2,True,False,False,False,False,False,False,False,False
2024-08-02,1983.6055572625035,1993.3435923294928,1970.9027585459487,1980.640793612938,5225637,2063.2731694555027,2080.3476231895306,,23.10179175305275,-41.482711983172294,-36.01270348646476,-5.4700084967075355,6224043.3,True,False,False,False,False,False,False,False,False
2024-08-05,2007.2076131927092,2019.0526937338109,1980.9815744658665,1992.8266550069682,6453350,2054.6530385767614,2076.981432105586,,27.11491224988835,-40.69469622235192,-36.94910203364219,-3.745594188709731,6299791.9,True,False,False,False,False,False,False,False,False
2024-08-06,1985.111887557502,1985.3717745023205,1982.1261805554868,1982.3860675003052,10095867,2045.7583976239962,2073.4779000831677,,25.86924206170235,-40.44641511429336,-37.648564649772425,-2.797850464520934,6614839.7,True,False,False,False,False,False,False,False,False
2024-08-07,1981.8199755179055,2015.4680815934769,1972.2158454041116,2005.863951479683,4164318,2038.9946705541975,2071.063116204472,,33.2908648277773,-37.91808543738239,-37.702468807294416,-0.21561663008797183,6696724.9,False,False,True,False,False,False,False,False,False
2024-08-08,2007.336572857483,2016.6251048894685,1985.8513269457926,1995.1398589777782,3684220,2031.8399393972027,2068.4450728518273,,31.72831551048378,-36.36056859166524,-37.43408876416858,1.0735201725033363,6366556.25,False,False,False,False,True,False,False,False,False
2024-08-09,2009.1201623759846,2011.7362022347634,1998.4999830940635,2001.1160229528423,3691434,2026.0962529678836,2066.200771188528,,33.598704117384216,-34.249195377304204,-36.797110086795705,2.5479147094915007,6129011.55,False,False,False,False,False,False,False,False,False
2024-08-12,1977.2539932511268,1984.3663612484374,1969.4564626320519,1976.5688306293625,5275588,2019.0048037368342,2063.3094182672644,,29.967089180986335,-34.162861957358245,-36.27026046090821,2.107398503549966,6042178.2,True,False,False,False,False,False,False,False,False
2024-08-13,1959.8308093944129,1964.721319814494,1954.7435393830453,1959.6340498031266,9854230,2011.8292816976045,2060.0695630027603,,27.73948464704634,-35.05682413633281,-36.02757319599313,0.9707490596603208,6171133.95,True,False,False,False,False,False,False,False,False
2024-08-14,1972.0855798805349,1988.383948980968,1965.1056415634855,1981.4040106639186,6697022,2005.4515238964627,2057.6857583864316,,34.48192922137228,-33.62107883311478,-35.54627432341746,1.9251954903026771,6101339.25,False,False,True,False,False,False,False,False,False
2024-08-15,1985.8238153941672,1987.9717828595724,1983.5307725723628,1985.678740037768,4798235,2000.561036327707,2055.5679049055884,,35.749661107229514,-31.77205690666119,-34.791430840066205,3.0193739334050136,6038809.55,False,False,False,False,False,False,False,False,False
2024-08-16,1993.122727757394,2006.6394155451428,1978.425810932769,1991.942498720518,5718982,1996.3800649946165,2053.750036157444,,37.65332675726461,-29.461645224272615,-33.72547371690749,4.263828492634872,6079772.1,False,False,False,False,False,False,False,False,False
2024-08-19,2018.2756032688674,2028.8139017225467,2002.7048331004564,2013.2431315541357,3594549,1994.5304666859877,2052.6248443629074,,43.7561712017919,-25.616552594941368,-32.10368949251426,6.487136897572896,5863671.3,False,False,False,False,False,False,False,False,False
2024-08-20,2049.0480639063635,2079.2890318539726,2029.327955964636,2059.568923912245,5860866,1995.171871317668,2052.8125221885653,,54.24589618187164,-18.616584305844754,-29.406268455180363,10.78968414933561,5890439.9,False,False,False,False,False,False,True,False,False
2024-08-21,2086.1932539375525,2095.329754490226,2064.1044775520068,2073.2409781046804,6398055,1997.5844814636343,2053.350113133726,,56.806281990173126,-11.829475661647848,-25.89090989647386,14.061434234826013,6072416.15,False,False,False,False,False,False,True,False,False
2024-08-22,2072.50954887508,2082.8873111552616,2055.4952138977274,2065.872976177909,4463711,2001.7320252302343,2053.671212186141,,55.019416022190505,-6.964892397114681,-22.105706396602027,15.140813999487346,6038860.75,False,False,False,False,False,False,True,False,False
2024-08-23,2015.4221961470043,2015.668525198519,2006.198456525853,2006.4447855773678,7210893,2002.6187165804317,2052.490551520922,,43.21258560985584,-7.814947580818625,-19.247554633445347,11.432607052626722,5847623.85,False,False,False,False,False,False,False,False,False
2024-08-26,2034.4059072060622,2051.183411062552,2011.3154186818233,2028.092922538313,3735523,2005.8521838499523,2051.8954873993944,,47.62198171789976,-6.664969091613102,-16.731037525078897,10.066068433465794,5799972.05,False,False,False,False,False,False,False,False,False
2024-08-27,2024.5480783810535,2044.8921545053731,2009.8286521205541,2030.1727282448737,4878387,2007.7215852917802,2051.3782788480967,,48.03941585880399,-5.522124303346345,-14.489254880732387,8.967130577386042,5476377.15,False,False,False,False,False,False,False,False,False
2024-08-28,2000.7374280399224,2016.1280380945245,1997.3428131731735,2012.7334232277756,4668129,2007.8446839813296,2050.4795612755306,,44.814291056588566,-5.954972526969868,-12.782398409979884,6.827425883010015,5405705.15,False,False,False,False,False,False,False,False,False
2024-08-29,2019.7569398614562,2031.1953378199776,2009.8697861567434,2021.3081841152648,4309938,2008.1939766418886,2049.8165754309794,,46.708737551242336,-5.542209183775867,-11.33436056473908,5.7921513809632135,5538946.7,False,False,False,False,False,False,False,False,False
2024-08-30,2044.624071877227,2057.8817057513797,2007.190658876468,2020.4482927506208,3547216,2010.1843515987725,2049.1639469269717,,46.53621216779954,-5.224255343595587,-10.112339520510382,4.888084176914795,5455025.65,False,False,False,False,False,False,False,False,False
2024-09-02,1988.3539970528452,2021.5341684311634,1970.0598905960617,2003.2400619743798,5624560,2010.7050219471432,2048.165601601915,,43.10491023824887,-6.288346894338474,-9.347540995276,3.0591941009375265,5413586.15,False,False,False,False,False,False,False,False,False
2024-09-03,2031.1306230655937,2033.741080500007,2020.505380728238,2023.1158381626512,8205822,2012.7415104802608,2047.632627911718,,47.88466885438364,-5.464842779253786,-8.571001352071558,3.1061585728177725,5319083.9,False,False,False,False,False,False,False,False,False
2024-09-04,2038.402217674315,2058.902496133038,2019.5284305300336,2040.0287089887568,8259767,2014.4497483557145,2047.4742129341564,,51.609998678970584,-3.4081949561875717,-7.538440072894762,4.13024511670719,5523856.35,False,False,False,False,False,False,False,False,False
2024-09-05,2029.2874412255653,2043.6747776622017,2005.6265055758852,2020.0138420125215,3530020,2015.6934475074515,2046.9137972010617,,47.30087952335808,-3.3546489281720824,-6.701681843950226,3.3470329157781435,5516146.35,False,False,False,False,False,False,False,False,False
2024-09-06,2019.339280053073,2041.4754944126346,2006.7091447284051,2028.8453590879667,2734364,2017.0799143142078,2046.5524284388,,49.311951056732326,-2.5699588098548247,-5.875337237131147,3.305378427276322,5468292.85,False,False,False,False,False,False,False,False,False
2024-09-09,2009.8203180762594,2020.8774670602436,1996.7108430293854,2007.7679920133696,3852478,2018.6398723834081,2043.5624096906436,,44.90734325487589,-3.607271232396215,-5.421724036184161,1.8144528037879457,5397137.35,False,False,False,False,False,False,False,False,False
2024-09-10,2036.472295341684,2051.639171402675,2035.742254340917,2050.909130401908,7362678,2023.2036264133471,2041.7505216598913,,53.970007439689134,-0.9374135582943381,-4.524861940606197,3.587448382311859,5272559.75,False,False,False,False,False,False,True,False,False
2024-09-11,2060.2734696337966,2083.82038557801,2024.5693666685681,2048.116282612781,4358597,2026.5392400107903,2039.781856033986,,53.35807611737289,0.9422467736590079,-3.4314401977531563,4.373686971412164,5155638.5,False,False,False,False,False,False,True,False,False
2024-09-12,2054.0593084034736,2062.1051117835336,2038.7385080001634,2046.7843113802237,3511810,2029.5945185779133,2037.780190302851,,53.049145565422656,2.297923154516411,-2.285567527299243,4.583490681815654,5091317.25,False,False,False,False,False,False,True,False,False
2024-09-13,2035.2042084672453,2052.5841576279595,2014.1324941612586,2031.512443321973,4666345,2031.573015807986,2035.3896878208407,,49.509717061769884,2.1156069336807377,-1.4053326351032467,3.5209395687839846,5038685.4,False,False,False,False,False,False,False,False,False
2024-09-16,2032.6455539539327,2050.484136000383,2016.8285483391232,2034.6671303855733,7968648,2032.6442157495578,2032.7784449769167,,50.24815289791912,2.200313057088806,-0.684203496664836,2.884516553753642,5257390.35,False,False,False,False,False,False,True,False,False
2024-09-17,2017.5258735435937,2043.06646938158,2002.7056746695687,2028.246270507555,6330199,2031.0780830793233,2030.137792655955,,48.68736871505424,1.7293981144232475,-0.20148317444721936,1.930881288870467,5280857.0,False,False,False,False,False,False,False,False,False
2024-09-18,2014.3347916764699,2047.3542846039165,1996.3292937594283,2029.348786686875,3981241,2028.8834735084329,2027.90199853218,,48.980414944526764,1.4286894287545238,0.12455134619312924,1.3041380825613946,5160016.3,False,False,False,False,False,False,True,False,False
2024-09-19,2038.9278646848225,2057.8463799481337,2029.5291113619576,2048.4476266252686,8282105,2028.012206030801,2026.1062614223315,,53.892747876760595,2.7003642777606274,0.6397139325066289,2.0606503452539986,5350936.0,False,False,False,False,False,False,True,False,False
2024-09-20,2058.6044160768934,2062.7464054913535,2051.1474642777553,2055.2894536922154,2617394,2030.4544394365435,2024.8922554653916,,55.544064716995784,4.211704118900343,1.3541119697853718,2.8575921491149714,5121261.05,False,False,False,False,False,False,True,False,False
2024-09-23,2052.9904978642026,2068.673138408498,2042.6236444918545,2058.30628503615,7165690,2031.9651075614352,2023.6904248611072,,56.28747857089072,5.588464567527126,2.2009824893337226,3.387482078193403,5292769.4,False,False,False,False,False,False,True,False,False
2024-09-24,2102.8170243602062,2114.354610304496,2079.408280687753,2090.945866632043,9256326,2035.0037644807937,2023.4464523819938,,63.41559973485798,9.207164139570523,3.6022188193810827,5.60494532018944,5511666.35,False,False,False,False,False,False,True,False,False
2024-09-25,2082.922536115514,2131.8374817681856,2052.782680298896,2101.6976259515677,3626876,2039.4519746169833,2023.30122156729,,65.416205393047,12.795092876608805,5.440793630826628,7.354299245782178,5459603.7,False,False,False,False,False,False,True,False,False
2024-09-26,2121.0739752286327,2121.689965436386,2107.7037249472287,2108.319715154982,8146020,2043.8025511689689,2023.797846042132,,66.62670543949983,15.988592958872687,7.550353496435839,8.438239462436847,5651407.8,False,False,False,False,False,False,True,False,False
2024-09-27,2153.8272028870056,2175.525732972698,2131.196667538379,2152.8951976240714,1053722,2050.424896412642,2025.3445114869671,,73.38087118985752,21.86429569369193,10.413141935887058,11.451153757804871,5526733.1,False,True,False,False,False,False,True,False,False
2024-09-30,2128.3598643649125,2165.2198818685874,2109.4933108760297,2146.3533283797046,7549956,2057.580559732908,2027.266876100027,2051.0186192173674,71.10644377358598,25.696742219213775,13.469861992552403,12.226880226661372,5623002.9,False,True,False,False,False,False,True,False,False
2024-10-01,2150.227244311011,2151.3618785091044,2142.1829670941834,2143.317601292277,7501026,2063.5906478893894,2029.1984115002995,2052.396215964754,70.02184694576992,28.164364632871184,16.408762520616158,11.755602112255026,5587763.1,False,True,False,False,False,False,True,False,False
2024-10-02,2155.98767771324,2158.4995120762364,2154.682643912629,2157.1944782756254,4720110,2069.4489363537327,2031.842525562105,2053.937366881091,72.11563996921342,30.883712954119346,19.303752607316795,11.579960346802551,5410780.25,False,True,False,False,False,False,True,False,False
2024-10-03,2159.237169043141,2168.0597338526927,2159.188671184661,2168.0112359942127,1377049,2076.848806052817,2035.544308265071,2055.590611360991,73.65995344536097,33.52518062547915,22.148038210949267,11.377142414529885,5303131.7,False,True,False,False,False,False,True,False,False
2024-10-04,2188.0005788961307,2190.8494192396693,2186.254303638507,2189.1031439820454,6775371,2084.8616952975212,2039.5521519732438,2057.4979332555777,76.40414230708784,36.895198604913276,25.09747028974207,11.797728315171206,5505182.05,False,True,False,False,False,False,True,False,False
2024-10-07,2196.5915364900457,2209.9116699492347,2152.8822995495198,2166.202433008709,5088957,2092.783417347288,2043.60772909046,2059.028982547875,68.10736696216033,37.28823063531536,27.535622358856727,9.75260827645863,5567006.0,False,False,False,True,False,False,True,False,False
2024-10-08,2214.041496605079,2226.578125664802,2190.9373020140533,2203.4739310737764,4761124,2100.4116573808815,2047.821513723769,2061.0351623885126,73.20687580943101,40.144449528880614,30.057387792861505,10.087061736019109,5436928.3,False,True,False,False,False,False,True,False,False
2024-10-09,2210.749217114386,2235.1389605105974,2197.2549505525412,2221.644693948753,6676129,2109.08807794768,2052.0489786140083,2063.235292957831,75.28194800273998,43.37426080555906,32.72076239540102,10.653498410158043,5552804.9,False,True,False,False,False,False,True,False,False
2024-10-10,2229.746570879358,2251.0779405578774,2207.5678689862993,2228.8992386648188,6370157,2118.19382431191,2056.340516769223,2065.473994926844,76.07851032317589,45.98915627539964,35.37444117140074,10.614715103998897,5695722.25,False,True,False,False,False,False,True,False,False
2024-10-11,2220.436414645394,2223.2665942014514,2197.794347395213,2200.6245269512706,5766892,2126.6494284933747,2060.74019143599,2067.2760020205033,67.01401069717895,45.25823804498714,37.35120054611802,7.907037498869116,5750749.6,False,False,False,True,False,False,True,False,False
2024-10-14,2197.1587597378957,2225.2987995383446,2171.4385716300185,2199.5786114304674,7440733,2134.8950025456193,2064.87523056446,2069.016825828529,66.69743753836218,44.08638305887371,38.698237048669164,5.388146010204544,5724353.85,False,False,False,False,False,False,True,False,False
2024-10-15,2317.419180052293,2330.425334813656,2308.8421975340225,2321.848352295385,6359784,2149.575106635011,2071.664476260361,2072.3003521462806,79.11703835622885,52.41956565374858,41.44250276968505,10.977062884063528,5725833.1,False,True,False,False,False,False,True,False,False
2024-10-16,2373.908842781336,2391.164099723242,2352.5881809196026,2369.843437861509,3760042,2166.5998391937424,2078.944065987998,2076.1150070913477,81.96089349460783,62.1797062429996,45.58994346434797,16.589762778651632,5714773.15,False,True,False,False,False,False,True,True,False
2024-10-17,2426.335603891512,2457.8997217489546,2413.8469494893848,2445.411067346827,5551413,2186.4480112298206,2087.949490155379,2080.7896407654675,85.34487903706419,75.14612636454058,51.50118004438649,23.64494632015409,5578238.55,False,True,False,False,False,False,True,False,False
2024-10-18,2468.045458823279,2491.0510602554173,2435.3620118597555,2458.3676132918936,3677834,2206.6019192098042,2097.09452196216,2085.5093654220477,85.83550736844455,85.48220703242532,58.297385441994265,27.184821590431056,5631260.55,False,True,False,False,False,False,True,False,False
2024-10-21,2449.4586531072805,2461.859317282699,2443.944509796037,2456.3451739714556,6730837,2226.5038636565696,2106.6900488290016,2090.0875852806826,85.35515062396931,92.44478553546287,65.12686546068798,27.31792007477489,5609517.9,False,True,False,False,False,False,True,False,False
2024-10-22,2444.053366679241,2455.450180106137,2423.6998056884063,2435.096619115302,4224328,2243.711401280733,2116.199300215245,2094.295012522568,80.27236762743105,95.15125394065171,71.13174315668073,24.019510783970986,5357918.0,False,True,False,False,False,False,True,False,False
2024-10-23,2420.2587953988223,2461.868156008486,2405.247994487766,2446.8573550974297,521173,2260.969387738026,2125.5083671039156,2098.542751589735,80.94858881083742,97.12553998955173,76.33050252325492,20.795037466296804,5202632.85,False,True,False,False,False,False,True,False,False
2024-10-24,2499.314324251104,2499.7315022894095,2491.589426134276,2492.0066041725813,7908652,2280.153732188906,2135.6349243866116,2103.226845072864,83.31333277017373,101.16715103682691,81.29783222596933,19.86931881085758,5190764.45,False,True,False,False,False,False,True,False,False
2024-10-25,2463.6339138319845,2495.191736281264,2452.422280802265,2483.9801032515447,1764585,2296.7079774702793,2145.4756764772324,2107.706295169084,81.37944133479948,102.54046274071334,85.54635832891813,16.994104411795206,5226307.6,False,True,False,False,False,False,True,False,False
2024-10-28,2476.531602861327,2483.4168669719757,2474.8056369030255,2481.690901013674,8811696,2313.474856101978,2154.844631866423,2112.0549533765793,80.80335238258857,102.26525249839324,88.89013716281316,13.375115335580077,5289394.6,False,True,False,False,False,False,True,False,False
2024-10-29,2522.001786221673,2553.8876492361746,2496.858104785758,2528.7439678002597,10240141,2332.746174427377,2164.2281327441833,2116.8444822780007,83.40392345948909,104.63773695250393,92.03965712075133,12.5980798317526,5426350.35,False,True,False,False,False,False,True,False,False
2024-10-30,2542.040342736585,2565.5478930269464,2512.0701528541936,2535.577703144555,5890478,2351.6653356708234,2173.4748672449805,2121.602814333303,83.7482716411287,105.84920950723517,94.80156759804811,11.047641909187064,5484868.75,False,True,False,False,False,False,True,False,False
2024-10-31,2474.8209800985182,2488.70377311547,2466.150554307723,2480.0333473246747,11538032,2367.2664412373465,2181.758074667916,2125.630123692756,70.87592899835558,101.16122133505723,96.07349834544995,5.087722989607286,5992917.9,False,True,False,False,False,False,True,False,False
2024-11-01,2529.6344195951024,2530.2260148846217,2524.5155378510212,2525.1071331405406,2426497,2384.0666406952714,2192.1313216191793,2130.068757131065,74.32471185043426,99.93109133549888,96.84501694345974,3.086074392039137,5775474.2,False,True,False,False,False,False,True,False,False
2024-11-04,2481.085144816067,2516.84932997609,2457.093680989472,2492.857866149495,3449009,2400.3994123523107,2201.4266204914034,2134.055450636762,68.11020788254513,95.25590731564216,96.52719501789623,-1.271287702254071,5693476.8,False,False,False,True,False,True,True,False,False
2024-11-05,2460.6276756310617,2477.584014220536,2452.840176166882,2469.7965147563564,7905959,2413.7155415364396,2210.2190962216328,2137.704810029366,63.989859116230875,88.6678244844993,94.95532091121686,-6.287496426717553,5850718.55,False,False,False,False,False,False,True,False,False
2024-11-06,2402.9384748881757,2438.151103224862,2382.6358634104395,2417.8484917471255,3396613,2423.5257314263586,2218.32139759202,2140.7171076822456,55.800846929500096,78.35175975298762,91.63460867957102,-13.282848926583398,5686742.75,False,False,False,False,False,False,True,False,False
2024-11-07,2368.6850706341575,2418.8977976624838,2342.3395475237685,2392.5522745520943,6013291,2431.708383220722,2225.746279400756,2143.3962052021375,52.29152726178985,67.35854345202279,86.77939563406137,-19.420852182038587,5668899.45,False,False,False,False,False,False,True,False,False
2024-11-08,2405.2019444718126,2417.283739312116,2378.9896036364657,2391.071398476769,7156781,2441.230726796997,2233.1587415152794,2146.0033124997653,52.08501646408886,57.85987340449401,80.99549118814791,-23.1356177836539,5738393.9,False,False,False,False,False,False,True,False,False
2024-11-11,2365.413545403001,2377.683739683638,2343.531533547462,2355.801727828099,6570249,2449.041882616879,2240.2099748323535,2148.188712659435,47.29442878489384,46.94498868981782,74.18539068848189,-27.24040199866407,5694869.7,False,False,False,False,False,False,True,False,False
2024-11-12,2340.0808628036634,2356.553737429483,2312.151745730648,2328.624620356468,5454195,2449.3806960199327,2246.32015047623,2150.0488766563117,43.94068901444873,35.69048082514337,66.48640871581419,-30.795927890670825,5649590.25,False,False,False,False,False,False,True,False,False
2024-11-13,2297.7876623999946,2299.4064587362573,2288.3698289535437,2289.9886252898064,5864970,2445.3879553913475,2251.319348802251,2151.476833275021,39.637421679287186,23.384043651489264,57.86593570294921,-34.481892051459944,5754836.65,False,False,False,False,False,False,True,False,False
2024-11-14,2268.846007741299,2287.4784867240005,2262.0870173766443,2280.7194963593456,7368059,2437.153376841973,2256.533461889188,2152.782314720317,38.65924712554731,12.736345624669411,48.840017687293255,-36.10367206262384,5845668.95,False,False,False,False,False,False,True,False,False
2024-11-15,2272.523979015383,2293.9240276111095,2240.1700333374756,2261.5700819332023,9461749,2427.313500274039,2261.187956346092,2153.870192392446,36.64713468303318,2.721399915820257,39.61629413299866,-36.894894217178404,6134864.7,False,False,False,False,False,False,True,False,False
2024-11-18,2258.7828532038807,2273.5313201133013,2243.67708326991,2258.4255501793305,7018393,2417.417519084433,2266.201107509411,2154.9053939546925,36.31290499932354,-5.406926462257616,30.611650013947408,-36.01857647620503,6149242.5,False,False,False,False,False,False,False,False,False
2024-11-19,2291.594023078265,2297.481590660299,2272.821211899781,2278.708779481815,7369477,2409.5981271027586,2270.7571004910096,2156.119152636331,40.107317625555076,-10.095620558134215,22.470195899531085,-32.5658164576653,6306499.95,False,False,False,False,False,False,True,False,False
2024-11-20,2271.375599682648,2272.76944968925,2252.30457535831,2253.698425364912,4802370,2399.9401806161322,2274.8687433460523,2157.06652421622,37.16685066650066,-15.649176995190828,14.846321320586702,-30.49549831577753,6520559.8,False,False,False,False,False,False,False,False,False
2024-11-21,2225.3657268987945,2236.5224714837905,2224.5175365037594,2235.6742810887554,5942146,2387.123564461941,2278.6465427402227,2157.822368032302,35.16591072592284,-21.259739251436258,7.62510920618211,-28.884848457618368,6422234.5,False,False,False,False,False,False,False,False,False
2024-11-22,2219.555189068281,2225.818755545322,2207.9202280329,2214.183794509941,7467739,2373.6337490248607,2282.299969763982,2158.3591435225653,32.89213986858998,-27.12754348980843,0.6745786669840017,-27.802122156792432,6707392.2,False,False,False,False,False,False,False,False,False
2024-11-25,2259.1599026502768,2261.0516237476736,2233.611243922672,2235.502965020069,3216332,2361.3243522251805,2286.316686456672,2159.086915423485,37.22822662062228,-29.715005647385624,-5.403338195889924,-24.3116674514957,6427624.0,False,False,False,False,False,False,False,False,False
2024-11-26,2292.1642776825483,2303.2675078053176,2275.7994741539464,2286.9027042767157,5642235,2349.2322890490036,2291.4898151320554,2160.281455506226,46.24620160371187,-27.303322945271248,-9.78333514576619,-17.51998779950506,6197728.7,False,False,False,False,False,False,False,False,False
2024-11-27,2314.2615968707323,2327.4203713061565,2305.8514288141896,2319.010203249614,4855753,2338.4039140542563,2297.28304346331,2161.7511661334793,50.983365015153,-22.54139700195583,-12.334947517004117,-10.206449484951712,6145992.45,False,False,False,False,False,False,True,False,False
2024-11-28,2281.2141342099508,2289.447021714921,2276.1555095853982,2284.3883970903685,8371477,2328.621666542541,2302.001858872612,2162.876278344093,46.25020885899834,-21.315514808336047,-14.131060975270504,-7.184453833065543,5987664.7,False,False,False,False,False,False,False,False,False
2024-11-29,2262.141704150831,2276.800072911278,2249.7701145750093,2264.4284833354563,6859200,2315.5877340522866,2306.1846394654767,2163.7994802076505,43.72967679119987,-21.704397778873954,-15.645728335991194,-6.05866944288276,6209299.85,False,False,False,False,False,False,False,False,False
2024-12-02,2334.698686431314,2346.887504388288,2310.9092678406887,2323.098085797663,7824915,2307.099745034696,2311.4804754807074,2165.234602780534,52.008718073824966,-17.08153839665283,-15.932890348123523,-1.1486480485293082,6428095.15,False,False,False,False,False,False,True,False,False
2024-12-03,2380.023656265087,2383.514500992954,2343.40672351496,2346.8975682428268,6455385,2300.9547977090187,2316.599509512923,2166.85659354359,54.907051356535106,-11.366444401890021,-15.019601158876824,3.653156756986803,6355566.45,False,False,False,False,True,False,True,False,False
2024-12-04,2349.17229050701,2362.5852851118025,2319.5016174176185,2332.914612022411,6085810,2296.7081037227827,2321.22384923434,2168.326133530128,52.88615457724472,-7.87472402583353,-13.590625732268165,5.715901706434636,6490026.3,False,False,False,False,False,False,True,False,False
2024-12-05,2347.553777699162,2352.763860144068,2319.591273188538,2324.801355633444,5285463,2293.3205577768504,2325.553482043909,2169.698723197701,51.69720360071096,-5.696516559657539,-12.011803897746042,6.315287338088503,6453634.9,False,False,False,False,False,False,False,False,False
2024-12-06,2370.193289363385,2414.6619546911925,2332.757573092655,2377.226238420463,2036191,2292.6282997740354,2330.0401028598367,2171.5033102865946,58.23148643781305,0.25701574083723244,-9.558039970029387,9.81505571086662,6197605.4,False,False,False,False,False,False,True,False,False
2024-12-09,2363.2795033772145,2373.724640743018,2351.2477151541184,2361.692852519922,5889976,2292.9228560086262,2334.346893342641,2173.142875305847,55.82189411702822,3.6794046709155737,-6.910551041840396,10.58995571275597,6163591.75,False,False,False,False,False,False,True,False,False
2024-12-10,2343.591533820169,2352.0368724149594,2316.999082539743,2325.4444211345335,2069477,2292.7638460475296,2337.9894297394862,2174.4445979197676,50.563747217057994,3.4272202216188816,-4.842996789148541,8.270217010767421,5994355.85,False,False,False,False,False,False,False,False,False
2024-12-11,2360.488722538597,2367.7586949669526,2341.6425103777465,2348.912482806102,7229722,2295.7100389233447,2341.823789830096,2175.92313931711,53.610390118136095,5.062679259684501,-2.861861579381933,7.924540839066434,6062593.45,False,False,False,False,False,False,True,False,False
2024-12-12,2291.5650344163328,2313.271286355017,2266.169603153845,2287.875855092529,7595157,2296.0678568600038,2344.2210822120624,2176.8639184412727,45.7187332920101,1.4173087253516314,-2.00602751843522,3.4233362437868515,6073948.35,False,False,False,False,False,False,False,False,False
2024-12-13,2322.5193562141994,2331.378320261629,2305.7391620877656,2314.5981261351953,8216284,2298.7192590701034,2346.730981855125,2178.011703505389,49.241588270331874,0.6767886608267872,-1.4694642825828188,2.146252943409606,6011675.1,False,False,False,False,False,False,False,False,False
2024-12-16,2242.0560975777976,2259.524810989589,2228.961573896074,2246.430287307865,11051692,2298.11949592653,2348.335538941108,2178.5771463467318,41.79059472172907,-5.348993845021596,-2.2453701950705742,-3.1036236499510217,6213340.05,False,False,False,False,False,True,False,False,False
2024-12-17,2266.2462175675582,2278.652042935091,2243.092571557378,2255.4983969249106,8800592,2296.9589767986845,2349.376028258131,2179.207648400651,43.02564175308761,-9.285709356278403,-3.65343802731214,-5.632271328966263,6284895.8,False,False,False,False,False,False,False,False,False
2024-12-18,2262.3010821313624,2269.082492186733,2252.66604104053,2259.4474510959008,7085815,2297.246428085234,2350.132083401074,2179.8600045201247,43.58698775942459,-11.949186311784615,-5.312587684206635,-6.63659862757798,6399068.05,False,False,False,False,False,False,False,False,False
2024-12-19,2241.6891981296976,2260.2297701607135,2222.234872931332,2240.775444962348,8859852,2297.501486278914,2350.3696075270245,2180.3512580720785,41.50474427818965,-15.389287705677816,-7.327927688500871,-8.061360017176945,6544953.35,False,False,False,False,False,False,False,False,False
2024-12-20,2277.5417355349314,2310.7673742179727,2251.0154938117257,2284.241132494767,4686952,2301.0043531781553,2352.0419396378943,2181.1823770674596,47.76093918755892,-14.441799049239762,-8.75070196064865,-5.691097088591112,6405914.0,False,False,False,False,False,False,False,False,False
2024-12-23,2263.3073790914455,2301.978073423128,2237.9321821938966,2276.602876525579,10355106,2303.0593487534306,2353.5824249397965,2181.9396826187144,46.813410759039755,-14.14420528975188,-9.829402626469296,-4.314802663282585,6762852.7,False,False,False,False,False,False,False,False,False
2024-12-24,2305.26051231679,2309.9504743523444,2294.8290304707352,2299.5189925062896,6234795,2303.69016316491,2353.1358377440147,2182.865503956412,50.017252134777564,-11.921794029130524,-10.247880907001543,-1.6739131221289814,6792480.7,False,False,False,False,False,False,False,False,False
2024-12-25,2280.4727016176234,2289.268906543494,2251.2380506035797,2260.03425552945,6338771,2300.741365778901,2350.9396540973735,2183.4683848280765,44.988676328155556,-13.194507312789483,-10.837206188159131,-2.357301124630352,6866631.6,False,False,False,False,False,False,False,False,False
2024-12-26,2233.1767132078003,2271.0398903737196,2214.3884222471543,2252.2515994130736,8411896,2299.1345258950364,2347.076464738698,2184.0015880419137,44.04864780988968,-14.66212125869697,-11.6021892022667,-3.05993205643027,6868652.55,False,False,False,False,False,False,False,False,False
2024-12-27,2239.6997783705165,2267.887203042353,2200.2618416464993,2228.449266318336,3664953,2297.3355650441804,2342.4780977992273,2184.3434932594246,41.21241272508859,-17.543633158247758,-12.790477993462913,-4.753155164784845,6708940.2,False,False,False,False,False,False,False,False,False
2024-12-30,2296.778588911993,2309.0801322831735,2293.689455900099,2305.990999271279,4573830,2296.480210717861,2339.471014305224,2185.272100175546,52.04524416505955,-13.415635201157329,-12.915509435001798,-0.5001257661555307,6546385.95,False,False,False,False,False,False,False,False,False
2024-12-31,2246.314417087022,2273.2882016235008,2243.727138306802,2270.7009228432808,8582607,2292.670378447884,2336.1831003797834,2185.919288226059,47.73415170146524,-12.843726827878982,-12.901152913577237,0.057426085698255136,6652747.05,False,False,False,False,True,False,False,False,False
2025-01-01,2290.530816856725,2312.803900501987,2274.970766165732,2297.243849810994,8000731,2290.8868403373135,2333.1908302740544,2186.7563150048927,51.02041449198711,-10.131898722297592,-12.34730207532131,2.215403353023717,6748493.1,False,False,False,False,False,False,False,False,False
2025-01-02,2306.79546426078,2341.088903547954,2281.9013389262614,2316.1947782134353,4600220,2290.456511466313,2329.6745937548717,2187.722273685554,53.279130176339955,-6.3800288670486225,-11.153847433666773,4.77381856661815,6714230.95,False,False,False,False,False,False,False,False,False
2025-01-03,2298.089338368748,2302.477227818066,2292.8179883336998,2297.2058777830175,6641062,2286.4554934344405,2325.939109245501,2188.533263345535,50.75351822139443,-4.8826068909515925,-9.899599325123736,5.016992434172144,6944474.5,False,False,False,False,False,False,False,False,False
2025-01-06,2300.3996923867485,2319.9189145463406,2265.6810912806122,2285.2003134402044,6001089,2282.6308664804546,2322.0092974940317,2189.2440504785836,49.16662628520935,-4.611479627727476,-8.841975385644485,4.230495757917009,6950030.15,False,False,False,False,False,False,False,False,False
2025-01-07,2282.139899637114,2295.0605719790615,2278.2919901861915,2291.212662528139,4532812,2280.919278550135,2317.258671388589,2189.9883469169017,50.00960013680476,-3.866887917301028,-7.846957891975793,3.980069974674765,7073196.9,False,False,False,False,False,False,False,False,False
2025-01-08,2249.663142990333,2259.7584158851646,2240.7547315070783,2250.8500044019097,6659305,2276.016154629925,2311.5641174137363,2190.4293734204166,44.65578741550958,-6.459264428691313,-7.569419199318898,1.1101547706275854,7044676.05,False,False,False,False,False,False,False,False,False
2025-01-09,2262.915683928639,2272.722007459599,2254.939345338919,2264.745668869879,7799463,2274.859645318793,2307.2583638446404,2190.9640230279665,46.76860444264481,-7.308232741552729,-7.517181907765664,0.20894916621293547,7054891.35,False,False,False,False,False,False,False,False,False
2025-01-10,2282.309661105031,2316.1675815961144,2235.414991186098,2269.2729116771816,6724587,2272.593384595892,2302.1416794153733,2191.523372232604,47.47219192751351,-7.528946577638635,-7.519534841740258,-0.00941173589837696,6980306.5,False,False,False,False,False,True,False,False,False
2025-01-13,2238.87589320641,2249.844945293848,2227.7732963769167,2238.7423484643546,5846132,2272.2089876537166,2297.0593690616706,2191.858258588857,43.31435180981247,-10.051557086391767,-8.02593929067056,-2.0256177957212067,6720028.5,False,False,False,False,False,False,False,False,False
2025-01-14,2220.5092244108146,2240.0699185261406,2217.0783606716723,2236.6390547869983,7333537,2271.266020546821,2292.3962198622835,2192.1736163085625,43.03471315986414,-12.08119778305172,-8.836990989146793,-3.2442067939049277,6646675.75,False,False,False,False,False,False,False,False,False
2025-01-15,2223.832137318979,2257.255327088663,2189.3743264240466,2222.79751619373,6093906,2269.4335238017125,2288.4952003512153,2192.3877694546127,41.15182878222767,-14.637862971258528,-9.99716538556914,-4.640697585689388,6597080.3,False,False,False,False,False,False,False,False,False
2025-01-16,2230.5933180981415,2243.1199461684487,2224.2431020673275,2236.7697301376347,6934132,2269.2332380604767,2285.3795494629267,2192.695977514911,43.82374634708488,-15.359542414114912,-11.069640791278294,-4.289901622836618,6500794.3,False,False,False,False,False,False,False,False,False
2025-01-17,2191.2675788759525,2221.08708625297,2163.2498517444797,2193.069359121497,3934837,2264.674649391813,2281.419508675821,2192.6985525604737,38.01073777286794,-19.235992743405404,-12.702911181703717,-6.533081561701687,6463188.55,False,False,False,False,False,False,False,False,False
2025-01-20,2164.6626875124466,2166.5892794401416,2162.3101255607235,2164.2367174884184,8024448,2259.0563414399553,2277.5882084690274,2192.503608484638,34.73683552613274,-24.35392389812705,-15.033113724988384,-9.320810173138666,6346655.65,False,False,False,False,False,False,False,False,False
2025-01-21,2142.5552427957605,2159.210346312211,2139.3220509795815,2155.977154496032,9380272,2251.879249539442,2274.135259151819,2192.2551292058038,33.83771531519558,-28.745043942978555,-17.77549976858642,-10.969544174392134,6503929.5,False,False,False,False,False,False,False,False,False
2025-01-22,2157.09071743695,2169.7802772154528,2115.245133793145,2127.934693571648,4351682,2245.274271441552,2270.8941805174554,2191.8205316677354,30.91220748678333,-34.094806741967204,-21.03936116326258,-13.055445578704624,6404575.05,False,False,False,False,False,False,False,False,False
2025-01-23,2106.9218789563333,2116.608479004938,2103.1905832235307,2112.8771832721354,3786979,2238.3055506345054,2267.5373342557114,2191.2907105375634,29.440352683219132,-39.09884044891987,-24.651257020394038,-14.447583428525835,6173329.2,True,False,False,False,False,False,False,False,False
2025-01-24,2149.7389704221578,2154.1246647073895,2144.5684690050066,2148.9541632902383,4559141,2234.3307954831007,2265.285015882852,2191.0084668892478,37.160559735543885,-39.695873118747386,-27.660180240064708,-12.035692878682678,6218038.6,False,False,True,False,False,False,False,False,False
2025-01-27,2211.531598008004,2244.301191031013,2158.9211565420374,2191.690749565046,7739984,2228.6157829977888,2263.950319870566,2191.0129853175645,44.85742563883879,-36.302072765564844,-29.388558745164737,-6.9135140204001075,6376346.3,False,False,False,False,False,False,False,False,False
2025-01-28,2153.9841547120473,2168.0465820333848,2153.694972020975,2167.7573993423125,5833298,2223.4686068227406,2261.731292267776,2190.8599880414117,41.77173437583949,-35.13862666314026,-30.53857232875984,-4.600054334380417,6238880.85,False,False,False,False,False,False,False,False,False
2025-01-29,2197.707665285443,2216.058819434252,2182.5986546425547,2200.949808791364,7653315,2218.653904771759,2260.6763199363054,2190.9259345822607,47.19672453566661,-31.178827092220672,-30.666623281452008,-0.5122038107686642,6221510.05,False,False,False,False,False,False,False,False,False
2025-01-30,2180.6118395958215,2196.0053924297467,2153.1609000764674,2168.5544529103927,6449021,2211.271888506607,2259.333923372738,2190.780665220755,42.98720112505378,-30.305350665712012,-30.594368758304007,0.28901809259199496,6313950.1,False,False,False,False,True,False,False,False,False
2025-01-31,2200.065136712091,2207.220122405628,2197.903993303268,2205.0589789968053,3900020,2206.664543567296,2259.1514270624752,2190.872783374149,48.55533948134794,-26.36360094955171,-29.74821519655355,3.3846142470018385,6176898.0,False,False,False,False,False,False,False,False,False
2025-02-03,2155.4933754287463,2165.3899735296113,2152.3879924047687,2162.284590505634,3107702,2200.5187574205675,2257.6870595721866,2190.689525727556,43.22784487569378,-26.387097536476176,-29.075991664538076,2.6888941280619,6032228.65,False,False,False,False,False,False,False,False,False
2025-02-04,2130.026692586367,2143.7139507452785,2117.1366213372653,2130.8238794961767,8230060,2192.4993182689695,2254.5654830765757,2190.308215878949,39.771424347489976,-28.614485227425575,-28.98369037711558,0.3692051496900035,6217091.05,False,False,False,False,False,False,False,False,False
2025-02-05,2201.771108492857,2210.089025474208,2196.67672977692,2204.9946467582713,6906418,2190.2065503867875,2252.285171946749,2190.4011679731216,49.93499240097091,-24.11674218116559,-28.010300737925583,3.8935585567599915,6229446.7,False,False,False,False,False,False,False,False,False
2025-02-06,2186.130982521457,2212.696774692681,2175.54430297648,2202.110095147704,6851933,2187.074771700679,2250.6396059078957,2190.474809024534,49.58454714635826,-20.54814143657768,-26.517868877656007,5.9697274410783265,6182070.2,False,False,False,False,False,False,False,False,False
2025-02-07,2174.2743126139308,2188.8098328390106,2168.2759430771493,2182.811463302229,4741346,2182.751699281931,2249.007265507231,2190.4269131137694,47.197991296263474,-19.05755431739044,-25.025805965602895,5.968251648212455,6082908.15,False,False,False,False,False,False,False,False,False
2025-02-10,2223.121236378447,2251.4775128677893,2175.411227718717,2203.767504208059,6870926,2181.0029570691163,2246.620653875439,2190.50977392802,50.01158888711012,-16.000828333318623,-23.220810439146042,7.21998210582742,6134147.85,False,False,False,False,False,False,False,False,False
2025-02-11,2213.5298875440185,2220.9875912904045,2201.518402385409,2208.976106131795,1134354,2179.6198096363564,2243.862224633218,2190.6237636329815,50.71454294189015,-13.008110917883641,-21.178270534893564,8.170159617009922,5824188.7,False,False,False,False,False,False,False,False,False
2025-02-12,2198.8338940764506,2234.856859620912,2176.0209245581773,2212.0438901026387,5576880,2179.0821283318014,2241.4448101948233,2190.7551754518136,51.15026357158235,-10.270425208198048,-18.996701469554463,8.726276261356414,5798337.4,False,False,False,False,False,False,False,False,False
2025-02-13,2261.8156986779586,2275.4424109776496,2251.636554662518,2265.263266962209,9366045,2180.5068051730304,2240.2540484213982,2191.209493082975,58.074847449465985,-3.763052492914994,-15.949971674226571,12.186919181311577,5919933.05,False,False,False,False,False,False,True,False,False
2025-02-14,2287.7771740470657,2301.0800419970965,2275.161602306915,2288.464470256946,6985371,2185.276560729803,2238.478813058128,2191.798917187059,60.69091976760317,3.2290084726896566,-12.114175644843327,15.343184117532983,6072459.75,False,False,False,False,False,False,True,False,False
2025-02-17,2320.7794404073456,2333.7425315162,2276.713070816599,2289.6761619254535,7477064,2191.5485329516546,2237.0384792462382,2192.388539143315,60.82839130731466,8.766980262913876,-7.937944463291887,16.704924726205764,6045090.55,False,False,False,False,False,False,True,False,False
2025-02-18,2285.948207815829,2337.5130324243432,2268.3388556005984,2319.9036802091127,6211339,2199.7448592373084,2236.92766442773,2193.1521028622715,64.19263418758345,15.417250442978002,-3.26690548203791,18.68415592501591,5886643.9,False,False,False,False,False,False,True,False,False
2025-02-19,2379.8531268707625,2404.008911723579,2358.3549890210506,2382.510773873867,4818213,2212.473663252419,2237.5996302490857,2194.2792378087693,69.94935832880789,25.446178991008765,2.475711412571425,22.97046757843734,5909970.45,False,False,False,False,False,False,True,False,False
2025-02-20,2327.40981671899,2346.6513785921857,2312.532184777377,2331.773746650573,6079526,2223.418491421341,2238.4775880802463,2195.092814784164,61.34239537004207,28.966218513778585,7.773812832812857,21.192405680965727,6024597.8,False,False,False,False,False,False,True,False,False
2025-02-21,2317.384151125403,2325.376750072469,2308.0314941606407,2316.0240931077064,3088190,2231.7719879122146,2238.5061074196965,2195.804175244891,58.91885012444268,30.137602261659595,12.246570718582205,17.89103154307739,5951050.25,False,False,False,False,False,False,True,False,False
2025-02-24,2289.8944314851315,2297.2501088560243,2276.6881272450414,2284.0438046159343,6995856,2236.389640664759,2239.258377765858,2196.320196469283,54.23338043796385,28.160770477759797,15.429410670417724,12.731359807342074,5913843.85,False,False,False,False,False,False,True,False,False
2025-02-25,2239.9014123764764,2243.7022630121446,2232.029175842958,2235.830026478626,6693316,2239.793272021575,2238.865010356932,2196.549904783291,48.03181489277686,22.444936830101142,16.83251590235441,5.612420927746733,5956844.75,False,False,False,False,False,False,False,False,False
2025-02-26,2267.942727965176,2273.871973697827,2251.054247438015,2256.983493170666,6328098,2242.59495624054,2238.8157311984273,2196.8992318837963,50.69569441001866,19.39839286129927,17.345691294143382,2.0527015671558893,5890583.9,False,False,False,False,False,False,True,False,False
2025-02-27,2377.3302980279204,2380.524259423317,2356.6071368866305,2359.801098282027,9866865,2252.157288509122,2241.196244264821,2197.8354495067747,61.126186372623295,24.992409329254315,18.87503490116557,6.117374428088745,6061476.1,False,False,False,False,False,False,True,False,False
2025-02-28,2263.0007426666416,2278.23960064746,2258.257026750062,2273.4958847308803,4662324,2255.5791337958253,2240.9813393095437,2198.267794850912,51.31316053518386,22.205625602583495,19.541153041449157,2.664472561134339,6099591.3,False,False,False,False,False,False,True,False,False
2025-03-03,2244.2049661085052,2254.887689511056,2227.7819929977036,2238.4647164002545,6220755,2259.3881400905566,2240.218576107037,2198.496186450624,47.948415399799,16.97468332195058,19.02785909754944,-2.053175775598863,6255243.95,False,False,False,False,False,True,False,False,False
2025-03-04,2295.0837377527755,2313.933583148521,2275.886979380581,2294.7368247763266,2774656,2267.583787354564,2240.1229327524375,2199.0399188705433,53.251344085528764,17.171866154053532,18.65666050885026,-1.4847943547967262,5982473.75,False,False,False,False,False,False,True,False,False
2025-03-05,2350.8080622167176,2360.427290329872,2346.1467678722574,2355.765995985412,5421992,2275.122354815921,2242.0375675615564,2199.9204024498404,58.22245768196742,21.99908725965588,19.325145859011386,2.6739414006444946,5908252.45,False,False,False,False,True,False,True,False,False
2025-03-06,2414.02669212022,2428.5535268141516,2388.889770129508,2403.4166048234397,3834429,2285.1876802997076,2245.0608676697643,2201.0572527424306,61.651324324146366,29.33158441768137,21.326433570745383,8.005150846935987,5757377.25,False,False,False,False,False,False,True,False,False
2025-03-07,2434.6254230598743,2496.6362420049654,2406.119484981546,2468.130303926637,6314114,2299.4536223309283,2249.85448842193,2202.540991915676,65.76128459246581,39.904501670318496,25.042047190660007,14.862454479658489,5836015.65,False,False,False,False,False,False,True,False,False
2025-03-10,2402.390856331648,2439.346743874061,2392.688750076431,2429.6446376188437,8403101,2310.7474790014676,2252.327561188881,2203.795708190279,61.537383433501134,44.66329249987939,28.966296252503888,15.696996247375502,5912624.4,False,False,False,False,False,False,True,False,False
2025-03-11,2389.6358041912113,2409.1521261873536,2374.1741975532245,2393.690519549367,7139025,2319.983199672346,2254.7873531230034,2204.8390862746696,57.80211754893847,45.01457170838148,32.17595134367941,12.838620364702074,6212857.95,False,False,False,False,False,False,True,False,False
2025-03-12,2416.9844347072785,2433.4481839269347,2413.2205137182345,2429.6842629378907,6269373,2330.8652183141085,2257.4361613855413,2206.067748442228,60.39395091098783,47.64809965819131,35.27038100658179,12.37771865160952,6247482.6,False,False,False,False,False,False,True,False,False
2025-03-13,2437.226832302275,2459.467407792978,2419.146491229496,2441.387066720199,4332354,2339.671408302008,2259.940007155676,2207.3466577806958,61.22779435026109,50.10196374215002,38.23669755369544,11.865266188454576,5995798.05,False,False,False,False,False,False,True,False,False
2025-03-14,2417.049137683692,2452.3539632651696,2407.035314775918,2442.3401403573953,2484199,2347.365191807031,2262.842692407164,2208.6168928216507,61.29925443766889,51.529572944319625,40.89527263182028,10.634300312499342,5770739.45,False,False,False,False,False,False,True,False,False
2025-03-17,2401.865097284466,2418.722145576043,2382.8923765180534,2399.7494248096305,5111608,2352.86885495124,2265.1336746345523,2209.644487079651,56.30507924932782,48.66328862375576,42.448875830207385,6.214412793548377,5652466.65,False,False,False,False,False,False,True,False,False
2025-03-18,2430.262864897707,2469.4335655111677,2377.1479887060145,2416.318689319475,5687193,2357.6896054067574,2267.6357951703794,2210.749696717297,57.74731375833017,47.18482156855771,43.39606497787745,3.788756590680258,5626259.35,False,False,False,False,False,False,True,False,False
2025-03-19,2421.3403984257584,2427.54594909147,2393.391176399451,2399.5967270651627,5639437,2358.5439030663224,2270.610729623644,2211.7542021978707,55.74745793695935,44.15481396293262,43.54781477488849,0.606999188044135,5667320.55,False,False,False,False,False,False,True,False,False
2025-03-20,2447.949912327504,2456.0936213203986,2440.4663400596037,2448.610049052498,8071613,2364.3857181864187,2274.2880172272967,2213.007407736784,60.10821554183271,45.18758224853582,43.87576826961795,1.3118139789178684,5766924.9,False,False,False,False,False,False,True,False,False
2025-03-21,2414.2551493895876,2431.9145667126313,2400.3286860875187,2417.9881034105624,9393038,2369.4839187015614,2277.2623210619645,2214.086253503488,56.370720421957735,43.03899669746079,43.70841395518652,-0.6694172577257334,6082167.3,False,False,False,False,False,True,True,False,False
2025-03-24,2427.0896885830884,2447.7306226078904,2377.3481034105303,2397.989037435332,7670795,2375.181180342531,2280.4472548413837,2215.049095304178,54.00875997576128,39.26979196628645,42.82068955740651,-3.550897591120062,6115914.25,False,False,False,False,False,False,True,False,False
2025-03-25,2395.195428598504,2416.1676038456535,2381.860449167105,2402.8326244142545,5271384,2383.531310239313,2283.771126233929,2216.027134518293,54.505942416076586,36.255575346548085,41.507666715234826,-5.252091368686742,6044817.65,False,False,False,False,False,False,True,False,False
2025-03-26,2448.4184937461073,2457.053582547345,2433.173634641204,2441.8087234424415,7190090,2392.772571752902,2288.1513503789033,2217.1969873106464,58.40285067729484,36.59004514989556,40.52414240216697,-3.934097252271414,6087917.25,False,False,False,False,False,False,True,False,False
2025-03-27,2422.4692106142525,2449.427358620609,2403.123439479167,2430.0815874855234,8746484,2396.2865962130763,2292.017587525861,2218.2943306105167,56.82564561959606,35.499615544560584,39.5192370306457,-4.019621486085114,6031898.2,False,False,False,False,False,False,True,False,False
2025-03-28,2482.309075924404,2519.352063055625,2414.730234391491,2451.773221522712,1365043,2405.200463052668,2297.191664773885,2219.4916582562205,59.02963231644231,35.97112309269687,38.80961424305593,-2.8384911503590615,5867034.15,False,False,False,False,False,False,True,False,False
2025-03-31,2416.6428861610807,2436.7792474405464,2395.763748643371,2415.9001099228367,6028363,2414.0722327287967,2302.2249326225738,2220.493742193295,54.11010935762933,33.06893778947824,37.661478952340396,-4.592541162862155,5857414.55,False,False,False,False,False,False,True,False,False
2025-04-01,2394.28931376522,2398.4598410901513,2393.4130464681966,2397.583573793128,9580830,2419.214570179637,2307.057061008515,2221.392675348624,51.73911306496752,28.957143712056677,35.92061190428365,-6.963468192226976,6197723.25,False,False,False,False,False,False,True,False,False
2025-04-02,2409.3782434256386,2424.9566967577402,2392.2062109930025,2407.784664325104,7177485,2421.815503596622,2312.6540604235847,2222.3340490303235,52.974973559769275,26.21941889369873,33.98037330216667,-7.7609544084679385,6285497.9,False,False,False,False,False,False,True,False,False
2025-04-03,2397.4730264962564,2417.433295481038,2366.421387704896,2386.3816566896776,8204801,2420.9637561899335,2318.1241498919353,2223.158408867808,50.07743569031295,22.06831856772942,31.59796235527922,-9.529643787549798,6504016.5,False,False,False,False,False,False,True,False,False
2025-04-04,2394.8302970608083,2411.5983243756727,2389.1778837430406,2405.945911057905,8870647,2417.854536546497,2323.2639848472886,2224.072346378758,52.62809469604771,20.12522243780859,29.303414371785095,-9.178191933976507,6631843.15,False,False,False,False,False,False,True,False,False
2025-04-07,2334.784292859522,2352.600567439555,2326.417274911632,2344.233549491665,5081142,2413.583982140138,2326.314840845821,2225.0071694791104,44.844835384133674,13.450582981015941,26.132848093631267,-12.682265112615326,6465745.2,False,False,False,False,False,False,True,False,False
2025-04-08,2319.513200325858,2328.621838533501,2311.004238497776,2320.112876705419,7609845,2409.9050999979404,2329.3619503930836,2225.90021620294,42.21680062811465,6.143725372591234,22.135023549423263,-15.991298176832029,6489286.2,False,False,False,False,False,False,False,False,False
2025-04-09,2307.8866108279763,2325.3855578613993,2287.5692837385627,2305.068230771986,3533130,2403.674298389645,2331.444318832696,2226.6928095372596,40.61792868853672,-0.8511772768192714,17.537783384174755,-18.388960660994027,6352474.05,False,False,False,False,False,False,False,False,False
2025-04-10,2347.132130704565,2360.502266265272,2320.8605560415244,2334.230691602231,4573448,2398.316479633747,2334.7578436065323,2227.6296250055857,44.968688485212795,-3.9954639327556833,13.231133920788668,-17.22659785354435,6364528.75,False,False,False,False,False,False,False,False,False
2025-04-11,2357.1787433578315,2381.587905160275,2337.7900798742703,2362.199241676714,7329983,2394.3094346997127,2337.9006488601303,2228.685433376857,48.840104819010044,-4.182294623827147,9.748448211865506,-13.930742835692653,6606817.95,False,False,False,False,False,False,True,False,False
2025-04-14,2394.3637937486033,2403.172908350636,2371.3824699761753,2380.191584578208,8242648,2393.331542688142,2342.258788741582,2229.7602449368396,51.2176312299781,-2.8457238554724427,7.229613798397917,-10.07533765387036,6763369.95,False,False,False,False,False,False,True,False,False
2025-04-15,2368.3863604991147,2386.437302847069,2360.7237532522668,2378.774695600221,7236050,2391.454343002179,2347.217805063663,2230.8527239820623,51.016564737702225,-1.8791513046580803,5.407860777786718,-7.287012082444798,6840812.8,False,False,False,False,False,False,True,False,False
2025-04-16,2330.050107578303,2355.983986507623,2313.618116814283,2339.5519957436027,5779029,2388.452106436101,2349.9089520433695,2231.844791496402,45.67151251068857,-4.229326630278592,3.4804232961736563,-7.709749926452249,6847792.4,False,False,False,False,False,False,False,False,False
2025-04-17,2339.949750211706,2349.669523428598,2329.920828497477,2339.640601714369,6197318,2383.0036340691945,2352.6595621747033,2232.8518220943856,45.685356710541534,-6.0153663477799455,1.581265367382936,-7.596631715162881,6754077.65,False,False,False,False,False,False,False,False,False
2025-04-18,2286.9637579368323,2325.3509858236744,2272.75498126616,2311.142209153002,8523726,2377.6613393563166,2355.2261770917185,2233.8275843824545,41.980041422870265,-9.619510076098777,-0.6588897213134066,-8.96062035478537,6710612.05,False,False,False,False,False,False,False,False,False
2025-04-21,2251.682209163849,2265.136920718897,2236.840774602247,2250.295486157295,8279063,2370.2766617924144,2356.156736730703,2234.487072736989,35.38178230582295,-17.187515001635347,-3.9646147773777947,-13.222900224257552,6741025.45,False,False,False,False,False,False,False,False,False
2025-04-22,2251.641024733764,2285.0039543090593,2247.2916310204223,2280.6545605957176,1935945,2364.167758601488,2357.590305819982,2235.3746230870292,40.414078345657735,-20.499187965282545,-7.271529414958745,-13.227658550323799,6574253.5,False,False,False,False,False,False,False,False,False
2025-04-23,2276.516763264308,2291.135050676584,2264.74059981391,2279.358887226186,5573894,2356.0452667906748,2358.9366057624525,2236.2266216897265,40.26993856302861,-22.963553114822844,-10.409934154931566,-12.553618959891278,6493443.7,False,False,False,False,False,False,False,False,False
2025-04-24,2318.7003287060347,2330.6069343597924,2305.036905381887,2316.943511035645,9227411,2350.3883629681814,2359.9702106439213,2237.3938967878403,46.257728558344496,-21.634427009407773,-12.654832725826807,-8.979594283580965,6517490.05,False,False,False,False,False,False,False,False,False
2025-04-25,2335.5437028736765,2353.9272755165775,2310.2261393022027,2328.6097119451038,6367736,2344.230187489301,2360.7731154776843,2238.659135720654,48.000252526508135,-19.415905606298566,-14.00704730192116,-5.4088583043774054,6767624.7,False,False,False,False,False,False,False,False,False
2025-04-28,2324.1218321155693,2331.10706337212,2300.6801141138903,2307.665345370441,7587024,2338.818449261681,2361.132899146584,2239.946286958873,45.16871120485889,-19.127259611455884,-15.031089763828106,-4.0961698476277775,6845557.75,False,False,False,False,False,False,False,False,False
2025-04-29,2277.6514787228903,2291.63543049434,2275.3589102288583,2289.3428620003083,6770935,2333.40641367204,2360.521682782408,2241.159297112481,42.79061355123447,-20.144760601017424,-16.05382393126597,-4.0909366697514535,6705063.0,False,False,False,False,False,False,False,False,False
2025-04-30,2273.678173204782,2293.2872608608436,2263.1362084832663,2282.745296139328,5733650,2327.154445262751,2358.526373227717,2242.448079717251,41.93446877223437,-21.238679614786633,-17.090795067970106,-4.1478845468165275,6632871.25,False,False,False,False,False,False,False,False,False
2025-05-01,2291.343524144974,2293.975691650197,2286.3759024267088,2289.008069931932,6945620,2322.2857659248643,2357.6710596933444,2243.9785095626808,43.09830422595973,-21.354107945653595,-17.943457643506804,-3.4106503021467915,6569912.2,False,False,False,False,False,False,False,False,False
2025-05-02,2222.470755612466,2225.908814875699,2212.4086499021905,2215.846709165424,5349413,2312.78080583024,2355.6675120144987,2245.114188315641,34.419219475478016,-27.03742549741446,-19.762251214288334,-7.275174283126127,6393850.5,False,False,False,False,False,False,False,False,False
2025-05-05,2258.480350618665,2258.562697410118,2241.1261971831373,2241.20854397459,3299910,2307.629555554386,2354.8108068016722,2246.5031131497744,39.00478684607096,-29.15888205037163,-21.641577381504995,-7.517304668866636,6304788.9,False,False,False,False,False,False,False,False,False
2025-05-06,2248.8712135867568,2251.9100994064634,2232.428720943887,2235.4676067635937,6176758,2303.397292057295,2354.8035584073714,2247.7165276865508,38.35108314731736,-30.94666343433073,-23.502594592070146,-7.4440688422605845,6233134.55,False,False,False,False,False,False,False,False,False
2025-05-07,2202.605828676977,2221.006605561547,2182.0928553037893,2200.4936321883592,6972610,2298.1685621281135,2353.673761187725,2248.6676386003087,34.551966094426575,-34.78462501540798,-25.759000676737713,-9.02562433867027,6405108.55,False,False,False,False,False,False,False,False,False
2025-05-08,2257.810301495462,2261.3779712370047,2252.014110830011,2255.5817805715533,7459900,2294.2361165765797,2351.5893748335156,2249.8739358486464,43.9674620821714,-33.00067282168993,-27.207335105728156,-5.793337715961776,6549431.15,False,False,False,False,False,False,False,False,False
2025-05-09,2293.654453709742,2304.307715275035,2273.813548115509,2284.4668096808023,11314119,2290.349494976784,2351.8087933325137,2251.3930659289854,48.17730516916187,-28.92269458915962,-27.55040700241445,-1.3722875867451698,6748637.95,False,False,False,False,False,False,False,False,False
2025-05-12,2239.2059464539466,2272.5243920656458,2201.441019378886,2234.759464990585,4952764,2283.077888997403,2351.7346883043206,2252.602729978904,42.28905761470285,-29.363352307175774,-27.912996063366716,-1.4503562438090576,6584143.75,False,False,False,False,False,False,False,False,False
2025-05-13,2213.6309711972704,2231.6592753579894,2180.915092056838,2198.943396217557,9189661,2274.0863240282697,2349.8188197331456,2253.6855166224896,38.62583376450536,-32.23109415580984,-28.776615681855343,-3.4544784739544987,6681824.3,False,False,False,False,False,False,False,False,False
2025-05-14,2199.5642825213804,2205.695991925622,2179.537404121206,2185.6691135254473,4383320,2266.3921799173622,2346.4168820839463,2254.5845424327185,37.335002528108525,-35.16951166900117,-30.05519487928451,-5.114316789716657,6612038.85,False,False,False,False,False,False,False,False,False
2025-05-15,2174.3263580643948,2174.4478945558526,2170.028945762269,2170.1504822537268,4197941,2257.91767394433,2341.751559632552,2255.459595549098,35.82757631102564,-38.30885196831696,-31.705926297091,-6.602925671225957,6512070.0,False,False,False,False,False,False,False,False,False
2025-05-16,2193.33842345462,2197.615508903539,2180.2733035469273,2184.5503889958463,7695276,2251.588082936472,2336.079961333936,2256.376767379313,38.31632513101432,-39.183170445977794,-33.201375126868356,-5.9817953191094375,6470647.5,False,False,False,False,False,False,False,False,False
2025-05-19,2121.370590024226,2137.5349321983254,2095.5596398745565,2111.7239820486557,6901898,2244.6595077310403,2329.7215482225324,2257.0525431364094,31.63434272436274,-45.231159887842296,-35.60733207906315,-9.623827808779147,6401789.25,False,False,False,False,False,False,False,False,False
2025-05-20,2137.415546092124,2160.9809902278253,2124.023850961024,2147.5892950967254,4099412,2238.0062444560904,2324.7995237334794,2257.992319362878,37.4221314609022,-46.59310772720255,-37.80448720869103,-8.788620518511522,6509962.6,False,False,False,False,False,False,False,False,False
2025-05-21,2102.8022319142347,2125.1713930803335,2087.196275850593,2109.5654370166917,8667159,2229.516571945616,2318.397147215055,2258.6331264946416,34.12377226268751,-50.16242753106599,-40.27607527316602,-9.886352257899965,6664625.85,False,False,False,False,False,False,False,False,False
2025-05-22,2068.2564475610357,2082.165206611529,2066.5643515096176,2080.473110560111,5942935,2217.693051921839,2311.1788680918535,2259.107098347253,31.813377637855538,-54.70800695192793,-43.162461608918406,-11.545545343009522,6500402.05,False,False,False,False,False,False,False,False,False
2025-05-23,2089.685221779707,2106.7141898061623,2080.6134767412045,2097.64244476766,4110955,2206.144688562967,2304.284914180059,2259.6355980774892,34.62651198647494,-56.27627178132343,-45.78522364339941,-10.491048137924018,6387563.0,False,False,False,False,False,False,False,False,False
2025-05-26,2106.4945061514054,2110.028642474025,2099.7034491607956,2103.2375854834154,7812101,2195.9233005686156,2298.354677393535,2260.085570347135,35.55953467672512,-56.41730825117338,-47.91164056495421,-8.50566768621917,6398816.85,False,False,False,False,False,False,False,False,False
2025-05-27,2131.6656883643464,2145.5671921366184,2117.8657814508606,2131.7672852231326,7059569,2188.0445217297565,2292.663649311608,2260.4465621536897,40.242828961245,-53.609001138614985,-49.05111267968637,-4.557888458928616,6413248.55,False,False,False,False,False,False,False,False,False
2025-05-28,2111.637861468258,2120.4168942184033,2103.1646398651283,2111.9436726152735,4998416,2179.5044405535546,2286.91058822261,2260.640075626243,38.16718348196427,-52.37920254178289,-49.716730652105674,-2.6624718896772137,6376486.85,False,False,False,False,False,False,False,False,False
2025-05-29,2160.947093571488,2181.786533158916,2154.3059316381477,2175.1453712255757,5932524,2173.8113056182365,2281.4412946660714,2261.186437601481,47.46978622010545,-45.77704019026078,-48.9287925597367,3.151752369475922,6325832.05,False,False,False,False,True,False,False,False,False
2025-05-30,2192.8026316411238,2214.9401731622293,2165.519396931855,2187.6569384529607,6733207,2172.401817082613,2276.83467136692,2262.0924983658592,49.102279582800065,-39.084656458646805,-46.959965339518725,7.87530888087192,6395021.75,False,False,False,False,False,False,False,False,False
2025-06-02,2213.3177058728975,2214.6225979976816,2211.6281746714494,2212.9330667962336,8012976,2170.9880432236955,2273.1335519541376,2263.016699087149,52.3256523785159,-31.379597354259204,-43.84389174246682,12.46429438820762,6630675.05,False,False,False,False,False,False,False,False,False
2025-06-03,2220.1304752990054,2222.344660009449,2202.4082442581284,2204.622428968572,5099204,2169.445784333944,2269.1693480452236,2263.888947590767,51.17801643471723,-25.648224750415466,-40.20475834405656,14.556533593641092,6576797.35,False,False,False,False,False,False,False,False,False
2025-06-04,2158.2433649059058,2181.525831841343,2149.7346056871115,2173.0170726225488,6750748,2168.0719563556536,2263.7935150288263,2264.690365837741,46.959818826595416,-23.386770655344662,-36.84116080631418,13.454390150969516,6565704.25,False,False,False,False,False,False,False,False,True
2025-06-05,2174.6725696486187,2177.6183261648775,2162.573369444891,2165.5191259611497,2612240,2163.5688236251335,2258.502265798338,2265.4114205469705,45.991349296625565,-21.946587030709907,-33.862246051193324,11.915659020483417,6323321.25,False,False,False,False,False,False,False,False,False
2025-06-06,2139.984799419065,2149.1961659830095,2122.8296844142774,2132.041050978222,3865703,2155.9475356900048,2252.107622387449,2265.9693843381087,41.84204517638497,-23.23875014929854,-31.73754687081437,8.49879672151583,5950900.45,False,False,False,False,False,False,False,False,False
2025-06-09,2119.725477349692,2157.3676098744054,2088.5003887199528,2126.142521244666,7516670,2150.5166885027083,2246.3124706138856,2266.58389663446,41.13782506793042,-24.45683758392579,-30.281405013436657,5.824567429510868,6079095.75,False,False,False,False,False,False,False,False,False
2025-06-10,2182.2846691416803,2200.3653500052387,2162.8538330549677,2180.934513918526,10812172,2149.616244387757,2241.9794894163933,2267.3729900132394,49.62007458290119,-20.76159798084518,-28.377443606918362,7.615845626073181,6160221.3,False,False,False,False,False,False,False,False,False
2025-06-11,2156.0292893370715,2165.85445540034,2132.8846145640127,2142.7097806272814,6801692,2147.468277742849,2236.677991742437,2267.886395371432,44.77276551797338,-20.679134303877618,-26.837781746310213,6.158647442432596,6281139.9,False,False,False,False,False,False,False,False,False
2025-06-12,2152.744813123702,2160.3831504486834,2130.396298832591,2138.0346361575725,7191135,2145.862485438041,2231.711051331795,2268.4764993421572,44.203991123272374,-20.751812357354083,-25.62058786851899,4.868775511164905,6430799.6,False,False,False,False,False,False,False,False,False
2025-06-13,2103.6007151015983,2109.019263390425,2096.582053047661,2102.0006013364873,6549376,2141.734996055073,2225.6321451373665,2268.8422755533998,39.987484889976315,-23.446775862388222,-25.185825467292837,1.739049604904615,6373504.6,False,False,False,False,False,False,False,False,False
2025-06-16,2091.201167687425,2100.3404889477238,2078.6436626995423,2087.782983959841,6157919,2140.5379461506323,2220.5031338267304,2269.242350513132,38.42987447853854,-26.42518368854462,-25.433697111543196,-0.9914865770014245,6336305.65,False,False,False,False,False,True,False,False,False
2025-06-17,2092.596015890586,2100.494744653043,2082.8431008921575,2090.741829654615,436060,2137.695572878527,2215.9157128857137,2269.4415140093956,38.96273068242357,-28.221519124399492,-25.991261514114456,-2.2302576102850367,6153138.05,False,False,False,False,False,False,False,False,False
2025-06-18,2113.6324759919985,2130.6563658357313,2099.114972956778,2116.1388628005107,6527037,2138.0242441677174,2212.1371255262843,2269.7816269103346,43.48396509274681,-27.28131752974832,-26.24927271724123,-1.0320448125070918,6046131.95,False,False,False,False,False,False,False,False,False
2025-06-19,2086.845895160991,2096.894405732145,2082.690205801663,2092.738716372817,7117028,2138.6375244583533,2207.307286021696,2270.011398935297,40.50675390410424,-28.100472490795255,-26.619512671952037,-1.4809598188432176,6104836.6,False,False,False,False,False,False,False,False,False
2025-06-20,2123.231630106002,2125.760838975576,2118.132366012903,2120.661574882477,7235084,2139.7884809640937,2202.4765326858114,2270.4571445930997,45.31793184841207,-26.194562764454076,-26.534522690452448,0.33995992599837166,6261043.05,False,False,False,False,True,False,False,False,False
2025-06-23,2115.720602316315,2124.4774603834007,2094.409123444335,2103.165981511421,7015765,2139.784900765494,2196.936020624476,2270.799638848729,42.97298624563502,-25.79847498265326,-26.387313148892613,0.588838166239352,6221226.25,False,False,False,False,False,False,False,False,False
2025-06-24,2082.361031034749,2108.792828854773,2068.2273571959904,2094.659155016014,4741440,2137.9294942551383,2191.2537098127914,2271.1317032712714,41.83935640840581,-25.8727573243782,-26.28440198398973,0.4116446596115324,6105319.8,False,False,False,False,False,False,False,False,False
2025-06-25,2102.6988233097263,2126.3428963210654,2068.838368676379,2092.482441687718,8221677,2136.95643270876,2186.3123187316737,2271.4473715462755,41.5374074987972,-25.809750452210665,-26.189471677633918,0.3797212254232534,6266482.85,False,False,False,False,False,False,False,False,False
2025-06-26,2057.9498888516896,2066.559588865693,2055.108739883867,2063.7184398978707,4790563,2131.3850861423753,2180.793875495344,2271.5237256126384,37.668732626193616,-27.760822128737345,-26.503741767854606,-1.257080360882739,6209384.8,False,False,False,False,False,True,False,False,False
2025-06-27,2042.314056156162,2059.251658032937,2030.6469339160483,2047.5845357928233,5555770,2124.3814660093685,2175.5227220281404,2271.4852010231416,35.6623767123006,-30.26011197908292,-27.25501581010027,-3.00509616898265,6150512.95,False,False,False,False,False,False,False,False,False
2025-06-30,2046.4711429736699,2075.869289063814,2010.772597683033,2040.170743773177,5609852,2115.7433498582154,2171.320227180458,2271.394523316827,34.74652747775491,-32.46481408016143,-28.296975464112503,-4.167838616048929,6030356.75,False,False,False,False,False,False,False,False,False
2025-07-01,2065.868839873819,2077.659352168997,2045.2730320533262,2057.063544348504,9551044,2108.365405627212,2166.8484068555135,2271.2251117054093,38.61485241780072,-32.4746015598389,-29.132500683257785,-3.3421008765811173,6252948.75,False,False,False,False,False,False,False,False,False
2025-07-02,2038.969416035077,2050.8245668777463,2032.8840097832272,2044.7391606258964,8755390,2101.9515100273793,2162.1560123235076,2270.9403193787807,36.89634690867107,-33.09533060515241,-29.92506666763671,-3.1702639375157027,6353180.85,False,False,False,False,False,False,False,False,False
2025-07-03,2029.8141659806454,2037.233831336207,2027.0470414330366,2034.4667067885982,8004693,2095.398889068752,2156.506476238567,2270.571054336949,35.4790457260967,-34.02395702248805,-30.74484473860698,-3.2791122838810693,6622803.5,False,False,False,False,False,False,False,False,False
2025-07-04,2108.9273321305354,2114.7994632197474,2085.348498407061,2091.220629496273,2724308,2093.357867994654,2151.7586945895905,2270.2626814963096,47.482116468578354,-29.836397480786218,-30.56315528704283,0.7267578062566109,6565733.75,False,False,False,False,True,False,False,False,False
2025-07-07,2088.3079704260617,2110.169263286686,2074.593553212823,2096.4548460734472,6891163,2091.8734842360936,2147.5344846036505,2270.0131890847783,48.434886415769924,-25.79798571995434,-29.610121373625134,3.8121356536707935,6534458.4,False,False,False,False,False,False,False,False,False
2025-07-08,2107.849997924786,2110.4700057907526,2104.527334262255,2107.1473421282217,9686607,2088.1841256465787,2143.890574206209,2269.8323377889583,50.41391798512058,-21.48703111413579,-27.985503321727265,6.498472207591476,6478180.15,False,False,False,False,False,False,False,False,False
2025-07-09,2128.7836084651876,2167.8903457068186,2077.7796849308834,2116.8864221725144,7311915,2086.89295772384,2140.5733967268725,2269.630797508443,52.212916437465715,-17.087729455170575,-25.80594854841593,8.718219093245356,6503691.3,False,False,False,False,False,False,False,False,False
2025-07-10,2093.3049856967873,2113.9623094255544,2089.6844995755487,2110.3418233043158,3388957,2085.5083170811768,2137.00007179432,2269.342450444993,50.87711096456558,-13.968327444553779,-23.438424327643503,9.470096883089724,6313582.4,False,False,False,False,False,False,False,False,False
2025-07-11,2083.967182739331,2092.563462142238,2082.7938333914008,2091.390112794308,9507052,2084.9777926540683,2134.510939866898,2268.8538852890547,47.11786346087174,-12.876985654189866,-21.32613659295278,8.449150938762912,6461466.2,False,False,False,False,False,False,False,False,False
2025-07-14,2069.354797718581,2106.797939342391,2037.5101326770264,2074.9532743008367,4183660,2084.3363071711183,2131.1858344734223,2268.3976394955153,44.076029526126206,-13.186400306185533,-19.69818933559933,6.511789029413798,6362753.25,False,False,False,False,False,False,False,False,False
2025-07-15,2115.5832288800166,2118.7655107464043,2097.0317040177238,2100.2139858841115,7163642,2084.809914982593,2128.480762055833,2267.8813397695667,49.47451995248978,-11.263447325394282,-18.011240933558323,6.7477936081640415,6699132.35,False,False,False,False,False,False,False,False,False
2025-07-16,2066.018942205952,2089.202487261481,2064.6264006626093,2087.8099457181384,6704449,2083.3934691284744,2126.2270883264287,2267.212166028414,47.0716196788215,-10.617997939719316,-16.53259233479052,5.914594395071205,6708002.95,False,False,False,False,False,False,False,False,False
2025-07-17,2064.2516547387154,2079.160843290612,2043.6896931992783,2058.5988817511748,8435471,2081.686477397392,2122.287430350021,2266.3606642438453,41.90942101370633,-12.321528476059939,-15.690379563044406,3.368851086984467,6773925.1,False,False,False,False,False,False,False,False,False
2025-07-18,2032.583012761249,2060.033395354823,2015.1704689394494,2042.6208515330231,4974972,2077.784441229919,2117.450511187066,2265.570645866754,39.36633471186669,-14.790387819927673,-15.510381214421061,0.7199933944933878,6660919.5,False,False,False,False,False,False,False,False,False
2025-07-21,2064.27014931363,2103.9592967186563,2037.3371151450917,2077.0262625501177,8134999,2076.4774552818544,2114.2958471382562,2264.957884122353,46.84587048186041,-13.811536708261883,-15.170612313189228,1.3590756049273445,6716881.2,False,False,False,False,False,False,False,False,False
2025-07-22,2096.985450880979,2114.8971814847914,2096.0190072251416,2113.930737828954,6687787,2077.441034422501,2112.595593970484,2263.91829605002,53.47536964943862,-9.943287391029571,-14.125147328757297,4.181859937727726,6814198.55,False,False,False,False,False,False,True,False,False
2025-07-23,2067.8233438681277,2098.8805855060455,2050.5650139378927,2081.6222555758104,13155918,2076.898025116906,2110.5146568114915,2262.477190138592,47.84887805342968,-9.37660873372215,-13.175439609750267,3.7988308760281164,7060910.6,False,False,False,False,False,False,False,False,False
2025-07-24,2096.2047587560137,2102.3984960684884,2071.7455900335385,2077.939327346013,5336742,2077.609069489313,2108.670433713337,2260.639831438588,47.23871856449865,-9.119568633265771,-12.364265414453369,3.2446967811875975,7088219.55,False,False,False,False,False,False,False,False,False
2025-07-25,2078.8853902043998,2099.5731858440213,2070.118153346714,2090.8059489863354,5677835,2079.7701401489885,2106.7955449131464,2258.80202311706,49.65413159410946,-7.787860063216158,-11.448984344205929,3.661124280989771,7094322.8,False,False,False,False,False,False,False,False,False
2025-07-28,2099.0261670064847,2110.2499639062676,2083.890869014132,2095.114665913915,7157349,2082.5173362560254,2106.4633585904517,2256.9958705767726,50.47183614303389,-6.31203279544161,-10.421594034453067,4.109561239011457,7171697.65,False,False,False,False,False,False,False,False,False
2025-07-29,2106.7202501168636,2110.4203966175323,2088.8350377394063,2092.535184240075,8917613,2084.290918250604,2105.3622763733188,2255.2830634023962,49.94880583661253,-5.289596490734311,-9.395194525709316,4.105598034975005,7140026.1,False,False,False,False,False,False,False,False,False
2025-07-30,2067.4282599591565,2078.0272310800424,2067.1500782069957,2077.7490493278815,6483968,2085.9414126857037,2104.7259486195426,2253.4375218735486,46.94563609916476,-5.607782837696959,-8.637712188106844,3.029929350409885,7026455.0,False,False,False,False,False,False,False,False,False
2025-07-31,2065.978339581488,2077.137859164924,2063.8867372657633,2075.0462568491994,4979981,2087.9703901887333,2104.6174115453246,2251.3527201369316,46.396496606499824,-6.008775155267358,-8.111924781538947,2.1031496262715894,6875219.4,False,False,False,False,False,False,False,False,False
2025-08-01,2079.5347250307577,2085.3124000069797,2074.177209384776,2079.9548843609978,365506,2087.40710293197,2104.2636603371916,2249.332594042479,47.5954127653564,-5.8628954298551434,-7.662118911202187,1.7992234813470436,6757279.3,False,False,False,False,False,False,False,False,False
2025-08-04,2074.6804981531304,2096.607306763567,2061.7453456172652,2083.672154227702,11134638,2086.7679683396823,2103.872351712077,2247.342500308549,48.53419127139092,-5.38525422622115,-7.20674597420598,1.8214917479848296,6969453.05,False,False,False,False,False,False,False,False,False
2025-08-05,2103.2899980659136,2121.8917733736084,2092.6406649379933,2111.242440245688,6287049,2086.9727232455557,2103.4618548125277,2245.254992670776,54.97641456253226,-2.7503244358858865,-6.315461666541961,3.5651372306560747,6799475.15,False,False,False,False,False,False,True,False,False
2025-08-06,2074.853986973423,2095.1549714086023,2067.4237758135373,2087.7247602487164,1697525,2085.5146401493657,2102.977476565197,2243.0157279562973,49.30670465649088,-2.5306322701571844,-5.558495787265006,3.0278635171078214,6518755.65,False,False,False,False,False,False,False,False,False
2025-08-07,2085.2051099783125,2098.754609591998,2071.763968706141,2085.3134683198264,7099062,2084.2632224001413,2101.180838507082,2241.042128561273,48.7515514329718,-2.5220234364051066,-4.951201317093027,2.42917788068792,6704260.9,False,False,False,False,False,False,False,False,False
2025-08-08,2122.9599632509794,2133.2090725366697,2103.001702914932,2113.2508122006225,7390389,2085.356257370457,2099.692715982035,2238.9828469565728,55.064298875555615,-0.2579175911355378,-4.012544571901529,3.754626980765991,6598427.75,False,False,False,False,False,False,True,False,False
2025-08-11,2086.518409709348,2094.316317353792,2079.98839636657,2087.786304011014,10733125,2085.9979088559658,2097.189780726331,2236.9574891458806,49.12451271548614,-0.5124630369909937,-3.312528264919422,2.800065227928428,6925901.0,False,False,False,False,False,False,False,False,False
2025-08-12,2159.363516007121,2176.7996909704048,2116.149949899564,2133.586124862848,6106757,2087.6665158049027,2095.7690546442163,2235.276437196413,57.91714752611305,2.9474937675363435,-2.060523858428269,5.008017625964612,6873056.75,False,False,False,False,False,False,True,False,False
2025-08-13,2165.8805807479853,2182.5137402192927,2152.792316613553,2169.4254760848603,5508965,2091.747292323239,2095.6972227134625,2234.0343221181015,63.267065481412146,8.48367604785335,0.048316122828055086,8.435359925025296,6813282.55,False,False,False,False,False,False,True,False,False
2025-08-14,2190.51262305814,2203.882007561744,2180.7619307667733,2194.1313152703774,7265134,2098.5239139991986,2096.269466499647,2233.042217321693,66.43484378043726,14.695296902811151,2.9777122788246744,11.717584623986477,6754765.7,False,False,False,False,False,False,True,False,False
2025-08-15,2121.9170608452405,2139.0892934749154,2117.0957567407963,2134.2679893704712,7562908,2103.1062708910713,2096.314005267492,2231.758200276162,54.23109077267497,14.619061638722542,5.305982150804248,9.313079487918294,6884162.5,False,False,False,False,False,False,True,False,False
2025-08-18,2140.492243750024,2154.8851491592445,2117.036061879109,2131.4289672883297,4597478,2105.8264061279815,2096.4197341883655,2230.636336473463,53.72702995839366,14.166259466416705,7.07803761392674,7.088221852489965,6707286.45,False,False,False,False,False,False,True,False,False
2025-08-19,2154.809516414179,2174.477668760261,2141.882264757421,2161.550417103503,7593067,2108.2073900917094,2096.032052252065,2229.800965457198,58.1694531123661,16.05291177289837,8.873012445721066,7.179899327177303,6752550.45,False,False,False,False,False,False,True,False,False
2025-08-20,2122.303366409493,2130.9406496034835,2107.8842380343935,2116.5215212283842,11672492,2109.952353374338,2095.508287064087,2228.933629936891,50.38242527015564,13.756070327563975,9.84962402208965,3.9064463054743257,6678379.15,False,False,False,False,False,False,True,False,False
2025-08-21,2120.976585409704,2125.7279899747496,2104.2913809076763,2109.042785472722,7324598,2111.5075262806736,2094.92845005039,2228.075246382458,49.20427375300181,11.203192037148256,10.12033762510137,1.0828544120468848,6777771.95,False,False,False,False,False,False,True,False,False
2025-08-22,2101.560549211616,2110.6805682983577,2093.001155336114,2102.121174422856,5624920,2112.0732875524996,2094.930861512117,2227.278001844906,48.08359107743676,8.523250705498413,9.80092024118078,-1.2776695356823673,6775126.2,False,False,False,False,False,True,True,False,False
2025-08-25,2089.38876241442,2097.4130841962246,2083.7768471954973,2091.801168977302,5808666,2111.907612705669,2095.0112252124663,2226.4448799388956,46.387164464376156,5.503202211193184,8.94137663518326,-3.438174423990077,6707692.05,False,False,False,False,False,False,False,False,False
2025-08-26,2122.476099341269,2130.054291444768,2103.8867981800418,2111.4649902835404,8007793,2112.8541030078422,2095.4256884250453,2225.608660992905,50.006465443305125,4.6429767177342,8.081696651693449,-3.4387199339592485,6662201.05,False,False,False,False,False,False,True,False,False
2025-08-27,2118.9191763705494,2130.290536551601,2111.1905353299953,2122.5618955110467,3544906,2115.094745317,2095.5541490792557,2224.9529783436356,51.97673761884946,4.801322668725788,7.425621855099917,-2.6242991863741283,6515247.95,False,False,False,False,False,False,True,False,False
2025-08-28,2117.5314277017924,2126.248480415967,2108.5872832054547,2117.3043359196295,7578765,2117.207649270522,2096.045461470192,2224.3611286177893,50.952166644871795,4.451260495757197,6.830749583231373,-2.3794890874741768,6645187.15,False,False,False,False,False,False,True,False,False
2025-08-29,2133.5509279823846,2135.531630028726,2132.2795544071587,2134.2602564535,3659372,2119.922917875147,2096.317435101613,2223.9615109275073,54.09495611995047,5.478877690626177,6.5603752047103345,-1.0814975140841572,6809880.45,False,False,False,False,False,False,True,False,False
2025-09-01,2154.84926651362,2159.2658287677277,2146.6839900034956,2151.1005522576033,11837488,2123.294337776642,2097.2761265165364,2223.5394988636954,57.03924484436878,7.5649389451600655,6.761287952800281,0.8036509923597848,6845022.95,False,False,False,False,True,False,True,False,False
2025-09-02,2131.4321372434847,2142.950461656005,2115.6677625348875,2127.1860869474076,7054490,2124.091520111728,2097.9266651551643,2222.7409157770485,51.94414996819943,7.205400656073834,6.8501104934549915,0.35529016261884294,6883395.0,False,False,False,False,False,False,True,False,False
2025-09-03,2069.6349759192817,2081.3775434513464,2059.751385211077,2071.4939527431416,4151118,2123.279979736449,2097.5068953762725,2221.503334524516,42.43716618800863,2.398920912932681,5.95987257735053,-3.560951664417849,7006074.65,False,False,False,False,False,True,False,False,False
2025-09-04,2052.923290250132,2056.6703438392396,2035.394481370806,2039.1415349599135,5448126,2120.9713830684536,2097.0153572775134,2220.2771002138643,38.07733009164957,-3.97499735187057,3.97289859150631,-7.94789594337688,6923527.85,False,False,False,False,False,False,False,False,False
2025-09-05,2060.992014956849,2063.213230649589,2059.6355232145575,2061.8567389072978,9720673,2118.4016794037875,2097.300801339803,2219.264241491723,42.540850856698235,-7.111469781747019,1.7560249168556443,-8.867494698602663,7040042.05,False,False,False,False,False,False,False,False,False
2025-09-08,2080.3935143368763,2093.7499166422645,2073.4352298174936,2086.7916321228818,4463021,2118.3519458093806,2098.2332191067967,2218.0827092233494,47.052630019828555,-7.498669294717729,-0.09491392545903032,-7.403755369258699,6726536.85,False,False,False,False,False,False,False,False,False
2025-09-09,2072.8766301621117,2117.2577021443235,2011.926482165013,2056.307554147225,6359161,2114.4880172736,2098.2180993027714,2216.6297591528714,42.64406293601133,-10.148354115819075,-2.1056019635310395,-8.042752152288035,6739157.05,False,False,False,False,False,False,False,False,False
2025-09-10,2069.5097026003446,2078.3311633410785,2056.3720523915213,2065.1935131322552,2447120,2109.2764191259694,2098.627186352898,2215.2911536584206,44.282834753305295,-11.399815818834668,-3.9644447345917655,-7.435371084242902,6586064.8,False,False,False,False,False,False,False,False,False
2025-09-11,2045.8859803359323,2067.783472139261,2037.8753773570108,2059.7728691603397,6209261,2102.5584968204676,2099.1333096003336,2213.966011226055,43.46694682825912,-12.682809369455299,-5.708117661564472,-6.974691707890827,6533271.15,False,False,False,False,False,False,False,False,False
2025-09-12,2026.6844502671267,2061.8010669358823,2017.0076548743377,2052.1242715430935,6584531,2098.4513109290983,2098.35138244127,2212.340501391668,42.28314770204712,-14.153614845881748,-7.3972170984279275,-6.75639774745382,6484352.3,False,False,False,False,False,False,False,False,False
2025-09-15,2076.0696858776278,2103.0981387122783,2056.51797083071,2083.5464236653606,3083486,2096.05718374795,2098.0932139931083,2210.949769247395,48.48971703415995,-12.638050137079063,-8.445383706158156,-4.192666430920907,6408652.7,False,False,False,False,False,False,False,False,False
2025-09-16,1999.1508878469997,2033.5871690860138,1976.462376462861,2010.898657701875,3770813,2088.524595777869,2096.168240304581,2209.377040430232,38.24881934590372,-17.101881907758525,-10.17668334647823,-6.925198561280295,6217540.0,False,False,False,False,False,False,False,False,False
2025-09-17,2000.894482678414,2008.3681058616228,1993.04342810389,2000.5170512870986,5215932,2082.7243722808043,2093.840852886873,2207.635063272637,37.04477544020225,-21.232455095563637,-12.38783769629531,-8.844617399268326,5894712.0,False,False,False,False,False,False,False,False,False
2025-09-18,2007.226771848568,2029.9105866605687,1987.380615154966,2010.0644299669668,6198694,2077.775454505517,2091.835305020126,2206.246006147009,38.94816330255816,-23.46507960618419,-14.603286078273086,-8.861793527911104,5838416.8,False,False,False,False,False,False,False,False,False
2025-09-19,2025.3250898333097,2041.5844292161466,2010.910731857076,2027.1700712399129,6332587,2074.02789934637,2090.550904189038,2204.808865872533,42.313361486639444,-23.582325949071674,-16.399094052432805,-7.183231896638869,5873800.15,False,False,False,False,False,False,False,False,False
2025-09-22,2008.3537370484946,2009.6595109032326,1996.182481235715,1997.4882550904529,8391660,2069.312253652027,2089.00160380483,2203.5641557114454,38.36198198083383,-25.773221369819566,-18.27391951591016,-7.499301853909408,6002949.85,False,False,False,False,False,False,False,False,False
2025-09-23,1966.988105317881,1983.671299148124,1961.1245567714268,1977.8077506016698,3786207,2062.6293916679338,2086.5534790991815,2202.1757024798294,35.9638771712286,-28.765977725695393,-20.372331157867208,-8.393646567828185,5791870.55,False,False,False,False,False,False,False,False,False
2025-09-24,1972.1356191288996,2004.1125937076438,1943.994936295769,1975.9719108745132,6190721,2055.299892436107,2084.316718402309,2200.7583247787225,35.73943830514166,-30.929361199551522,-22.483737166204072,-8.44562403334745,5924161.3,False,False,False,False,False,False,False,False,False
2025-09-25,1999.2945652758483,2009.697918189764,1982.312884311592,1992.7162372255077,10446260,2049.0704875014007,2082.999065511796,2199.518028740038,39.45099557730417,-30.936118671586655,-24.17421346728059,-6.761905204306064,6067536.05,False,False,False,False,False,False,False,False,False
2025-09-26,1967.2116882824005,1977.3522555170932,1965.5453785733503,1975.685945808043,4158144,2041.1417719691278,2081.660367397296,2197.9752528066047,37.10369912851739,-31.947406391849654,-25.728852052194405,-6.218554339655249,6092474.65,False,False,False,False,False,False,False,False,False
2025-09-29,1942.5473117504025,1947.9213353576272,1932.5448192830756,1937.9188428903003,3267155,2030.4826865007628,2078.8782190040997,2196.281832638428,32.487332403901206,-35.388413170202284,-27.660764275795984,-7.7276488944063,5663958.0,False,False,False,False,False,False,False,False,False
2025-09-30,1952.7071247961162,1954.094302302288,1951.5451950754803,1952.932372581652,7632365,2021.770000782475,2075.6582516991534,2194.548899538805,35.901499562997344,-36.483411403844,-29.425293701405586,-7.058117702438416,5692851.75,False,False,False,False,False,False,False,False,False
2025-10-01,2001.3731669402214,2004.931899669658,1979.2453921397432,1982.8041248691798,9034084,2017.3355093887767,2073.681889085021,2193.162748885504,42.16806802198357,-34.542618824315014,-30.44875872598747,-4.093860098327543,5937000.05,False,False,False,False,False,False,False,False,False
2025-10-02,1965.5777187970339,1968.2913237617179,1964.5351276007634,1967.2487325654474,3249600,2013.7408692690537,2071.4680771894095,2191.7377345512655,39.97632449186283,-33.86929275547436,-31.13286553188485,-2.736427223589512,5827073.75,False,False,False,False,False,False,False,False,False
2025-10-03,1988.7368717376478,2005.4881498990828,1983.7561148114191,2000.5073929728542,6624383,2010.6734019723312,2069.66210606914,2190.598025184538,46.39202258715098,-30.302670728806106,-30.966826571269102,0.6641558424629963,5672259.25,False,False,False,False,True,False,False,False,False
2025-10-06,2005.7240146389722,2020.334481322743,1994.6086868242037,2009.2191535079744,10083177,2006.7947780415864,2067.9441958210214,2189.1141659557215,47.96106819184061,-26.468023904782285,-30.067066037971742,3.5990421331894566,5953267.05,False,False,False,False,False,False,False,False,False
2025-10-07,2018.4357864326887,2021.9060136401527,2000.7840414562663,2004.2542686637303,4829632,2004.1921137674115,2066.1785775094945,2187.781932684824,47.11471689383713,-23.55810026778272,-28.76527288393394,5.207172616151219,5876790.6,False,False,False,False,False,False,False,False,False
2025-10-08,1979.3694399075237,2014.5178727753398,1969.0724335789657,2004.2208664467819,5797128,2001.1434814331376,2064.7080138518722,2186.3168177680027,47.10869388255505,-21.012441751624465,-27.214706657472043,6.202264905847578,6044291.0,False,False,False,False,False,False,False,False,False
2025-10-09,2013.7287905848943,2026.5777563421511,2007.1930244127238,2020.0419901699806,7219061,1999.15693748362,2063.6079285182877,2184.8360538277857,50.34651984855457,-17.51643798182522,-25.27505292234268,7.758614940517461,6094781.0,False,False,False,False,False,False,False,False,False
2025-10-10,2017.954052848127,2041.2430756334743,1999.2877026306503,2022.5767254159975,7324258,1997.679560177265,2062.460365339388,2183.4629080659506,50.865482218674174,-14.375585060142612,-23.09515934990267,8.719574289760057,6131767.35,False,False,False,False,False,False,False,False,False
2025-10-13,2023.8708363893027,2042.0531913238494,2000.5910451884579,2018.7734001230046,7098011,1994.440909000147,2061.1623902572937,2182.1307734993648,50.0206871312152,-12.054377694047162,-20.88700301873157,8.832625324684408,6332493.6,False,False,False,False,False,False,False,False,False
2025-10-14,1990.7137393916548,2021.6963358515854,1969.1969659516942,2000.1795624116248,5807471,1993.9049542356347,2058.941132700613,2180.675607998782,45.99850120060791,-11.581665213893984,-19.025935457764053,7.4442702438700685,6434326.5,False,False,False,False,False,False,False,False,False
2025-10-15,1988.3432137728976,2006.3655331451862,1983.0607404949913,2001.0830598672799,5633843,1993.9332546646438,2057.208298692984,2179.4267732761086,46.22477657588944,-11.00724777327855,-17.422197920866953,6.414950147588403,6455222.05,False,False,False,False,False,False,False,False,False
2025-10-16,1990.3231400210502,2015.458706325626,1986.2075740132532,2011.343140317829,7131849,1993.997190182187,2055.728892132944,2178.1597606333485,48.84608930646983,-9.613298941718085,-15.86041812503718,6.247119183319095,6501879.8,False,False,False,False,False,False,False,False,False
2025-10-17,1993.217627328987,2000.4031021278336,1987.5413244450472,1994.7267992438938,8463471,1992.375026582386,2053.3584118738095,2176.787030071182,45.01873054627444,-9.737140610163124,-14.63576262206237,4.898622011899246,6608424.0,False,False,False,False,False,False,False,False,False
2025-10-20,1994.723994892274,2013.6943463390187,1976.6132825176578,1995.5836339644025,7222711,1992.2797955260835,2051.5143584728776,2175.5712364986825,45.25693224098365,-9.65485150534073,-13.639580398718042,3.984728893377312,6549976.55,False,False,False,False,False,False,False,False,False
2025-10-21,1978.7258953675432,1999.0848339324723,1963.0317434484903,1983.3906820134193,8529549,1992.5589420966705,2048.510449615889,2174.3049946348146,42.439236257933686,-10.453010322378077,-13.00226638345005,2.549256061071972,6787143.65,False,False,False,False,False,False,False,False,False
2025-10-22,1994.3674763734498,2003.667468722907,1981.114532333273,1990.4145246827302,7960184,1993.2810727870815,2044.9302305878464,2173.1430796772593,44.57979782152465,-10.398919264415099,-12.48159695964306,2.082677695227961,6875616.8,False,False,False,False,False,False,False,False,False
2025-10-23,1987.5800503706541,1994.1019600077545,1969.6660885997894,1976.1879982368898,8189796,1992.4546608376509,2040.5713642471765,2171.8401710177554,41.23495664242311,-11.37291363047234,-12.259860293808917,0.8869466633365768,6762793.6,False,False,False,False,False,False,False,False,False
2025-10-24,2003.472287426076,2023.7314558015057,1975.1389850396695,1995.3981534150992,4833459,1993.4402712180035,2037.7939675280688,2170.851814989224,47.01591122456392,-10.473974744871157,-11.902683184021365,1.428708439150208,6796559.35,False,False,False,False,False,False,False,False,False
2025-10-27,2048.675660210642,2056.612858075869,2030.0068433864037,2037.9440412516308,5196091,1998.4415311360704,2035.9242690073347,2170.2203516080394,57.08520365009546,-6.256342403154349,-10.773415027847962,4.517072624693613,6893006.15,False,False,False,False,False,False,True,False,False
2025-10-28,2014.5218523616848,2020.570559865319,2014.1166365308322,2020.1653440344664,4399431,2001.8031797087108,2033.096567545954,2169.541292555732,52.58776523133499,-4.298875903142289,-9.478507202906828,5.179631299764539,6731359.45,False,False,False,False,False,False,False,False,False
2025-10-29,1987.2100439799465,1990.9276545238693,1979.3796017657312,1983.097212309654,2390938,2001.8178340807342,2030.4280813675796,2168.8171051494223,44.68330210002113,-5.673260225589274,-8.717457807443317,3.0441975818540428,6399202.15,False,False,False,False,False,False,False,False,False
2025-10-30,1940.5726132704424,1955.9190066317035,1938.3483211170185,1953.6947144782796,5675395,2001.1401331763761,2027.3211199476905,2168.0211928054528,39.59890925861789,-9.030902923734402,-8.780146830701534,-0.2507560930328676,6520491.9,False,False,False,False,False,True,False,False,False
2025-10-31,1943.7708633007694,1947.1237703520044,1941.2393927792484,1944.5922998304834,3770619,1998.3443785192576,2024.1705424558431,2166.999383488154,38.15159253064645,-12.284736942063091,-9.481064852973846,-2.803672089089245,6377803.7,False,False,False,False,False,False,False,False,False
2025-11-03,1930.4565707148586,1937.0606257586824,1915.6670947595712,1922.271149803395,8351876,1993.9969783340287,2020.779942072365,2165.6522854893456,34.79328525483379,-16.47464465725011,-10.879780813829099,-5.594863843421011,6291238.65,False,False,False,False,False,False,False,False,False
2025-11-04,1880.7338002648867,1900.6569808633672,1877.7438438400545,1897.667024438535,2076693,1988.6676161227685,2016.5039827554654,2164.3018336148266,31.501612915168067,-21.532312900166062,-13.010287231096491,-8.52202566906957,6153591.7,False,False,False,False,False,False,False,False,False
2025-11-05,1909.1765710516997,1933.9727943020878,1898.5655017610663,1923.3617250114544,7373502,1984.6246590510025,2012.519979345473,2162.9138931959274,38.08894665093661,-23.199771302329736,-15.048184045343142,-8.151587256986595,6232410.4,False,False,False,False,False,False,False,False,False
2025-11-06,1924.7037717962694,1941.5277197821624,1901.0706314845975,1917.8945794704905,8744113,1979.5172885160277,2008.5317842164905,2161.660593828728,37.26771839398165,-24.67792529245139,-16.974132294764793,-7.703792997686598,6308663.0,False,False,False,False,False,False,False,False,False
2025-11-07,1893.2697722223065,1907.5736105853427,1893.1571281354982,1907.4609664985344,7726661,1973.7615005701548,2003.995798417391,2160.1726037662365,35.686375213542306,-26.38710423640714,-18.856726683093264,-7.530377553313876,6328783.15,False,False,False,False,False,False,False,False,False
2025-11-10,1919.7717346865156,1934.587841945014,1911.300686513943,1926.1167937724413,5361667,1969.1286702526268,1999.4961232476876,2158.9917647825705,40.544305250059544,-25.937282666528972,-20.272837879780408,-5.6644447867485646,6241965.95,False,False,False,False,False,False,False,False,False
2025-11-11,1921.252477761599,1945.4348791205541,1899.864077684978,1924.046479043933,6239947,1965.3220160842418,1995.4333310896184,2157.957877780309,40.18157666229475,-25.454430102470724,-21.309156324318472,-4.1452737781522515,6263589.75,False,False,False,False,False,False,False,False,False
2025-11-12,1922.0955149000415,1930.4358233011585,1915.6770757736083,1924.0173841747253,3890091,1961.4687322996142,1992.4837997182499,2156.5529914673916,40.17613683868667,-24.788368794242615,-22.0049988183033,-2.7833699759393156,6176402.15,False,False,False,False,False,False,False,False,False
2025-11-13,1916.312275591634,1922.3759251611275,1909.2958275573378,1915.3594771268313,4722377,1956.6695491400642,1990.0081585615885,2155.1192383772873,38.50557465583038,-24.67469660735196,-22.53893837611303,-2.135758231238931,6055928.55,False,False,False,False,False,False,False,False,False
2025-11-14,1886.8401982176579,1910.3757577454053,1877.7052851599778,1901.2408446877253,7733881,1951.995251412256,1986.795840677197,2153.7113852842144,35.88513899712167,-25.430716751142654,-23.117294051118957,-2.313422700023697,6019449.05,False,False,False,False,False,False,False,False,False
2025-11-17,1911.751663879972,1927.2418003481241,1888.7946212270379,1904.28475769519,7526770,1947.4303075987955,1983.145703188643,2152.2139715516505,36.882435761472024,-25.490412216467348,-23.591917684188637,-1.8984945322787112,6034652.0,False,False,False,False,False,False,False,False,False
2025-11-18,1869.1470937664305,1886.7326914507823,1866.827391626234,1884.4129893105858,5471965,1942.481422963654,1979.7078118919103,2150.591155967544,33.24661773626141,-26.831905432613212,-24.239915233873553,-2.5919901987396585,5881772.8,False,False,False,False,False,False,False,False,False
2025-11-19,1883.7688687787088,1889.814280457576,1870.4856184048774,1876.5310300837446,5784148,1936.7872482337048,1975.9345622309402,2148.9135916674495,31.90323543203114,-28.205916461277866,-25.033115479354418,-3.172800981923448,5772971.0,False,False,False,False,False,False,False,False,False
2025-11-20,1878.869883263558,1897.0966932499346,1862.0045877007253,1880.231397687102,5047227,1931.989418206215,1972.3437328014752,2146.988432321074,33.26653469528499,-28.665799863396614,-25.75965235616286,-2.9061475072337544,5615842.55,False,False,False,False,False,False,False,False,False
2025-11-21,1863.0727869695907,1877.202222663548,1853.458351249786,1867.5877869437431,6407220,1925.5988998826474,1968.6530031094883,2144.8840489045083,30.984020812169476,-29.70803871508633,-26.549329627947557,-3.1587090871387744,5694530.6,False,False,False,False,False,False,False,False,False
2025-11-24,1838.6846918195185,1844.4444895984805,1838.3153653281915,1844.0751631071535,5572141,1915.9054559754234,1963.8635778983244,2142.6560439104164,27.2408383636362,-32.06170537257617,-27.651804776873284,-4.4099005957028865,5713333.1,True,False,False,False,False,False,False,False,False
2025-11-25,1816.844427817308,1828.6544062248704,1804.6840153335056,1816.493993741068,5927026,1905.7218884607532,1959.975484619108,2140.1389954780766,23.63392770339358,-35.74057788417076,-29.26955939833278,-6.4710184858379804,5789712.85,True,False,False,False,False,False,False,False,False
2025-11-26,1820.6098745548625,1827.9304861559447,1797.6855936065797,1805.0062052076619,5238483,1896.8173381056538,1956.0652676975194,2137.2514726347454,22.308967518187302,-39.13199015792338,-31.242045550250904,-7.889944607672479,5932090.1,True,False,False,False,False,False,False,False,False
2025-11-27,1798.4794269025688,1815.9424160939689,1785.3931848431591,1802.8561740345592,9533951,1889.2754110834678,1951.9211025788713,2134.6068847716656,22.059703493092343,-41.51464339865629,-33.296565119931984,-8.218078278724306,6125017.9,True,False,False,False,False,False,False,False,False
2025-11-28,1807.485682085726,1839.3090020123436,1787.8976610054326,1819.7209809320502,6575920,1883.031845138546,1947.772120772714,2132.125369210787,28.78162578188956,-41.56295244275066,-34.94984258449572,-6.613109858254937,6265282.95,True,False,False,False,False,False,False,False,False
2025-12-01,1854.5045559274972,1862.0262283469153,1842.8998655549665,1850.4215379743846,8800742,1879.4393645470955,1944.8307864303927,2129.9572578775797,39.08146510243065,-38.67810224380332,-35.69549451635724,-2.98260772744608,6287726.25,False,False,True,False,False,False,False,False,False
2025-12-02,1836.0861786518449,1860.4965670113986,1823.1098650006209,1847.5202533601746,8761723,1876.9320259931778,1942.2250364855627,2128.0157090119874,38.51458349976333,-36.208557387712744,-35.79810709062835,-0.4104502970843953,6621977.75,False,False,False,False,False,False,False,False,False
2025-12-03,1827.5562448886951,1840.0783540506416,1809.6828088882119,1822.2049180501583,2420603,1871.874185645113,1939.1496966290756,2125.8418161363843,33.89469691664172,-35.880552611942676,-35.814596194891216,-0.06595641705145994,6374332.8,False,False,False,False,False,False,False,False,False
2025-12-04,1799.6307114159804,1821.551898627446,1794.2570292382225,1816.178216449688,5990736,1866.7883674940726,1935.618936213559,2123.123701727223,32.88343427381177,-35.695436147636656,-35.79076418544031,0.09532803780365384,6236663.95,False,False,False,False,True,False,False,False,False
2025-12-05,1874.451185308222,1876.163433962893,1868.7124054666965,1870.4246541213674,7177713,1864.9365518752143,1933.5137103798254,2121.1083455741755,47.939641458286665,-30.816265130310057,-34.795864374414265,3.9795992441042074,6209216.55,False,False,False,False,False,False,False,False,False
2025-12-08,1913.3379926613463,1938.0996199450826,1899.778683566681,1924.5403108504172,5888564,1864.8577277291129,1933.246139739028,2119.5387235464264,58.049768466418726,-22.32545180068155,-32.30178185966772,9.976330058986171,6235561.4,False,False,False,False,False,False,False,False,False
2025-12-09,1915.350756699667,1935.8091981160799,1884.865920103541,1905.3243615199538,5157386,1863.921621852914,1932.293979517794,2117.5916612301444,54.03682643021065,-16.95158031464871,-29.23174155066392,12.28016123601521,6181433.35,False,False,False,False,False,False,False,False,False
2025-12-10,1898.913736635227,1918.1201935524598,1883.1510458391695,1902.3575027564023,6461570,1862.8386277819984,1930.6850470755387,2115.3246187639993,53.42276968571165,-12.784774233343569,-25.94234808719985,13.157573853856281,6310007.3,False,False,False,False,False,False,False,False,False
2025-12-11,1867.9309337676284,1878.5895423877075,1853.4649677123184,1864.1235763323975,3259603,1860.2768327422764,1928.6225439508773,2112.6281536215442,46.145264530288955,-12.424486970038288,-23.23877586376754,10.814288893729252,6236868.6,False,False,False,False,False,False,False,False,False
2025-12-12,1903.5004650831743,1915.8704668981807,1897.0243137836887,1909.3943155986951,6639571,1860.6845062878244,1926.8002824033942,2109.834473679904,54.11556790544729,-8.389280004951388,-20.268876692004312,11.879596687052924,6182153.1,False,False,False,False,False,False,False,False,False
2025-12-15,1913.3831749631345,1922.7339502623463,1909.0201813593171,1918.370956658529,5108212,1861.3888162359915,1924.9833184664053,2107.278105275103,55.52124175693587,-4.416103409241941,-17.09832203545184,12.682218626209899,6061225.2,False,False,False,False,False,False,False,False,False
2025-12-16,1904.8529810008445,1907.787934473857,1894.9870574483496,1897.922010921362,6062034,1862.0642673165305,1922.8566733115579,2104.7992627319627,51.64019541641028,-2.8841447288532436,-14.25548657413212,11.371341845278877,6090728.65,False,False,False,False,False,False,False,False,False
2025-12-17,1863.4974133531941,1865.6335033732057,1852.4817751452554,1854.617865165267,8796498,1860.9686090706066,1919.8646132859278,2101.9239307431,44.53981943258432,-5.105486225002551,-12.425486504306207,7.320000279303656,6241346.15,False,False,False,False,False,False,False,False,False
2025-12-18,1866.1008045088527,1904.8866531324984,1824.3671375784886,1863.1529862021343,8712342,1860.1146884963582,1916.726833206571,2099.032760340509,46.11252067653487,-6.10680695864562,-11.16175059517409,5.054943636528469,6424601.9,False,False,False,False,False,False,False,False,False
2025-12-19,1874.7265289790087,1899.7330544936294,1854.0745942540948,1879.0811197687156,7215722,1860.689355137607,1913.856921093625,2096.216465237566,49.01802480193723,-5.5511039217597045,-10.039621260491213,4.4885173387315085,6465027.0,False,False,False,False,False,False,False,False,False
2025-12-22,1891.900897351225,1912.3217507826841,1883.0146555686179,1903.435509000077,6045647,1863.657372432253,1911.5501632711666,2093.734895658518,53.17527268897461,-3.109663325438305,-8.653629673480632,5.543966348042327,6488702.3,False,False,False,False,False,False,False,False,False
2025-12-23,1913.729177196265,1924.4799861260735,1898.16794684468,1908.9187557744885,8682622,1868.2786105339242,1909.7249471384237,2091.1978959907933,54.083107814534976,-0.7240059836331056,-7.067704935511126,6.343698951878021,6626482.1,False,False,False,False,False,False,False,False,False
2025-12-24,1924.499641871397,1925.5300640047683,1922.6742135897825,1923.7046357231538,5298817,1874.213532059699,1908.1773786555414,2088.818435534083,56.5305366431998,2.3328499465480945,-5.187593959099282,7.520443905647377,6629498.8,False,False,False,False,False,False,True,False,False
2025-12-25,1868.988602027133,1886.5883281893693,1851.6817638575212,1869.2814900197575,4608540,1877.5347978589587,1905.33614564958,2085.9217927389195,46.670075286431235,0.3597898363443619,-4.078117200010554,4.437907036354916,6383228.25,False,False,False,False,False,False,False,False,False
2025-12-26,1869.6902926825817,1878.0182727241795,1854.028311953216,1862.3562919948138,10478554,1879.666563412097,1902.6887355045983,2083.1436336818406,45.580575448198545,-1.74259259770065,-3.611012279548573,1.8684196818479228,6578359.95,False,False,False,False,False,False,False,False,False
2025-12-29,1888.0232865699454,1895.8064905459898,1864.2853448660105,1872.068548842055,3120573,1880.7489139554805,1900.2184338021514,2080.5140312388744,47.4339642747205,-2.59513278929262,-3.4078363814973827,0.8127035922047625,6294351.5,False,False,False,False,False,False,False,False,False
2025-12-30,1829.6477231063832,1832.83135037788,1821.7066402264031,1824.8902674979,5555233,1879.6174146623666,1897.0484255118408,2077.6243194542926,40.26092814749176,-6.997012843899483,-4.125671673977803,-2.8713411699216804,6134027.0,False,False,False,False,False,True,False,False,False
2025-12-31,1781.586592668074,1785.7421735173523,1776.9308479638921,1781.0864288131704,5358907,1877.5614902005175,1892.8618635944495,2074.320707981146,34.972834187286495,-13.86036454422333,-6.072610248026908,-7.787754296196422,6280942.2,False,False,False,False,False,False,False,False,False
2026-01-01,1746.4200088644427,1762.5470942270977,1739.680658200958,1755.807743563613,4859419,1874.5429665562137,1888.4542585009842,2070.9493387615366,32.333496008214794,-21.09621481886643,-9.077331162194813,-12.018883656671616,6224376.35,False,False,False,False,False,False,False,False,False
2026-01-02,1726.1540289113989,1755.737728593922,1712.1901727342392,1741.7738724167623,5254955,1868.1104274709833,1883.3817728810175,2067.399342016007,30.9375832340276,-27.644426666055097,-12.79075026296687,-14.853676403088226,6128238.45,False,False,False,False,False,False,False,False,False
2026-01-05,1679.5109202631204,1680.0825169481188,1678.597335586234,1679.1689322712325,6400290,1855.841858542024,1876.2062707014097,2063.715686127749,25.623180566624455,-37.45388215148978,-17.723376640671454,-19.730505510818325,6153824.75,True,False,False,False,False,False,False,False,False
2026-01-06,1661.445578538585,1663.9196595051858,1657.424084392359,1659.8981653589597,4041750,1843.5705487339742,1869.0009271278996,2060.027259085578,24.242718526392125,-46.24979726098309,-23.428660764733785,-22.821136496249302,6098042.95,True,False,False,False,False,False,False,False,False
2026-01-07,1684.1979940681786,1696.177509471026,1673.652299973783,1685.6318153766306,7977564,1832.7342643649856,1863.051619189239,2056.4164948408356,29.690183790752485,-50.5612937440942,-28.855187360605868,-21.706106383488333,6173842.65,True,False,False,False,False,False,False,False,False
2026-01-08,1693.5533106096818,1699.5646210465127,1690.4851125985235,1696.4964230353544,4810716,1824.3529067001334,1857.9076533603804,2052.967068672564,31.916115097643015,-52.49635740060398,-33.58342136860549,-18.91293603199849,6251398.3,False,False,True,False,False,False,False,False,False
2026-01-09,1710.2101055448104,1711.049232853623,1709.389998296129,1710.2291256049416,3727999,1814.394647200446,1853.2203898758698,2049.488484745299,34.728942558235886,-52.31869758290941,-37.33047661146628,-14.988220971443127,6105819.7,False,False,False,False,False,False,False,False,False
2026-01-12,1728.4090045361022,1741.0789225076642,1722.6463435452943,1735.3162615168562,2741160,1805.2419124433623,1849.481292110139,2046.4438983054251,39.635324850921144,-49.58202793695182,-39.78078687656339,-9.801241060388428,5987467.1,False,False,False,False,False,False,False,False,False
2026-01-13,1773.8390473032098,1774.7126776457833,1772.4620164342653,1773.3356467768388,5132730,1799.012594236136,1846.9946645569048,2043.7100121557824,46.231705214795085,-43.83999075271913,-40.59262765179454,-3.247363100924595,5941001.9,False,False,False,False,False,False,False,False,False
2026-01-14,1746.8617635207684,1806.3864631263716,1706.472400555588,1765.9971001611912,6798053,1794.5815559859323,1843.8473720598997,2041.0146565027283,45.204877067148665,-39.427053762870855,-40.3595128740098,0.9324591111389466,5841079.65,False,False,False,False,True,False,False,False,False
2026-01-15,1778.7469244066465,1779.8942253751302,1771.892489772185,1773.0397907406686,2915808,1790.075896212859,1840.950276285303,2038.2087019984206,46.43445653520673,-34.95850326861091,-39.279310952930025,4.320807684319114,5551252.95,False,False,False,False,False,False,False,False,False
2026-01-16,1790.1178522757496,1813.626823182244,1781.221000105429,1804.7299710119235,6312583,1786.3583387750193,1838.895656375571,2035.4213556450966,51.68787091945728,-28.53112307889296,-37.12967337812262,8.598550299229657,5506096.0,False,False,False,False,False,False,False,False,False
2026-01-19,1838.9494345707144,1844.0751140665636,1829.5773815310208,1834.70306102687,8401995,1782.9217163763592,1837.0673817206596,2032.6939130273397,56.07572555425454,-20.779269617620912,-33.85959262602228,13.080323008401365,5623913.4,False,False,False,False,False,False,False,False,False
2026-01-20,1838.904920134433,1841.8584827399898,1836.6658109965679,1839.6193736021246,4511252,1779.4567472677409,1835.3788396118232,2029.998136417349,56.7692809678854,-14.076894881360204,-29.90305307708986,15.826158195729658,5415344.9,False,False,False,False,False,False,True,False,False
2026-01-21,1830.6132644659688,1837.8818504205321,1814.5038373888212,1821.7724233433846,8251555,1774.3601366487524,1833.3339403951966,2027.409238555348,53.468735696591885,-10.089014468960386,-25.94024535546397,15.851230886503583,5562981.8,False,False,False,False,False,False,False,False,False
2026-01-22,1813.9033421128584,1818.5166841115752,1795.54208190964,1800.1554239083569,4591306,1770.9038333431824,1831.029859330827,2024.711812666318,49.69960401714161,-8.5740652179486,-22.4670093279609,13.892944110012298,5562120.1,False,False,False,False,False,False,False,False,False
2026-01-23,1795.7206433250244,1803.4009093414804,1777.42265422162,1785.102920238076,6360297,1767.0411647553453,1828.707100841834,2022.0816162217434,47.204313614083034,-8.490198545207932,-19.671647171410306,11.181448626202375,5356207.25,False,False,False,False,False,False,False,False,False
2026-01-26,1764.628153006422,1769.8048344746398,1755.8070795755123,1760.98376104373,8109352,1761.4869253654294,1825.8410809088048,2019.6350575961758,43.44071549236307,-10.251772129985966,-17.78767216312544,7.535900033139473,5605646.2,False,False,False,False,False,False,False,False,False
2026-01-27,1745.6820460248402,1745.9531595533672,1739.8062812155345,1740.0773947440614,11713156,1757.2462817277374,1822.9543690174742,2016.9321717669175,40.43156967647544,-13.182837382648813,-16.866705207030115,3.683867824381302,5913542.35,False,False,False,False,False,False,False,False,False
2026-01-28,1790.2682246681588,1790.8195569998315,1784.9535762096098,1785.5049085412825,5820424,1757.467205714143,1821.1338465866252,2014.4629018734931,48.74051002408608,-11.705177008374221,-15.834399567298938,4.129222558924717,5936618.2,False,False,False,False,False,False,False,False,False
2026-01-29,1813.331149172191,1836.2679470429955,1803.5152248082347,1826.4520226790391,3530630,1760.999419669914,1820.058259086464,2012.01044443171,54.85336241556695,-7.147637102914814,-14.097047074422113,6.949409971507299,5870178.75,False,False,False,False,False,False,True,False,False
2026-01-30,1810.8138529671846,1813.713831663315,1793.979681662122,1796.8796603582523,7509977,1763.7547090669887,1818.644096554754,2009.3517941737757,50.19750999346099,-5.854509246986254,-12.44853950893494,6.594030261948687,5982929.85,False,False,False,False,False,False,False,False,False
2026-02-02,1800.0440139537034,1820.1900608251588,1761.8273419631787,1781.973388834634,8699521,1768.8949318951588,1817.4020610693035,2006.7233343910964,47.98653886755056,-5.963761113917826,-11.151583829931518,5.187822716013692,6097891.4,False,False,False,False,False,False,False,False,False
2026-02-03,1805.6699153798688,1810.2052671771874,1781.3359015779145,1785.871253375233,4152479,1775.1935862959726,1816.789606261987,2004.2059763479713,48.623782378652564,-5.6704534552677615,-10.055357754998766,4.384904299731005,6103427.85,False,False,False,False,False,False,False,False,False
2026-02-04,1799.3715861214657,1811.170031646796,1781.447691974066,1793.2461374993961,4249060,1780.5743024021108,1816.5544049078217,2001.7584805547717,49.87506842791403,-4.787723610747889,-9.00183092614859,4.214107315400701,5917002.65,False,False,False,False,False,False,False,False,False
2026-02-05,1777.6511296630524,1794.3533058821395,1766.677581327523,1783.37975754661,8746696,1784.9184691276737,1816.1648765780626,1999.230338992845,48.184287897303705,-4.8286268500414735,-8.167190110927168,3.338563260885694,6113801.65,False,False,False,False,False,False,False,False,False
2026-02-06,1805.32311597961,1814.1573414237535,1798.8186892655638,1807.6529147097071,3988744,1789.789658582912,1815.9235152536157,1997.1893700205662,52.454651762445614,-2.8693262313488503,-7.107617335011505,4.238291103662655,6126838.9,False,False,False,False,False,False,False,False,False
2026-02-09,1791.5653672312374,1812.1017932343811,1781.7336463537656,1802.2700723569094,2190172,1793.1373491249146,1814.9604859412661,1994.9946776624781,51.442157292510245,-1.7309632991905346,-6.032286527847312,4.301323228656777,6099289.5,False,False,False,False,False,False,False,False,False
2026-02-10,1796.6469417837952,1798.663832078848,1791.1534757089837,1793.1703660040364,12170857,1794.1290850862745,1813.8734881941436,1992.78319145868,49.69581695136323,-1.545259932638146,-5.13488120880548,3.5896212761673336,6451195.85,False,False,False,False,False,False,False,False,False
2026-02-11,1787.6253313894274,1817.2233975588722,1769.145041356623,1798.743107526068,1939964,1795.7663854545183,1813.4042519836617,1990.7744388353685,50.7974166899599,-0.9376068609876711,-4.295426339241918,3.357819478254247,6208291.4,False,False,False,False,False,False,False,False,False
2026-02-12,1803.9166372991076,1804.9275916083532,1787.6575514581853,1788.6685057674308,5390251,1796.5478212058563,1812.8540577700167,1988.439872461348,48.72024287214154,-1.2545123512843475,-3.687243541650404,2.4327311903660567,6332013.55,False,False,False,False,False,False,False,False,False
2026-02-13,1800.2926670898903,1809.5878174152265,1787.3349374656796,1796.6300877910157,6601446,1796.142827044811,1811.3781664434096,1986.0006888518992,50.44479627843657,-0.8533917352328899,-3.1204731803669015,2.2670814451340116,6346456.7,False,False,False,False,False,False,False,False,False
2026-02-16,1813.5317505417945,1814.2515506790864,1805.4648114998295,1806.1846116371214,7250264,1794.7169045753235,1809.0110524591437,1983.8578145851318,52.508926231185654,0.2327860540722213,-2.4498213334790773,2.6826073875512986,6288870.15,False,False,False,False,False,False,False,False,False
2026-02-17,1823.6566267660276,1833.1760554361229,1803.637081592448,1813.1565102625434,4024703,1793.3937614083447,1807.1676954339955,1981.9288801553569,54.01414201001281,1.6372900693268093,-1.6323990529179002,3.2696891222447095,6264542.7,False,False,False,False,False,False,True,False,False
2026-02-18,1787.669658534368,1798.6716028357891,1782.8217280343345,1793.8236723357556,3670493,1791.9963238579628,1804.9970188255822,1979.9696529494083,49.34380088760431,1.1768056874682316,-1.0705581048406738,2.2473637923089056,6035489.6,False,False,False,False,False,False,False,False,False
2026-02-19,1786.446675612242,1794.3271864406645,1777.0597819569548,1784.9402927853773,7806625,1791.2355673018137,1803.4133531546422,1978.0436020020666,47.31917146507718,0.0939707724494383,-0.8376523293826514,0.9316231018320897,6196255.55,False,False,False,False,False,False,False,False,False
2026-02-20,1765.593399417244,1794.8602697286035,1738.4862987346623,1767.7531690460219,7964541,1790.3680797422112,1800.5805302235888,1975.9596159023174,43.5923950066255,-2.1265276589517725,-1.0954273952964757,-1.0311002636552968,6276467.75,False,False,False,False,False,True,False,False,False
2026-02-23,1772.0273752465564,1788.208680430505,1759.5411010395474,1775.722406223496,5076146,1791.1050120011994,1797.727559214888,1974.2796080231917,45.726814395100604,-3.2062778499214346,-1.5175974862214676,-1.688680363699967,6124807.45,False,False,False,False,False,False,False,False,False
2026-02-24,1775.6710540678298,1800.1341002047438,1751.5455930628798,1776.0086391997938,6574749,1792.9015742239862,1795.2892917804566,1972.421704743707,45.806133869644114,-3.992863798014241,-2.0126507485800227,-1.9802130494342185,5867887.1,False,False,False,False,False,False,False,False,False
2026-02-25,1800.2506365210302,1806.9455839800273,1771.4718361818354,1778.1667836408326,3716976,1792.5346679789636,1793.7602701499677,1970.7647114768279,46.44170879057224,-4.391472448112381,-2.4884150884864944,-1.9030573596258868,5762714.7,False,False,False,False,False,False,False,False,False
2026-02-26,1791.0808938726225,1793.0441747884106,1788.1482223085898,1790.1115032243779,5330006,1790.7176420062308,1792.2994404904127,1969.312903440149,49.940991233160105,-3.700872279010582,-2.730906526591312,-0.9699657524192702,5852683.5,False,False,False,False,False,False,False,False,False
2026-02-27,1785.1207275697734,1799.8431710518005,1774.7365456665289,1789.458989148556,9209087,1790.3466084457461,1790.5069978780095,1967.7719861620537,49.749767430796915,-3.1696809926970673,-2.818661419812463,-0.35101957288460417,5937639.0,False,False,False,False,False,False,False,False,False
2026-03-02,1787.42374740264,1807.5290420937372,1769.7905709444194,1789.8958656355167,8272765,1790.74273228579,1788.2362050107185,1966.205277562814,49.88811737250593,-2.682533216794127,-2.791435779208796,0.10890256241466911,5916301.2,False,False,False,False,True,False,True,False,False
2026-03-03,1856.4290986428764,1868.9848897321713,1829.8850618874817,1842.4408529767766,5742463,1793.5712122658672,1786.9066469547643,1964.7586454015825,63.061056348288744,1.9213283695187329,-1.8488829494632903,3.770211318982023,5995800.4,False,False,False,False,False,False,True,False,False
2026-03-04,1834.2343066018868,1849.094063728296,1809.8971869176914,1824.7569440441007,9225456,1795.1467525931025,1784.927693121183,1963.3227117587264,57.57560770875084,4.0957647588147665,-0.6599534078076791,4.7557181666224455,6244620.2,False,False,False,False,False,False,True,False,False
2026-03-05,1871.8877474765823,1902.17625821291,1831.7159544226681,1862.0044651589958,12772987,1799.0779879737215,1784.782152623968,1961.7570072283934,64.56698592558224,8.724019856359519,1.2168412450257606,7.507178611333758,6445934.75,False,False,False,False,False,False,True,False,False
2026-03-06,1819.3174235752153,1835.0680907753276,1812.3387451798778,1828.08941237999,8367234,1800.099812857236,1784.0968150316714,1959.9591695980284,55.58478255800412,9.545252319570864,2.8825234599347813,6.662728859636083,6664859.25,False,False,False,False,False,False,True,False,False
2026-03-09,1778.2159618199846,1785.8430902376028,1771.971802351045,1779.5989307686632,4424765,1798.9662557778236,1782.2474226702034,1957.7924989178907,45.778905215721956,6.211703695604228,3.548359507068671,2.6633441885355573,6776588.9,False,False,False,False,False,False,False,False,False
2026-03-10,1764.0350895360102,1780.6947933215326,1745.8154630246986,1762.475166810221,6097312,1797.4314958181326,1780.99912065645,1955.581762607099,42.900696356881774,2.163162165092672,3.2713200386734713,-1.1081578735807995,6472911.65,False,False,False,False,False,True,False,False,False
2026-03-11,1749.3972079659222,1787.1077680766216,1723.5423757975418,1761.2529359082412,7164749,1795.5569872372412,1780.6024507983516,1953.5229419235277,42.694364556472124,-1.1309234041564196,2.3908713501074934,-3.521794754263913,6734150.9,False,False,False,False,False,False,False,False,False
2026-03-12,1769.1261453464367,1796.370781165716,1750.1027057505148,1777.347341569794,3566447,1794.9909290273595,1781.033242758475,1951.5820830015707,46.353272065767214,-2.414987448040847,1.4296995904778254,-3.844687038518672,6642960.7,False,False,False,False,False,False,False,False,False
2026-03-13,1725.9874085688905,1726.5568071205864,1722.1538958936826,1722.7232944453785,2871902,1791.2955893600779,1780.6522311990475,1949.5354942189065,37.58257279794607,-7.750973151059725,-0.40643495782968486,-7.34453819323004,6456483.5,False,False,False,False,False,False,False,False,False
2026-03-16,1706.8328096648281,1710.147144966516,1703.2697509878622,1706.58408628955,7566055,1786.315563092699,1781.2005342794137,1947.437702044131,35.448381860633575,-13.130716752453509,-2.95129131675445,-10.17942543569906,6472273.05,False,False,False,False,False,False,False,False,False
2026-03-17,1697.8967256598269,1702.3967766101025,1679.665375540445,1684.1654264907206,6113277,1779.8660089041077,1781.6858795020491,1944.9538566069918,32.67285192623039,-18.984360905560607,-6.157905234515681,-12.826455671044926,6576701.75,False,False,False,False,False,False,False,False,False
2026-03-18,1746.226496356103,1747.4249946058383,1733.4711214145339,1734.669619664269,8216403,1776.9083062705336,1782.6666355878015,1942.913655802177,43.42045096877792,-19.325378824714107,-8.791399952555366,-10.533978872158741,6803997.25,False,False,False,False,False,False,False,False,False
2026-03-19,1665.7486321551694,1678.76254732038,1663.8572888357717,1676.8712040009823,8428835,1771.5048518313138,1782.2741312071144,1940.6078386413938,36.282251951306655,-23.983025693775062,-11.829725100799305,-12.153300592975757,6835107.75,False,False,False,False,False,False,False,False,False
2026-03-20,1698.2450771795304,1701.6814063240583,1689.651467376069,1693.0877965205968,3919650,1767.7715832050428,1781.9313046254274,1938.5632746173144,39.29754106562397,-26.06523707744327,-14.676827496128098,-11.388409581315173,6632863.2,False,False,False,False,False,False,False,False,False
2026-03-23,1686.460422257295,1693.332375597549,1682.3697909849147,1689.2417443251686,3236370,1763.4475501101265,1781.0098142815934,1936.570568419141,38.828234704620954,-27.70636711639213,-17.282735420180906,-10.423631696211224,6540874.4,False,False,False,False,False,False,False,False,False
2026-03-24,1704.6503880229752,1713.4101929481214,1682.1186720689427,1690.878476994089,5174560,1759.191041999841,1779.3606708859388,1934.5712516558385,39.16121524612667,-28.545845115011844,-19.535357359147092,-9.010487755864752,6470864.95,False,False,False,False,False,False,False,False,False
2026-03-25,1680.634413168007,1695.1077771642858,1670.8742967048686,1685.3476607011473,6645344,1754.550085852857,1777.7476820967377,1932.4172956453415,38.40053646958787,-29.319451739976785,-21.492176235313032,-7.827275504663753,6617283.35,False,False,False,False,False,False,False,False,False
2026-03-26,1706.886072856868,1712.4211430678986,1705.7255397419274,1711.260609952958,8982523,1750.607541189286,1776.5120984809837,1930.5099051132422,43.89884649665684,-27.524299135574438,-22.698600815365314,-4.825698320209124,6799909.2,False,False,False,False,False,False,False,False,False
2026-03-27,1679.6392835761696,1682.9380776663886,1670.366526918005,1673.665321008224,4733194,1744.8178577822691,1773.8908054809094,1928.2749238438712,38.52596691045159,-28.80322770451903,-23.919526193196056,-4.883701511322975,6576114.55,False,False,False,False,False,False,False,False,False
2026-03-30,1658.5295450707667,1674.181680409314,1637.6826958938266,1653.3348312323737,3468770,1737.989806062112,1770.2634408850197,1926.025768092476,35.96263633553929,-31.09880080812468,-25.355381116181782,-5.743419691942897,6335914.8,False,False,False,False,False,False,False,False,False
2026-03-31,1655.9363553459286,1659.5026107596366,1651.002943133879,1654.569198547587,9360160,1728.5962233406524,1766.562437383929,1923.8253183101335,36.2400197564672,-32.44445640764911,-26.773196174475252,-5.671260233173861,6516799.65,False,False,False,False,False,False,False,False,False
2026-04-01,1647.348545512823,1660.461955365314,1623.6591059732484,1636.7725158257394,9594791,1719.1970019297344,1762.862439233576,1921.546768680824,33.95628060532266,-34.548685981581684,-28.32829413589654,-6.220391845685143,6535266.4,False,False,False,False,False,False,False,False,False
2026-04-02,1621.9207840650026,1629.9164637866415,1611.2902430880372,1619.285922809676,4855206,1707.0610748122683,1759.2450492116022,1919.3246060953827,31.833554167466858,-37.198523569487406,-30.102340022614715,-7.096183546872691,6139377.35,False,False,False,False,False,False,False,False,False
2026-04-03,1590.307244719989,1605.3058749583645,1576.6073717252596,1591.606001963635,6116861,1695.2369042914506,1755.3751108461136,1917.044713426237,28.7678793358034,-41.05877720505805,-32.293627459103384,-8.765149745954666,6026858.7,True,False,False,False,False,False,False,False,False
2026-04-06,1605.5957565127533,1619.6809906711756,1587.5086933806772,1601.5939275390995,6331672,1686.3366541299724,1752.1873141760211,1914.851829345066,31.33742410011655,-42.81852855790339,-34.398607678863385,-8.419920879040006,6122204.05,False,False,True,False,False,False,False,False,False
2026-04-07,1590.2340428536813,1596.1785995530788,1583.9766979659532,1589.9212546653507,5502616,1677.7089585227288,1749.1841913744468,1912.5161178966507,29.976478916405128,-44.640444080028146,-36.44697495909634,-8.193469120931809,6092469.25,True,False,False,False,False,False,False,False,False
2026-04-08,1578.325681538853,1594.9513199205946,1567.4375277031602,1584.063166084902,10865512,1668.8494700315619,1745.155356525319,1910.2127379239457,29.28901113394147,-46.02645967124431,-38.362871901525935,-7.663587769718376,6277507.4,True,False,False,False,False,False,False,False,False
2026-04-09,1553.8442180881707,1560.5100577682308,1541.149030207409,1547.814869887469,7053173,1657.3728464474457,1739.5826134694878,1907.77947873944,25.406343277984305,-49.47945323941394,-40.586188169103536,-8.893265070310406,6451843.7,True,False,False,False,False,False,False,False,False
2026-04-10,1538.0467457469933,1552.5054825179686,1530.5640275054109,1545.0227642763862,6397620,1648.4878199389962,1734.5454755478504,1905.0484894133406,25.130001232533346,-51.84365373912692,-42.83768128310821,-9.00597245601871,6628129.6,True,False,False,False,False,False,False,False,False
2026-04-13,1520.743520631941,1533.9148989463338,1517.3546703525142,1530.526048666907,8506747,1639.684918057864,1729.5165287444959,1902.218845426308,23.68928258981154,-54.261569863143905,-45.12245899911535,-9.139110864028552,6675164.2,True,False,False,False,False,False,False,False,False
2026-04-14,1550.4582223644313,1562.3182950996325,1537.5694782854634,1549.4295510206646,5505932,1632.9481242843613,1724.7876946974045,1899.4302564707705,29.375208357721846,-54.02961142652566,-46.903889484597414,-7.125721941928248,6644796.95,True,False,False,False,False,False,False,False,False
2026-04-15,1564.5051769270237,1578.629760438824,1547.2201469082881,1561.3447304200884,6662747,1624.2818798221522,1720.1496665558182,1896.652548012008,32.7752768423624,-52.28165689957382,-47.979442967592696,-4.302213931981122,6567114.15,False,False,True,False,False,False,False,False,False
2026-04-16,1553.444798187377,1570.1796195609097,1547.1430937113678,1563.8779150849005,8282453,1618.632215376348,1715.759629706584,1893.920228470911,33.50818510919636,-50.114297090101445,-48.40641379209445,-1.7078832980069976,6559795.05,False,False,False,False,False,False,False,False,False
2026-04-17,1568.737625283157,1570.926622233158,1567.4330147378175,1569.6220116878185,9151241,1612.4589261347091,1710.9990116461465,1891.3113879653786,35.232502789570546,-47.386901532132924,-48.20251134010215,0.8156098079692242,6821374.6,False,False,False,False,True,False,False,False,False
2026-04-20,1554.8156089144848,1571.4983623364496,1549.6594760384214,1566.3422294603863,6770206,1606.3139503914701,1706.2804547882158,1888.7683327411764,34.679496796751664,-44.97166654010516,-47.556342380102755,2.584675839997594,6998066.4,False,False,False,False,False,False,False,False,False
2026-04-21,1573.4010449017046,1581.1826622932474,1564.8084157245003,1572.590033116043,2804459,1600.3995281975679,1701.8688481304562,1886.130212977336,36.71719158729156,-42.068490496439836,-46.45877200337018,4.390281506930343,6879561.35,False,False,False,False,False,False,False,False,False
2026-04-22,1561.9713883976783,1577.5021026667207,1559.0728420088587,1574.6035562779011,4718996,1594.8623229764057,1697.386057105493,1883.5641810301347,37.395008675313285,-39.153886443659985,-44.99779489142814,5.8439084477681575,6783243.95,False,False,False,False,False,False,False,False,False
2026-04-23,1611.704719842063,1612.0345834938373,1604.9599826233523,1605.2898462751266,3331335,1589.563784792514,1693.7184839156464,1881.2976358527544,46.75504752549467,-33.97625744020888,-42.793487401184294,8.81722996097541,6500684.55,False,False,False,False,False,False,False,False,False
2026-04-24,1610.4325152802742,1628.797163855681,1598.0827712513667,1616.4474198267735,5309523,1586.7028897334415,1690.1148305563618,1879.1667686942235,49.69979785375523,-28.642453835775996,-39.963280688102635,11.32082685232664,6529501.0,False,False,False,False,False,False,False,False,False
2026-04-27,1621.0758092185822,1630.0025397027302,1619.2887376764686,1628.2154681606166,7330494,1585.4469215798536,1686.5554476868315,1876.9227147222755,52.67283215390069,-23.1983764571155,-36.61029984190521,13.41192338478971,6722587.2,False,False,False,False,False,False,False,False,False
2026-04-28,1632.4202437590077,1646.4988214728546,1605.5876443501709,1619.6662220640178,9143286,1583.7017727556752,1682.6856419228614,1874.4513921434511,50.34478005088732,-19.350695846701228,-33.15837904286442,13.80768319616319,6711743.5,False,False,False,False,False,False,False,False,False
2026-04-29,1608.9975164054586,1619.2005139796938,1605.5285639377814,1615.7315615120167,4938660,1582.6497250399889,1679.1237997063865,1872.121938673132,49.265551295840275,-16.429486570932795,-29.812600548478095,13.3831139775453,6478936.95,False,False,False,False,False,False,False,False,False
2026-04-30,1637.039064730793,1643.306413352971,1631.0567987940485,1637.3241474162267,7312890,1583.5516362703165,1676.1714767990034,1869.918862773483,54.970342715419285,-12.231073743474553,-26.296295187477387,14.065221444002834,6601821.15,False,False,False,False,False,False,False,False,False
2026-05-01,1622.5418382111768,1631.6053530001955,1606.4119993191644,1615.475514108183,6912320,1584.7451118775439,1673.1259237002464,1867.5422105990924,48.970059379478904,-10.545244427520856,-23.146085035486085,12.600840607965228,6641594.1,False,False,False,False,False,False,False,False,False
2026-05-04,1625.0459556659544,1625.795409008745,1617.9910221229147,1618.7404754657055,3916093,1585.602439273874,1669.9862850850907,1865.1603396468513,49.85099483371365,-8.843811499863023,-20.28563032836147,11.441818828498448,6520815.15,False,False,False,False,False,False,False,False,False
2026-05-05,1625.3871655788153,1645.2784696994727,1611.1228015904567,1631.014105711114,4152942,1587.6570818261623,1667.0863944153173,1862.8527342542063,53.12683693908613,-6.430902816168327,-17.514684825922842,11.083782009754515,6453331.45,False,False,False,False,False,False,False,False,False
2026-05-06,1648.0243542112303,1649.82936486839,1636.1035361765819,1637.9085468337416,7764638,1590.3493508636043,1664.2812296791756,1860.6535317417358,54.908659683236,-3.9171767457571605,-14.795183209889707,10.878006464132547,6298287.75,False,False,False,False,False,False,False,False,False
2026-05-07,1608.028073031361,1624.2268989094093,1598.1471186304082,1614.3459445084566,5985255,1593.6759045946537,1660.765918504857,1858.3500301800323,48.16928902253351,-3.7827308447940595,-12.592692736870578,8.809961892076519,6244891.85,False,False,False,False,False,False,False,False,False
2026-05-08,1600.0409692010985,1612.0825246252643,1594.666876159359,1606.7084315835248,5045728,1596.7601879600106,1657.1109073535563,1855.9837979161448,46.19030312004756,-4.243547983694498,-10.922863786235363,6.679315802540865,6177297.25,False,False,False,False,False,False,False,False,False
2026-05-11,1577.0536776326733,1586.6840150612836,1571.8742064144647,1581.504543843075,9022778,1599.309112718819,1652.9430809177074,1853.4729598642216,40.30543968278064,-6.566794074849668,-10.051649843958225,3.4848557691085578,6203098.8,False,False,False,False,False,False,False,False,False
2026-05-12,1566.583544247749,1572.065018180202,1557.9121771155842,1563.3936510480373,5447615,1600.0073177201878,1647.3621368791328,1850.7337159182334,36.688262912463706,-9.756909451001547,-9.99270176536689,0.23579231436534265,6200182.95,False,False,False,False,False,False,False,False,False
2026-05-13,1549.6238653411722,1569.8958041564638,1535.7647392086133,1556.0366780239049,5254239,1599.7419151003785,1641.987731558729,1848.0752755071092,35.30229554914125,-12.731978782378746,-10.540557168769261,-2.191421613609485,6129757.55,False,False,False,False,False,True,False,False,False
2026-05-14,1587.1744474560985,1589.8955622586197,1578.7304767654375,1581.4515915679588,8038833,1600.6205989245314,1636.3766740869082,1845.55596612335,43.274498635685276,-12.890379271739903,-11.01052158936339,-1.879857682376512,6117576.55,False,False,False,False,False,False,False,False,False
2026-05-15,1534.5416798110919,1566.021244561803,1520.8213306846903,1552.3008954354016,7583297,1599.7545431119106,1630.8609037480162,1842.751216539524,37.55792217539756,-15.192994967463164,-11.847016264983345,-3.345978702479819,6039179.35,False,False,False,False,False,False,False,False,False
2026-05-18,1547.8403046309616,1560.594354557278,1537.777034689088,1550.5310846154043,7524364,1598.9639858696614,1626.2795468249512,1840.064940442546,37.236309466868256,-16.965080549839286,-12.870629121954533,-4.094451427884753,6076887.25,False,False,False,False,False,False,False,False,False
2026-05-19,1531.0032931436099,1542.4948279180237,1526.5026679055604,1537.9942026799743,4015110,1597.2341943478582,1621.789927542346,1837.0869808316313,34.95300643051867,-19.16022558444365,-14.128548414452357,-5.031677169991294,6137419.8,False,False,False,False,False,False,False,False,False
2026-05-20,1540.5043034083508,1555.057386193443,1536.3616107247178,1550.9146935098101,9487845,1596.0497512094535,1617.5831626943775,1833.9944269187563,39.09781035099894,-19.63102398599085,-15.229043528760057,-4.401980457230794,6375862.25,False,False,False,False,False,False,False,False,False
2026-05-21,1589.9744885824134,1605.3339339272536,1574.3297328372587,1589.6891781820989,5624302,1595.269717804802,1613.8299994266238,1830.9722162333148,49.4979163208148,-16.683046475043284,-15.519844118016703,-1.1632023570265808,6490510.6,False,False,False,False,False,False,False,False,False
2026-05-22,1587.3866617974702,1607.1629098238016,1574.1780620853651,1593.9543101116965,7754711,1594.145062319048,1611.25461973995,1828.2706478370208,50.4992701832355,-13.843018852708383,-15.18447906495504,1.3414602122466572,6612770.0,False,False,False,False,True,False,False,False,False
2026-05-25,1612.1642690106823,1612.986821681966,1610.9370871273716,1611.7596397986551,6212603,1593.3222709009501,1609.358130810132,1825.6723011995728,54.55069479612805,-10.039802605450177,-14.155543773054069,4.1157411676038915,6556875.45,False,False,False,False,False,False,True,False,False
2026-05-26,1622.6216302383834,1667.4405787468104,1570.7548521090634,1615.5738006174904,3907998,1593.1176498286238,1607.9862982926675,1822.9424181171426,55.39293025122783,-6.641397530392396,-12.652714524521734,6.011316994129338,6295111.05,False,False,False,False,False,False,True,False,False
2026-05-27,1590.3599847701876,1615.1888749137051,1583.4088361028485,1608.237726246366,11254608,1592.742958065341,1605.4576604243093,1820.4009991422322,53.34529861825922,-4.488357919648706,-11.01984320354713,6.531485283898423,6610908.45,False,False,False,False,False,False,True,False,False
2026-05-28,1606.7298788011492,1620.8964953128611,1589.562923653483,1603.729540165195,7187144,1591.0632277027896,1603.9948271475937,1817.8744329156948,52.071443892256006,-3.1099815254599434,-9.437870867929693,6.327889342469749,6604621.15,False,False,False,False,False,False,False,False,False
2026-05-29,1587.6268907686608,1596.6384906433289,1572.6116757082518,1581.6232755829199,4956391,1589.3706157765266,1601.76553672884,1815.271943421495,46.24043294272221,-3.7580783169128154,-8.301912357726318,4.543834040813502,6506824.7,False,False,False,False,False,False,False,False,False
2026-06-01,1577.0782170284908,1607.9154866582335,1555.331799578124,1586.1690692078666,8209339,1587.7420454636344,1599.7040832264943,1812.743782922648,47.54132303119133,-3.8603919433612646,-7.413608274853307,3.5532163314920426,6721487.0,False,False,False,False,False,False,False,False,False
2026-06-02,1547.2703515955754,1570.9770761736822,1530.8726344812542,1554.579359059361,8519320,1583.9203081310468,1596.9781008677994,1809.9593547665272,40.25191873169079,-6.416535999366943,-7.2141938197560345,0.7976578203890918,6939805.9,False,False,False,False,False,False,False,False,False
2026-06-03,1596.7654225484798,1603.9044069131235,1584.6772307555952,1591.816215120239,7215005,1581.6156915453719,1595.1074719561814,1807.305626364573,49.98655246514661,-5.375628596801562,-6.846480775165141,1.4708521783635788,6912324.25,False,False,False,False,False,False,False,False,False
2026-06-04,1617.751904179519,1629.3511215344352,1607.0322485029071,1618.6314658578233,8600016,1581.8299676128402,1593.2548890742785,1804.8122620142642,55.597045879594994,-2.3597338083541217,-5.949131381802937,3.5893975734488155,7043062.3,False,False,False,False,False,False,True,False,False
2026-06-05,1605.3438016700607,1612.4338990542196,1601.0182381651623,1608.1083355493213,7793916,1581.89996281113,1591.9437493651008,1802.181502409743,53.08054322558532,-0.8094137131447496,-4.9211878480713,4.11177413492655,7180471.7,False,False,False,False,False,False,True,False,False
2026-06-08,1535.1888629768036,1560.5016877902556,1523.7989854757545,1549.1118102892065,7011523,1580.2803261334366,1589.8592889462373,1799.171558699901,41.68795425661221,-4.291826893338566,-4.795315657124753,0.5034887637861871,7079908.95,False,False,False,False,False,False,False,False,False
2026-06-09,1536.0428665570573,1565.5979436561634,1520.8494975244325,1550.4045746235386,5061430,1579.6308723122115,1587.7759964677564,1796.2876511382817,41.98180641471376,-6.868177080286387,-5.2098879417570805,-1.6582891385293062,7060599.7,False,False,False,False,False,True,False,False,False
2026-06-10,1525.975877382257,1536.7154455758719,1517.9729674294317,1528.7125356230465,6907805,1578.2646651921686,1585.6147968637024,1793.5737440526814,38.47793572983007,-10.538834302803025,-6.27567721396627,-4.2631570888367545,7143278.0,False,False,False,False,False,False,False,False,False
2026-06-11,1524.4802140309266,1538.7585955121995,1505.4382484454607,1519.7166299267335,4976182,1575.1779171101075,1583.6234110060436,1790.9766195275151,37.09521632771924,-14.012226777098022,-7.822987126592621,-6.1892396505054,6990145.45,False,False,False,False,False,False,False,False,False
2026-06-12,1509.3356902786866,1519.0083709737892,1494.3614293999233,1504.0341100950259,4922982,1572.7645778430885,1581.8719731686713,1788.187506383454,34.750759562400646,-17.824889394222282,-9.823367580118553,-8.001521814103729,6857129.7,False,False,False,False,False,False,False,False,False
2026-06-15,1508.4186295708075,1515.229455764798,1485.9906974707208,1492.8015236647113,2300942,1569.8780997955541,1579.6961250911836,1785.217555841163,33.13541440691732,-21.50493236339912,-12.159680536774667,-9.345251826624454,6595958.6,False,False,False,False,False,False,False,False,False
2026-06-16,1482.7203199017197,1500.5039107143687,1467.9812699130084,1485.7648607256574,6712725,1567.266632697838,1577.61299721239,1782.3648423740553,32.12789152178162,-24.704415694919135,-14.668627568403561,-10.035788126515573,6730839.35,False,False,False,False,False,False,False,False,False
2026-06-17,1478.4812609512976,1482.4172552014304,1464.7512868509166,1468.6872811010494,9366474,1563.1552620774,1575.305479512713,1779.3823112138991,29.76263552167876,-28.291915646136886,-17.393285183950226,-10.89863046218666,6724770.8,True,False,False,False,False,False,False,False,False
2026-06-18,1488.3023602554404,1493.443288882551,1482.5953709475098,1487.7362995746205,6051764,1558.0576181470262,1574.103908106456,1776.5221283659705,35.46943198506797,-29.260640166764688,-19.76675618051312,-9.493883986251568,6746143.9,False,False,True,False,False,False,False,False,False
2026-06-19,1493.207275142065,1515.3262272719558,1489.5832690873374,1511.702221217228,4148127,1553.9450137023027,1573.4374972452724,1773.8200181143413,41.86883442709099,-27.77434636765497,-21.36827421794149,-6.406072149713481,6565814.7,False,False,False,False,False,False,False,False,False
2026-06-22,1495.0893516919339,1512.8549462149092,1492.4601917000982,1510.2257862230736,8381932,1548.8683210235235,1573.031491996396,1770.9534149271299,41.59516789116886,-26.411132691331886,-22.376845912619572,-4.034286778712314,6674281.15,False,False,False,False,False,False,False,False,False
2026-06-23,1517.2295257579285,1523.4037284925523,1511.8459511129445,1518.0201538475683,12204121,1543.9906386850275,1572.403304052934,1768.4890224078586,43.68776131335581,-24.420333303183497,-22.785543390732357,-1.63478991245114,7089087.3,False,False,False,False,False,False,False,False,False
2026-06-24,1503.7192374420774,1506.2790129129799,1502.7406114001703,1505.3003868710728,9814582,1538.8437717162628,1571.2824171819539,1766.0129390857783,41.099794631935396,-23.596978062124663,-22.94783032501082,-0.649147737113843,7017086.0,False,False,False,False,False,False,False,False,False
2026-06-25,1488.2611099015485,1499.0343874954126,1475.4527181127226,1486.2259957065867,6390605,1532.9685944933324,1569.7293787943875,1763.3937469144764,37.51126291701272,-24.20459159222696,-23.19918257845405,-1.005409013772912,6977259.05,False,False,False,False,False,False,False,False,False
2026-06-26,1483.1060032258051,1490.182201152002,1473.0857261030183,1480.1619240292152,4445195,1527.8955269156472,1567.9401770412153,1760.6587061784228,36.42247104890667,-24.888549886744386,-23.537056040112116,-1.3514938466322697,6951699.25,False,False,False,False,False,False,False,False,False
2026-06-29,1484.9617514118672,1494.326189080433,1478.386431274679,1487.7508689432448,6703287,1522.974616902416,1566.3683498308726,1758.110019247687,38.81591578549511,-24.53539853019879,-23.736724538129454,-0.798673992069336,6876396.65,False,False,False,False,False,False,False,False,False
2026-06-30,1485.5622324340388,1495.6983492679267,1484.8638831661121,1495.0,6392891,1519.9956489494482,1564.8165491685515,1755.6959804946787,41.09702573660522,-23.400829052249946,-23.669545440953552,0.2687163887036057,6770075.2,False,False,False,False,True,False,False,False,False
