Date,Open,High,Low,Close,Volume,DMA20,DMA50,DMA200,RSI,MACD,MACD_Signal,MACD_Hist,Vol_Avg20,RSI_Oversold,RSI_Overbought,RSI_Bull_Cross,RSI_Bear_Cross,MACD_Bull_Cross,MACD_Bear_Cross,Above_DMA50,Golden_Cross,Death_Cross
2024-07-01,1488.0159681688563,1495.3418293044958,1486.831223935844,1494.1570850714836,11270620,,,,50.0,0.0,0.0,0.0,,False,False,False,False,False,False,False,False,False
2024-07-02,1511.2170352157686,1517.2987714714968,1510.1279686851549,1516.209704940883,21638175,,,,50.0,1.7591833514052269,0.35183667028104537,1.4073466811241815,,False,False,False,False,False,False,False,False,False
2024-07-03,1537.926280816386,1542.6111550585322,1525.46692067481,1530.151794916956,20088630,,,,50.0,4.229602746165256,1.1273898854578874,3.1022128607073682,,False,False,False,False,False,False,False,False,False
2024-07-04,1521.9458658701026,1521.9677150855805,1520.9201001182516,1520.9419493337296,11203710,,,,50.0,5.382227379339156,1.9783573842341413,3.4038699951050146,,False,False,False,False,False,False,False,False,False
2024-07-05,1544.3091112156485,1556.5041611243453,1538.9499659566552,1551.145015865352,21799312,,,,50.0,8.633306375039865,3.3093471823952862,5.323959192644579,17200089.4,False,False,False,False,False,False,False,False,False
2024-07-08,1536.5645121039363,1540.0621226929484,1536.1146316238035,1539.6122422128155,1177949,1525.36963205687,,,50.0,10.16206944069927,4.679891634056084,5.482177806643186,14529732.666666666,False,False,False,False,False,False,False,False,False
2024-07-09,1535.2189710522712,1537.0837289574033,1533.5114095080194,1535.3761674131515,17303887,1526.7991371077674,,,50.0,10.90609072532311,5.92513145230949,4.980959273013621,14926040.42857143,False,False,False,False,False,False,False,False,False
2024-07-10,1539.5601812157586,1543.2186530305178,1522.500130869872,1526.1586026846312,8010522,1526.7190703048752,,,50.0,10.62942314119664,6.865989790086919,3.76343335110972,14061600.625,False,False,False,False,False,False,False,False,False
2024-07-11,1522.2098887948225,1530.4030147802412,1515.0441274060122,1523.2372533914308,19795967,1526.3322017589371,,,50.0,10.058485652851687,7.504488962639873,2.5539966902118136,14698752.444444444,False,False,False,False,False,False,False,False,False
2024-07-12,1553.0517811860295,1568.9710808983205,1548.2400545838445,1564.1593542961355,29667606,1530.1149170126569,,,50.0,12.760984437539491,8.555788057619797,4.205196379919695,16195637.8,False,False,False,False,False,False,False,False,False
2024-07-15,1537.689664335449,1540.8041306011864,1527.0776274115283,1530.1920936772658,11726172,1530.121933073076,,,50.0,12.023263442413054,9.249283134578448,2.7739803078346057,15789322.727272727,False,False,False,False,False,False,False,False,False
2024-07-16,1554.2362233079884,1560.8004834077656,1546.5523398590346,1553.1165999588118,26549445,1532.038155313554,,,50.0,13.136995204389905,10.02682554854074,3.1101696558491643,16685999.583333334,False,False,False,False,False,False,False,False,False
2024-07-17,1528.1687121588263,1531.17527767253,1515.0170923769701,1518.0236578906738,23925325,1530.9601170502553,,,50.0,11.060430748031422,10.233546588438877,0.8268841595925451,17242870.769230768,False,False,False,False,False,False,False,False,False
2024-07-18,1501.0338726308987,1509.3085706907189,1499.9229514074425,1508.1976494672626,9808629,1529.3342265086133,,,50.0,8.523606861005419,9.891558642952186,-1.3679517819467666,16711853.5,False,False,False,False,False,True,False,False,False
2024-07-19,1497.6659565987225,1509.7121665796492,1486.4782043132227,1498.5244142941494,16601506,1527.2802390276488,,,66.25136837945234,5.6672775697704765,9.046702428315845,-3.3794248585453683,16704497.0,False,False,False,False,False,False,False,False,False
2024-07-22,1513.210317559815,1528.845771062996,1495.121903129901,1510.757356633082,15057635,1526.2475588779885,1526.2475588779885,,67.77543515833827,4.340675632794728,8.105497069211621,-3.7648214364168933,16601568.125,False,False,False,False,False,False,False,False,False
2024-07-23,1527.161608800869,1533.3273515239327,1513.3551013139922,1519.520844037056,17257664,1525.8518697696982,1525.8518697696982,,68.86034185534422,3.9509303681556958,7.274583729000437,-3.323653360844741,16640162.0,False,False,False,False,False,False,False,False,False
2024-07-24,1513.2544324394842,1519.4226153202294,1503.3803306463426,1509.5485135270878,17999650,1524.9461277562198,1524.9461277562198,,66.1318637608427,2.8050359991316327,6.3806741830266755,-3.575638183895043,16715689.111111112,False,False,False,False,False,False,False,False,False
2024-07-25,1519.136530745908,1528.7253317185641,1502.3529996842713,1511.9418006569274,24522804,1524.261689487836,1524.261689487836,,66.47518487523226,2.0662067802068123,5.517780702462703,-3.451573922255891,17126589.89473684,False,False,False,False,False,False,False,False,False
2024-07-26,1523.5105122652797,1530.1048011832363,1509.9496868405552,1516.5439757585118,23124733,1523.8758038013698,1523.8758038013698,,67.16448143559532,1.8309305423697424,4.780410670444112,-2.949480128074369,17426497.05,False,False,False,False,False,False,False,False,False
2024-07-29,1539.2894763953248,1548.4193386169009,1530.4873752441986,1539.6172374657747,25555324,1526.1488114210842,1524.6253958806271,,70.44539926330165,3.466334075784971,4.517595351512284,-1.0512612757273132,18140732.25,False,True,False,False,False,False,True,False,False
2024-07-30,1503.3099160539364,1518.951130421765,1501.84726977078,1517.4884841386086,22939514,1526.2127503809709,1524.3009908014444,,63.8554498373671,2.942874082125172,4.202651097634862,-1.2597770155096901,18205799.2,False,False,False,True,False,False,False,False,False
2024-07-31,1516.3621822454083,1520.6788547196043,1505.7898436113937,1510.1065160855896,15141407,1525.2104864394023,1523.6838397268423,,61.77923694410303,1.9103438824965906,3.744189654607208,-1.8338457721106174,17958438.05,False,False,False,False,False,False,False,False,False
2024-08-01,1511.9532577242994,1523.876906689341,1497.6627373715544,1509.586386336596,21745122,1524.6427082895457,1523.096445835582,,61.627192514183484,1.0381193428963797,3.2029755922650427,-2.164856249368663,18485508.65,False,False,False,False,False,False,False,False,False
2024-08-02,1535.4433517404027,1548.0451995884148,1525.1108758432626,1537.7127236912747,9849167,1523.971093680842,1523.6810969498097,,66.43745747285469,2.5866185456582116,3.0797041829436766,-0.49308563728546506,17888001.4,False,False,False,False,False,False,True,False,False
2024-08-05,1545.9195295308398,1547.2028946090247,1536.4354485363797,1537.7188136145646,21999542,1523.8764222509294,1524.2210091292231,,66.43843847714595,3.7708388431767617,3.217931114990294,0.5529077281864678,18929081.05,False,False,False,False,True,False,True,False,False
2024-08-06,1536.7912889439772,1553.0203013224752,1523.6704013168667,1539.8994136953647,13416844,1524.1025845650397,1524.8016907798212,,66.81249696763331,4.829625249750279,3.540269941942291,1.289355307807988,18734728.9,False,False,False,False,False,False,True,False,False
2024-08-07,1505.3440898135652,1521.7190556183657,1497.0028519839425,1513.377817788743,12236615,1523.4635453202454,1524.393695315854,,58.30141511357362,3.4884374304435823,3.5299034396425495,-0.041466009198967146,18946033.55,False,False,False,False,False,True,False,False,False
2024-08-08,1510.8677933317294,1529.9792885558425,1486.977640465166,1506.089135689279,7446220,1522.6061394351377,1523.762503604593,,56.183211694940205,1.8164616503404432,3.1872150817821288,-1.3707534314416856,18328546.2,False,False,False,False,False,False,False,False,False
2024-08-09,1511.6082544498674,1518.9254553127528,1508.490600654454,1515.8078015173394,21390447,1520.1885617961982,1523.4973468683509,,58.35583793491485,1.2610868841181855,2.80198944224934,-1.5409025581311546,17914688.25,False,False,False,False,False,False,False,False,False
2024-08-12,1464.561911128293,1480.452079962496,1462.2315132526335,1478.1216820868365,6501155,1517.5850412166767,1522.0336157463666,,48.34528516238179,-2.194707281983483,1.8026500974027755,-3.9973573793862585,17653437.4,False,False,False,False,False,False,False,False,False
2024-08-13,1476.28107633702,1492.9293278259768,1469.141805376057,1485.7900568650136,14279410,1514.2187140619867,1520.9010045313244,,50.216674900604815,-4.2655052100774355,0.5890190359067333,-4.854524245984169,17039935.65,False,False,False,False,False,False,False,False,False
2024-08-14,1498.1393147837548,1514.2928688828301,1475.9493867616113,1492.1029408606867,15460479,1512.9226782104874,1520.0283359352445,,51.76591068824055,-5.335723607532373,-0.595929492781088,-4.739794114751285,16616693.35,False,False,False,False,False,False,False,False,False
2024-08-15,1485.276686874241,1486.8301219228965,1484.6189288589178,1486.1723639075733,15130570,1511.821413932503,1519.0325720520777,,50.18586778904378,-6.586502295729588,-1.794044053370788,-4.7924582423588,16882790.4,False,False,False,False,False,False,False,False,False
2024-08-16,1496.3944927284647,1502.9472474553197,1486.3890918683646,1492.9418465952197,17478283,1511.5422855475565,1518.2871227533103,,51.98732576615188,-6.951381540222883,-2.825511550741207,-4.125869989481676,16926629.25,False,False,False,False,False,False,False,False,False
2024-08-19,1484.96615320658,1521.2834768131947,1466.7721900442511,1503.089513650866,14239391,1511.1588933984456,1517.864966944909,,54.635710587684514,-6.348537063062395,-3.530116653205445,-2.81842040985695,16885717.05,False,False,False,False,False,False,False,False,False
2024-08-20,1526.836192519878,1535.035583309301,1526.777595458228,1534.976986247651,14945357,1511.9317005089754,1518.3274539530912,,61.771624601277686,-3.2601450055656187,-3.4761223236774796,0.21597731811186094,16770101.7,False,False,False,False,True,False,True,False,False
2024-08-21,1489.2191263343313,1498.256382149233,1486.299207921899,1495.3364637368009,27517117,1511.2210980194611,1517.7224278947679,,51.02601407327291,-3.9655188929446012,-3.574001637530904,-0.3915172554136972,17245975.05,False,False,False,False,False,True,False,False,False
2024-08-22,1496.7415432434882,1513.9444654629551,1494.899061770453,1512.10198398992,14944273,1511.2291071861107,1517.5783139484897,,54.62147669983709,-3.1355507344546822,-3.4863114569156597,0.35076072246097745,16767048.5,False,False,False,False,True,False,False,False,False
2024-08-23,1498.7503209509202,1500.2008159013099,1496.6617045632124,1498.112199513602,5675087,1510.3075183738652,1517.0916610876175,,51.24094414481344,-3.5655522125582593,-3.50215960804418,-0.06339260451407913,15894566.2,False,False,False,False,False,True,False,False,False
2024-08-26,1495.2598283229913,1506.2864528913153,1480.0980717081386,1491.1246962764626,11387502,1507.8828913143993,1516.4583204824673,,49.59007690710742,-4.419222549504866,-3.6855721963363175,-0.7336503531685485,15186175.1,False,False,False,False,False,False,False,False,False
2024-08-27,1475.1550725045818,1477.9519659317841,1470.5793723297447,1473.376265756947,22051299,1505.6772803953165,1515.4325572747168,,45.573721507839124,-6.453520290270262,-4.239161815123106,-2.214358475147156,15141764.35,False,False,False,False,False,False,False,False,False
2024-08-28,1488.6485401844097,1494.402440288419,1480.9322993324943,1486.6861994365036,16246490,1504.5062645628623,1514.764037324991,,48.915135015189236,-6.912037824520439,-4.773737017002573,-2.138300807517866,15197018.5,False,False,False,False,False,False,False,False,False
2024-08-29,1501.404080406795,1510.1247708092978,1493.6933039280373,1502.4139943305402,17549195,1504.1476449625595,1514.4833545296626,,52.61700151937581,-5.937866638160585,-5.006562941234176,-0.9313036969264097,14987222.15,False,False,False,False,False,False,False,False,False
2024-08-30,1513.8496385344145,1526.1036574967945,1489.9841494030336,1502.2381683654137,20950055,1502.3739171962666,1514.211239281568,,52.57113711785975,-5.1209851117275775,-5.029447375332857,-0.09153773639472096,15542266.55,False,False,False,False,False,False,False,False,False
2024-09-02,1497.2637327796679,1505.850405293549,1493.4180241096476,1502.0046966235288,20786492,1500.5882113467146,1513.9458796585675,,52.50568977777922,-4.441243939524611,-4.911806688171208,0.4705627486465973,15481614.05,False,False,False,False,True,False,False,False,False
2024-09-03,1508.5276210854308,1531.0836341562137,1496.8657479383419,1519.4217610091248,13490473,1499.5643287124026,1514.0623877724088,,56.823986563737904,-2.468675275961459,-4.4231804057292585,1.9545051297677993,15485295.5,False,False,False,False,False,False,True,False,False
2024-09-04,1527.4167259794167,1542.140764336365,1518.2802652138216,1533.00430357077,23866052,1500.545653001504,1514.4570110182083,,59.88698653257423,0.18842522349655155,-3.500859279884097,3.6892845033806485,16066767.35,False,False,False,False,False,False,True,False,False
2024-09-05,1518.7004124472976,1518.88093510339,1513.3546068849193,1513.5351295410117,12980057,1500.9179526940907,1514.4381971105101,,53.976045199195035,0.7149553192905387,-2.65769636004917,3.3726516793397088,16343459.2,False,False,False,False,False,False,False,False,False
2024-09-06,1524.719241566439,1528.1079582781472,1510.7897003817372,1514.1784170934454,20673009,1500.836483472896,1514.4330015101689,,54.13712007872715,1.1706476455992743,-1.8920275589194815,3.0626752045187557,16307587.3,False,False,False,False,False,False,False,False,False
2024-09-09,1510.487422895327,1519.0830497242926,1507.0630565644544,1515.65868339342,25288935,1502.713333538225,1514.8630334766078,,54.531463179466186,1.6324147554335013,-1.187139096048885,2.8195538514823864,17246976.3,False,False,False,False,False,False,True,False,False
2024-09-10,1517.3493641519476,1540.4160512592211,1502.6361042730587,1525.7027913803322,22942209,1504.708970263991,1515.0528952053967,,57.21938220404611,2.7768344700095895,-0.3943443828371901,3.1711788528467797,17680116.25,False,False,False,False,False,False,True,False,False
2024-09-11,1558.830712953772,1559.896903045738,1546.74943341603,1547.815623507996,11262107,1507.4946043963564,1515.4061717772174,,62.47839564839106,5.405801373721488,0.7656847684745456,4.640116605246942,17470197.65,False,False,False,False,False,False,True,False,False
2024-09-12,1556.8675015704682,1557.6023604271181,1548.043267655672,1548.778126512322,15270795,1510.6248925265938,1515.9628953207894,,62.693369512528285,7.480709570721729,2.108689728923982,5.372019841797746,17477208.9,False,False,False,False,False,False,True,False,False
2024-09-13,1539.1767041514604,1554.2233570313535,1524.6961996544046,1539.7428525342978,10956622,1512.9649428235477,1515.7348520541682,,59.260976698663086,8.300337047950961,3.347019192729378,4.953317855221583,17151125.85,False,False,False,False,False,False,True,False,False
2024-09-16,1545.8644717857958,1556.1997708121582,1538.2390559696646,1548.574354996027,23572838,1515.2391848908057,1515.9140943098325,,61.480858846884985,9.55241191112691,4.588097736408885,4.964314174718025,17617798.2,False,False,False,False,False,False,True,False,False
2024-09-17,1539.5799374814762,1553.1393182493946,1532.3950823611387,1545.954463129057,26897823,1515.7880587348761,1516.1256602241504,,60.42890309483979,10.215528627519006,5.7135839146309095,4.501944712888097,18215421.5,False,False,False,False,False,False,True,False,False
2024-09-18,1554.3378480751057,1564.0891825326598,1550.8245689011221,1560.5759033586762,20198458,1519.0500307159698,1516.8140062376315,,64.11881343372903,11.785030932154541,6.927873318135636,4.857157614018905,17849488.55,False,False,False,False,False,False,True,False,False
2024-09-19,1549.3318179568812,1575.5944062338694,1518.5688477576514,1544.8314360346396,11335258,1520.6865033182057,1517.2458898904958,,57.86199399346696,11.62442672979887,7.867184000468283,3.757242729330587,17669037.8,False,False,False,False,False,False,True,False,False
2024-09-20,1535.5472826979153,1545.7878205133152,1534.2339526805952,1544.474490495995,26919871,1523.0046178673254,1516.8521926144929,,57.72446737977922,11.337650839060643,8.561277368186756,2.776373470873887,18731277.0,False,False,False,False,False,False,True,False,False
2024-09-23,1568.0113047341983,1584.604742675896,1543.5781502461568,1560.1715881878545,18317434,1526.4569624628953,1517.4517825047049,,62.001671113837645,12.235955004481866,9.296212895445779,2.9397421090360876,19077773.6,False,False,False,False,False,False,True,False,False
2024-09-24,1529.7047825302136,1532.1427819793814,1528.1039848474938,1530.5419842966617,29086561,1529.3152483898807,1517.0002901914618,,51.425256172830494,10.436698356389115,9.524309987634446,0.9123883687546694,19429536.7,False,False,False,False,False,False,True,False,False
2024-09-25,1510.3604181381822,1531.260939071468,1502.2231127746816,1523.1236337079674,15520005,1531.137120103454,1517.1022897078076,,49.16400635960548,8.31631035600617,9.28271006130879,-0.9663997053026208,19393212.45,False,False,False,False,False,True,True,False,False
2024-09-26,1553.5900177659692,1557.528141417065,1543.4490951468074,1547.3872187979032,19142390,1533.385781326822,1517.8860810944202,,55.981702235179675,8.495821583894667,9.125332365825965,-0.6295107819312982,19472872.2,False,False,False,False,False,False,True,False,False
2024-09-27,1540.7143500909574,1541.0325601037835,1535.732634049738,1536.050844062564,19021308,1535.0764151116796,1518.6366096897887,,52.442895266716604,7.635319614505079,8.827329815561788,-1.1920102010567089,19376434.85,False,False,False,False,False,False,True,False,False
2024-09-30,1535.5000659450143,1545.2522580575192,1531.2121708174293,1540.9643629299342,19440072,1537.024398427,1519.2407498157256,1520.939370194456,53.80590926108585,7.266086589565475,8.515081170362526,-1.248994580797051,19309113.85,False,False,False,False,False,False,True,False,False
2024-10-01,1551.2805637496754,1563.8776474230413,1537.1124685435395,1549.7095522169054,12801858,1538.538787987389,1519.8445239793227,1521.3687758962838,56.21141863019921,7.59161898790876,8.330388733871773,-0.7387697459630136,19274683.1,False,False,False,False,False,False,True,False,False
2024-10-02,1533.0247793544581,1542.594148631833,1530.9548316753692,1540.524200952744,6710753,1538.9147828564878,1520.4640377278358,1521.6504733235845,53.084615458617215,7.027416988468076,8.069794384791035,-1.0423773963229586,18416918.15,False,False,False,False,False,False,True,False,False
2024-10-03,1535.5725644761492,1542.2941844406162,1517.9922809683508,1524.7139009328178,26819142,1539.473721426078,1520.7194797333534,1521.6948708251675,48.12264149062804,5.24407334642251,7.50465017711733,-2.26057683069482,19108872.4,False,False,False,False,False,False,True,False,False
2024-10-04,1532.4781633253822,1538.9320440216839,1529.1887719172194,1535.642652613521,22705725,1540.5469332020816,1521.1014532704537,1521.8941248507156,51.49756895346653,4.658914520529152,6.935503045799695,-2.276588525270544,19210508.2,False,False,False,False,False,False,True,False,False
2024-10-07,1528.1655102906943,1536.473205821508,1525.8332654321655,1534.140960962979,9406421,1541.4710470805599,1520.9919277403978,1522.066615500184,51.00653972777177,4.027570641845614,6.35391656500888,-2.3263459231632657,18416382.5,False,False,False,False,False,False,True,False,False
2024-10-08,1504.8922405123608,1528.1720591274834,1489.9358358635945,1513.215654478717,18478485,1540.846690235479,1520.9064711472,1521.9436854859969,44.62179683370682,1.817774542800862,5.446688160567277,-3.6289136177664147,18193196.3,False,False,False,False,False,False,False,False,False
2024-10-09,1489.2006335723559,1497.533304346915,1486.5543063809964,1494.8869771555555,23456179,1538.200257917857,1520.6020803685992,1521.573045645854,39.90944972990317,-1.3963792761649074,4.07807467322084,-5.474453949385747,18802899.9,False,False,False,False,False,False,False,False,False
2024-10-10,1450.4464238633102,1473.8598591705424,1437.4813846352326,1460.894819942465,17677332,1533.8060925893642,1519.6282490407168,1520.7530696228353,32.957894710717696,-6.610302880374093,1.9403991625018535,-8.550702042875946,18923226.75,False,False,False,False,False,False,False,False,False
2024-10-11,1453.9360310712507,1462.7298302812787,1444.3292201926017,1453.1230194026298,16051283,1529.4751009327806,1517.9364549549439,1519.8513356198991,31.60253147886766,-11.239927366845677,-0.6956661433676525,-10.544261223478024,19177959.8,False,False,False,False,False,False,False,False,False
2024-10-14,1467.220837864729,1479.352599345263,1449.266179726343,1461.3979412068768,13447384,1525.1162802433232,1516.4100375067899,1519.0822120092014,34.68254368260928,-14.078927975943543,-3.372318509882831,-10.706609466060712,18671687.1,False,False,False,False,False,False,False,False,False
2024-10-15,1464.9875825005568,1488.8458279973156,1452.7724259749045,1476.6306714716634,19820428,1521.6500906604535,1515.144662662316,1518.5308933009217,40.03562971328748,-14.927626004957801,-5.683380008897825,-9.244245996059977,18317817.35,False,False,False,False,False,False,False,False,False
2024-10-16,1468.7794363937878,1472.766503852027,1449.8875327595817,1453.874600217821,13435666,1516.3150255034107,1513.9545983108976,1517.701966466523,35.371860230140726,-17.237744093466972,-7.994252825811655,-9.243491267655317,17979677.75,False,False,False,False,False,False,False,False,False
2024-10-17,1436.4760649316006,1450.1209786365628,1418.1152976686972,1431.7602113736593,12130948,1510.6614642703619,1512.468019824585,1516.6140961488918,31.528145258516915,-20.61533493564002,-10.518469247777329,-10.096865687862692,18019462.25,False,False,False,False,False,False,False,False,False
2024-10-18,1434.5706128745294,1441.4050912642167,1425.9413151643555,1432.7757935540428,17988307,1505.0765294232642,1510.807379665319,1515.5661173664562,31.89416324026938,-22.94564787240438,-13.003904972702738,-9.94174289970164,17572884.05,False,False,False,False,False,False,False,False,False
2024-10-21,1450.8448203138807,1463.8507159227402,1437.928111927808,1450.9340075366674,21581244,1499.6146503907048,1510.263626174316,1514.7681900846069,38.24996415201868,-23.061384267296262,-15.015400831621445,-8.045983435674817,17736074.55,False,False,False,False,False,False,False,False,False
2024-10-22,1432.5082862104045,1448.3039955891702,1425.5495548911758,1441.3452642699415,24194431,1495.1548143893688,1509.3747303224145,1513.8727885502817,36.32229508368363,-23.654167124830337,-16.743154090263225,-6.911013034567112,17491468.05,False,False,False,False,False,False,False,False,False
2024-10-23,1436.8422451391077,1442.2118844511476,1428.6407670253745,1434.0104063374145,15948518,1490.699153020841,1508.2128796319491,1512.910591174223,34.874445465456716,-24.434151852560717,-18.281353642722724,-6.152798209837993,17512893.7,False,False,False,False,False,False,False,False,False
2024-10-24,1444.9218318833864,1449.1305330769103,1430.8072374896726,1435.0159386831965,33403033,1485.0805890151057,1507.1897511274615,1511.9832738826633,35.25546070000041,-24.686585718753122,-19.562400057928805,-5.124185660824317,18225925.85,False,False,False,False,False,False,False,False,False
2024-10-25,1447.868395999541,1458.0379730535221,1435.5753205121193,1445.7448975661005,23090492,1480.5652916902825,1506.245812146879,1511.2039988671743,39.33380495944066,-23.74716156378645,-20.399352359100334,-3.347809204686115,18429385.05,False,False,False,False,False,False,False,False,False
2024-10-28,1461.1323111908548,1474.3374850150963,1451.698343879041,1464.9035177032824,12221746,1476.7622494289499,1505.4820922279273,1510.665621179222,45.888623162719064,-21.212199590247792,-20.561921805329828,-0.6502777849179644,18068468.75,False,False,False,False,False,False,False,False,False
2024-10-29,1473.3941878437329,1477.3372822259337,1472.6188263297786,1476.5619207119794,8228922,1473.1048678537038,1504.313790917214,1510.2736246221273,49.4667108664702,-18.05436874885845,-20.060411194035556,2.006042445177105,17839821.95,False,False,False,False,True,False,False,False,False
2024-10-30,1514.9855048479703,1524.4699029910428,1504.8787414937367,1514.3631396368091,17417177,1471.796814787907,1504.694324435214,1510.3200963836578,58.94588524345314,-12.35905511275405,-18.520139977779255,6.161084865025206,18375143.15,False,False,False,False,False,False,True,False,False
2024-10-31,1514.6923305530452,1532.338201020881,1495.002613341165,1512.6484838090007,16109992,1471.193543931716,1504.705254431596,1510.3462580401222,58.410654736510665,-7.892852528135336,-16.39468248785047,8.501829959715135,17839685.65,False,False,False,False,False,False,True,False,False
2024-11-01,1564.6213400797687,1572.7464196605401,1545.9086822095915,1554.0337617903629,21632368,1472.1130993905583,1505.823685677131,1510.8316747484582,66.35209087075904,-1.0023542251133222,-13.316216835303042,12.31386261018972,17786017.8,False,False,False,False,False,False,True,False,False
2024-11-04,1574.7690815669803,1587.3306854646971,1566.8251596152334,1579.3867635129502,16116845,1474.3753895180566,1507.5889270218606,1511.5850273722438,70.1166524278255,6.4300688474338585,-9.366959698755663,15.797028546189521,18121539.0,False,True,False,False,False,False,True,False,False
2024-11-05,1564.0244623814442,1572.6229591473443,1548.6436436324952,1557.2421403983953,16389382,1476.5767138140407,1509.2662445146896,1512.0813003399194,63.44021813927158,10.41339255784169,-5.410889247436193,15.824281805277883,18017083.85,False,False,False,True,False,False,True,False,False
2024-11-06,1569.082688023295,1571.9184594811059,1558.4252418885385,1561.2610133463493,15859281,1479.8954156235804,1510.7577407928866,1512.6101144582683,64.10816171102374,13.73615293582884,-1.5814808107831864,15.317633746612028,17637238.95,False,False,False,False,False,False,True,False,False
2024-11-07,1547.9887679607273,1571.3139776379428,1544.9503006361797,1568.2755103133952,6822861,1485.2644501421269,1512.0749711125436,1513.2022995205568,65.29980171349459,16.742478882496698,2.0833111278727907,14.659167754623908,17094515.4,False,False,False,False,False,False,True,False,False
2024-11-08,1546.7755315536713,1561.5701862443807,1535.5778945845148,1550.3725492752242,8321497,1490.1269266357565,1513.03765873074,1513.593565307448,59.83911165748338,17.478908542710087,5.16243061084025,12.316477931869837,16708026.1,False,False,False,False,False,False,True,False,False
2024-11-11,1564.9535694951376,1566.8316754336277,1555.8576152398814,1557.7357211783715,10500743,1494.9438156343313,1514.1522792218366,1514.0533794311034,61.27350612299364,18.444069043211357,7.8187582973144725,10.625310745896885,16560694.05,False,False,False,False,False,False,True,True,False
2024-11-12,1557.6020630100506,1570.9637514040899,1534.3861732700302,1547.7478616640694,16079456,1498.4996751439517,1514.7188012349359,1514.4007452273197,58.23512352587095,18.19330777558889,9.893668192969358,8.299639582619534,16373645.45,False,False,False,False,False,False,True,False,False
2024-11-13,1580.9765225865842,1584.667732683995,1556.9654640644335,1560.6566741618442,20216127,1503.8387788411528,1515.2718486467572,1514.8727445021618,60.931584139006176,18.819274072566714,11.678789368888829,7.140484703677885,16712668.5,False,False,False,False,False,False,True,False,False
2024-11-14,1564.3160959849947,1565.07632018815,1561.6183866431652,1562.3786108463205,16122602,1510.3696988147858,1516.2487182728635,1515.3526017379613,61.29060102620171,19.232601316281716,13.189551758367406,6.04304955791431,16912251.2,False,False,False,False,False,False,True,False,False
2024-11-15,1549.6265660241238,1560.9969526146629,1547.6654828594228,1559.0358694499619,18033066,1516.6827026095818,1517.1458673199938,1515.7894344150814,60.13531648841791,19.07060082528028,14.365761571749982,4.704839253530299,16914489.15,False,False,False,False,False,False,True,False,False
2024-11-18,1532.7148857288716,1540.7024352840488,1525.093374491086,1533.0809240462631,13117808,1520.7900484350616,1517.4943121330505,1515.9606372827168,51.947603327915324,16.6558686041119,14.823782978222367,1.832085625889535,16491317.35,False,False,False,False,False,False,True,False,False
2024-11-19,1512.8387377707145,1512.8390506683818,1507.7519953857072,1507.7523082833745,16548675,1524.1104006357332,1517.1353024711113,1515.8801634689978,45.44489673121924,12.553657559671365,14.369757894512167,-1.8161003348408027,16109029.55,False,False,False,False,False,True,False,False,False
2024-11-20,1496.3302657342706,1514.8540493592736,1490.5541208936763,1509.0779045186794,17440967,1527.8637755447967,1516.360548091325,1515.8141221199653,45.8271007174641,9.302358491661835,13.3562780139421,-4.053919522280266,16183652.0,False,False,False,False,False,False,False,False,False
2024-11-21,1525.093085638553,1526.7097218719346,1523.8428494415837,1525.4594856749652,16013714,1532.385952894385,1515.894175274578,1515.906866000302,50.44725799948901,7.955827422450284,12.276187895643739,-4.320360473193455,15314186.05,False,False,False,False,False,False,True,False,True
2024-11-22,1538.37133151373,1544.328538943173,1531.1251266445977,1537.0823340740408,28778348,1536.952824719782,1515.8409649053729,1516.108537124814,53.478822537373446,7.737367027724304,11.368423722059852,-3.6310566943355482,15598578.85,False,False,False,False,False,False,True,False,False
2024-11-25,1531.2095054379988,1556.8322937151509,1508.9977708745444,1534.6205591516964,9536682,1540.4386767922028,1515.561888988486,1516.2831788420485,52.74281395717129,7.281652570498409,10.551069491747564,-3.269416921249155,15464325.65,False,False,False,False,False,False,True,False,False
2024-11-26,1544.51663979273,1563.948674893988,1533.9187650300391,1553.350800131297,14464322,1544.2781207631685,1515.709815728531,1516.6296052092378,57.53181018962065,8.335779810981876,10.108011555594427,-1.7722317446125508,15776095.65,False,False,False,False,False,False,True,False,False
2024-11-27,1523.682161609322,1533.2002633159104,1514.8345729920209,1524.3526746986092,25946437,1544.7775975162585,1514.9853511553295,1516.701115111917,49.21616992609514,6.753427559625152,9.437094756400572,-2.6836671967754206,16202558.65,False,False,False,False,False,False,True,False,False
2024-11-28,1518.6714217180809,1525.2051653562264,1517.070424677675,1523.6041683158205,15345004,1545.3253817415994,1514.5608058009532,1516.7644458752557,49.01921616247211,5.377020841449394,8.625079973410337,-3.248059131960943,16164309.25,False,False,False,False,False,False,True,False,False
2024-11-29,1543.540684449746,1558.141385988273,1527.0751280020124,1541.6758295405393,10128612,1544.7074851291084,1514.5048325818443,1516.9909129994855,53.82386149851624,5.67897691959206,8.035859362646681,-2.356882443054621,15589121.45,False,False,False,False,False,False,True,False,False
2024-12-02,1535.4881282196516,1540.9336673725252,1524.6744216397954,1530.119960792669,13482855,1542.2441449930943,1513.9038000339403,1517.1091927093341,50.54358766798236,4.928998825205781,7.414487255158502,-2.4854884299527207,15457421.95,False,False,False,False,False,False,True,False,False
2024-12-03,1527.302144465669,1527.4467226717197,1515.1682036986178,1515.3127819046686,15312503,1540.147677068408,1513.5992159861007,1517.0931533271494,46.62267773420924,3.104038767881093,6.55239755770302,-3.448358789821927,15403578.0,False,False,False,False,False,False,True,False,False
2024-12-04,1503.0331963473407,1506.1401036162501,1499.8027398790207,1502.9096471479302,13235637,1537.230108758487,1513.1949362548996,1516.9676355733513,43.57347159414357,0.6494292407458033,5.371803894311577,-4.722374653565773,15272395.8,False,False,False,False,False,False,False,False,False
2024-12-05,1488.0656831796007,1497.971386267506,1473.7200480813135,1483.6257511692188,15953210,1532.9976208012781,1511.9197069023262,1516.6751629031394,39.27286105605681,-2.8194152730125097,3.7335600608467594,-6.552975333859269,15728913.25,False,False,False,False,False,False,False,False,False
2024-12-06,1515.8898385638283,1521.1921165035333,1498.2351394085701,1503.537417348275,10975174,1530.6558642049308,1511.2694383680405,1516.560921637445,45.278552742691424,-3.9166458347729076,2.203518881722826,-6.120164716495734,15861597.1,False,False,False,False,False,False,False,False,False
2024-12-09,1502.5330293369236,1503.3143842587292,1495.4973700149524,1496.278724936758,10241566,1527.5830143928501,1510.3757256081767,1516.3860751141633,43.58629826021724,-5.310706258326718,0.7006738537129173,-6.011380112039635,15848638.25,False,False,False,False,False,False,False,False,False
2024-12-10,1465.194924661892,1481.22900801831,1450.1591223722537,1466.1932057286717,7490747,1523.5052815960803,1508.705398678412,1515.9570762305266,37.354666274632194,-8.742382410094478,-1.187937399048562,-7.5544450110459165,15419202.8,False,False,False,False,False,False,False,False,False
2024-12-11,1457.5050932876673,1462.7609922632291,1456.4937434394878,1461.7496424150497,14687140,1518.5599300087406,1507.1299075076581,1515.497691198192,36.524070852654475,-11.685861569288818,-3.287522233096613,-8.398339336192205,15142753.45,False,False,False,False,False,False,False,False,False
2024-12-12,1497.5317517598978,1500.774691200593,1486.5345095855214,1489.7774490262166,17585211,1514.9298719177355,1506.4311784695265,1515.2815547093517,44.853330230600484,-11.62299757324513,-4.9546173011263175,-6.668380272118812,15215883.9,False,False,False,False,False,False,False,False,False
2024-12-13,1513.4740462844118,1524.70954038576,1504.0120200359215,1515.2475141372697,16136078,1512.7404541521005,1506.023275700001,1515.2812710379178,51.129180425436836,-9.409489276052682,-5.84559169611159,-3.5638975799410915,15121034.5,False,False,False,False,False,False,True,False,False
2024-12-16,1484.5695914850148,1493.8848543895747,1479.5306109233406,1488.8458738279005,14967318,1510.5287016411826,1505.1173739572996,1515.0627966808102,45.36591654421701,-9.674142238531886,-6.61130180459565,-3.062840433936236,15213510.0,False,False,False,False,False,False,False,False,False
2024-12-17,1498.5473080674521,1516.3877436333744,1481.1684393436183,1499.0088749095405,9941008,1510.0915299724907,1504.8332383659163,1514.9312071580948,47.804880140290514,-8.960521057454343,-7.081145655167389,-1.8793754022869544,14883126.65,False,False,False,False,False,False,False,False,False
2024-12-18,1527.784513151729,1528.9260507602278,1514.3437108647456,1515.4852484732444,18379125,1510.411897170219,1505.24520379227,1514.935711559031,51.57887152641846,-6.984947357141209,-7.061905995562153,0.07695863842094397,14930034.55,False,False,False,False,True,False,True,False,False
2024-12-19,1495.603544432804,1503.6714460018302,1489.9007756839799,1497.968677253006,11626832,1509.037356749121,1505.9866809384805,1514.7988806372084,47.63544809371792,-6.7548659815061,-7.000497992750943,0.2456320112448429,14710690.45,False,False,False,False,False,False,False,False,False
2024-12-20,1504.6896035647064,1520.5930308507668,1501.9590676713963,1517.8624949574566,28495998,1508.0763647932918,1507.281470449577,1514.8233895517703,52.11330450887425,-4.910653052872476,-6.5825290047752505,1.6718759519027744,14696572.95,False,False,False,False,False,False,True,False,False
2024-12-23,1550.0040957268538,1554.7945476129794,1543.9428992893017,1548.7333511754273,9623902,1508.7820043944785,1509.0281786489481,1515.092516231323,58.100902872189515,-0.9471626207105146,-5.4554557279623035,4.508293107251789,14700933.95,False,False,False,False,False,False,True,False,False
2024-12-24,1531.142608025687,1531.3923514719745,1529.8671699424556,1530.1169133887431,12254111,1507.6203100573507,1510.0979034872898,1515.2108185711454,53.737290644596506,0.6838580667547376,-4.227592969018896,4.911451035773633,14590423.4,False,False,False,False,False,False,True,False,False
2024-12-25,1514.4214501706354,1531.0648030053296,1504.4183703369931,1521.0617231716874,25691836,1507.4557624810047,1511.441645946367,1515.2565287633372,51.70321772193367,1.2315786670633315,-3.135758641802451,4.367337308865782,14577693.35,False,False,False,False,False,False,True,False,False
2024-12-26,1531.8083788182241,1537.1985577440507,1526.7370911111857,1532.1272700370123,20345429,1507.8819175670642,1513.4489871196345,1515.387309703443,53.994911624546646,2.529391096253221,-2.0027286941913163,4.532119790444537,14827714.6,False,False,False,False,False,False,True,False,False
2024-12-27,1500.7693997594708,1502.1254529489404,1499.6376071730365,1500.993660362506,19730835,1505.8478091081627,1514.8133444558036,1515.2765893238975,47.20768441182743,1.03377794171206,-1.3954273670106412,2.4292053087227012,15307825.75,False,False,False,False,False,False,False,False,False
2024-12-30,1515.40761454742,1532.5383314493715,1491.9144073997827,1509.0451243017342,18543732,1504.7940672836157,1515.9755667911047,1515.2290208886136,48.99333523909978,0.4925023321188746,-1.017841427184738,1.5103437593036126,15560869.6,False,False,False,False,False,False,False,True,False
2024-12-31,1474.1438117439752,1482.0675842597138,1460.857775964735,1468.7815484804737,23290356,1502.467505612406,1516.5242924753154,1514.877146097643,41.44398595948607,-3.149095744695842,-1.4440922906869589,-1.705003454008883,15959762.25,False,False,False,False,False,True,False,False,False
2025-01-01,1421.4410839267941,1431.5127936945432,1409.417687425049,1419.4893971927982,21691407,1498.2964931146496,1516.233872292423,1514.1599449780576,34.44615591236237,-9.89844994469604,-3.134963821488775,-6.763486123207265,16382550.75,False,False,False,False,False,False,False,False,False
2025-01-02,1402.8909579158544,1405.4248504864684,1399.2621943292063,1401.7960868998202,18950630,1494.2050099011797,1515.5694752567556,1513.3214087237425,32.335591152378996,-16.48503482624801,-5.804978022440623,-10.680056803807389,16532421.75,False,False,False,False,False,False,False,False,False
2025-01-03,1421.3283225296657,1421.5687498720022,1411.913650297929,1412.1540776402655,14775635,1489.6358429157792,1514.897658858239,1512.572021086087,34.8521612957569,-20.631322468382677,-8.770246911629034,-11.861075556753644,16722444.8,False,False,False,False,False,False,False,False,False
2025-01-06,1426.707451934382,1429.1804061070707,1425.6879705919034,1428.160924764592,12972829,1486.2299529071709,1514.1628069994651,1511.9513512601936,38.649520426032005,-22.36782415565449,-11.489762360434124,-10.878061795220365,16859007.95,False,False,False,False,False,False,False,False,False
2025-01-07,1466.7175878431785,1482.655805685083,1442.4316341305546,1458.369851972459,17254259,1485.8387852193603,1513.7989656246746,1511.5602454259767,45.14768638503438,-21.063598245560115,-13.404529537459322,-7.6590687081007935,17347183.55,False,False,False,False,False,False,False,False,False
2025-01-08,1465.5828938793863,1478.3078384113978,1440.5170197343919,1453.2419642664033,30853180,1485.4134013119278,1512.5765421172669,1511.13764918569,44.2901203265376,-20.21079009032178,-14.765781648031814,-5.445008442289966,18155485.55,False,False,False,False,False,False,False,False,False
2025-01-09,1464.5132316967208,1479.3594005835935,1459.0992798636375,1473.9454487505102,10173319,1484.6218012981424,1511.8024814160965,1510.8700793983867,48.54013427423708,-17.660753142723934,-15.34477594697024,-2.3159771957536943,17784890.95,False,False,False,False,False,False,False,False,False
2025-01-10,1491.9513357891672,1502.1930600512787,1489.8106165602387,1500.0523408223503,11521722,1483.8620426323967,1510.7228529967365,1510.7928098371292,53.37085568851217,-13.378997726280431,-14.951620302832278,1.5726225765518471,17554173.15,False,False,False,False,True,False,False,False,True
2025-01-13,1504.2943686499552,1506.4011257617558,1492.926365297256,1495.0331224090567,10855213,1484.1714050614544,1509.0357801746586,1510.6810390043058,52.3533118971902,-10.272272327833207,-14.015750707832465,3.7434783799992584,17348567.9,False,False,False,False,False,False,False,False,False
2025-01-14,1469.7362447435687,1483.2669741374943,1450.5710917055321,1464.1018210994578,19767680,1482.4260523709504,1507.1729737886799,1510.3530163430041,46.473047237079776,-10.188619515253095,-13.250324469316592,3.0617049540634973,17839901.5,False,False,False,False,False,False,False,False,False
2025-01-15,1492.5735110760388,1499.0541563879935,1478.307380693624,1484.7880260055788,22425517,1480.8911912475671,1505.6435140418646,1510.1742401867982,50.479030797444665,-8.356788350318993,-12.271617245517072,3.914828895198079,18042221.1,False,False,False,False,False,False,False,False,False
2025-01-16,1514.5613985170057,1520.7748776420096,1500.241631174217,1506.455110299221,19525182,1481.3155128998776,1504.407106041581,1510.1484128959123,54.33410670743935,-5.097930561201565,-10.836879908653971,5.738949347452406,18437138.6,False,False,False,False,False,False,True,False,False
2025-01-17,1527.569922139382,1533.8006493522028,1507.353542745564,1513.5842699583848,24586210,1481.101601649924,1503.671340455244,1510.1721084618605,55.559966298340846,-1.917890433826642,-9.053082013688506,7.135191579861864,18241649.2,False,False,False,False,False,False,True,False,False
2025-01-20,1472.1124797189736,1481.7824771007784,1462.8254143740562,1472.495411755861,33569028,1477.2897046789458,1501.966534266794,1509.914048895381,47.62485764611135,-2.6822933765822654,-7.778924286267259,5.096630909684993,19438905.5,False,False,False,False,False,False,False,False,False
2025-01-21,1465.6655905187788,1474.218506441609,1452.0305167195409,1460.583432642371,9959931,1473.8130306416272,1500.2232456863599,1509.5784664718913,45.591923309937876,-4.200860473246394,-7.063311523663086,2.8624510504166922,19324196.5,False,False,False,False,False,False,False,False,False
2025-01-22,1436.3229049762688,1439.7508882535858,1429.770728966137,1433.198712243454,15889814,1469.4198800952154,1497.6740864479923,1509.0623870514287,41.23423037143113,-7.52728406543838,-7.156106032018145,-0.37117803342023503,18834095.4,False,False,False,False,False,True,False,False,False
2025-01-23,1434.9115563511366,1450.554518378949,1429.5437834377483,1445.1867454655608,8769868,1465.072853866643,1495.330249140377,1508.6336914703154,43.76805262070704,-9.091365038008462,-7.543157833216209,-1.548207204792253,18255317.35,False,False,False,False,False,False,False,False,False
2025-01-24,1404.3277417794789,1410.0351237851755,1397.5504632725015,1403.2578452781981,19990723,1460.1860631124275,1492.2146886569417,1507.9311858290348,37.6529840205786,-13.557934874335842,-8.746113241440137,-4.811821632895706,18268311.75,False,False,False,False,False,False,False,False,False
2025-01-27,1422.4720562553148,1430.8357496252218,1411.2174323654328,1419.5811257353398,24364074,1455.7128631841078,1489.9446926907235,1507.346086093315,41.10296121683054,-15.600735765198351,-10.11703774619178,-5.483698019006571,18559328.85,False,False,False,False,False,False,False,False,False
2025-01-28,1412.0385783198753,1427.1330699672612,1394.377015705098,1409.471507352484,15682137,1452.7473611277082,1487.9790766721055,1506.7021743910727,39.639956506134794,-17.829899915187752,-11.659610179990976,-6.170289735196777,18178917.9,False,False,False,False,False,False,False,False,False
2025-01-29,1394.3150701029535,1401.456834105746,1388.725480404742,1395.8672444075346,15956233,1451.566253488445,1485.7148634698826,1505.9777630839908,37.695547570706985,-20.45844665035861,-13.419377474064504,-7.039069176294106,17892159.2,False,False,False,False,False,False,False,False,False
2025-01-30,1422.7376096013948,1424.004680822065,1413.5233669058543,1414.7904381265246,10746390,1452.2159710497804,1483.501482518914,1505.385637597254,41.960207369043616,-20.775162153033307,-14.890534409858265,-5.884627743175042,17481947.2,False,False,False,False,False,False,False,False,False
2025-01-31,1441.2394700592085,1449.2718540141084,1427.371375493593,1435.4037594484928,15689585,1453.3784551401918,1481.4679110264028,1504.9341416091975,46.27426456788259,-19.142179582116796,-15.740863444309973,-3.4013161378068233,17527644.7,False,False,False,False,False,False,False,False,False
2025-02-03,1425.3847414427282,1436.4319489889338,1412.7655931935133,1423.8128007397188,11856536,1453.1610489389482,1479.2517558581633,1504.4141330138802,44.28113795120475,-18.569267669054398,-16.30654428925886,-2.2627233797955384,17471830.05,False,False,False,False,False,False,False,False,False
2025-02-04,1387.5101937816755,1404.296150461815,1377.41138972269,1394.1973464028295,14811031,1449.9524236604666,1476.0686867835936,1503.712115264765,39.58916567665024,-20.271275858982108,-17.09949060320351,-3.171785255778598,17349668.65,False,False,False,False,False,False,False,False,False
2025-02-05,1437.7291043048283,1443.2180401737492,1414.77115811972,1420.2600939886408,5213895,1448.3033301465784,1473.9868351693947,1503.1839379149164,45.102054538015956,-19.29466678887229,-17.538525840337268,-1.7561409485350232,16067704.4,False,False,False,False,False,False,False,False,False
2025-02-06,1442.7974489288647,1445.432567897282,1437.3473142770454,1439.9824332454627,14129969,1446.6051793713261,1472.3144004679873,1502.7864441748568,48.90211281724056,-16.73634296942305,-17.378089266154426,0.6417462967313767,16265536.9,False,False,False,False,True,False,False,False,False
2025-02-07,1465.569627887739,1470.0419645353898,1460.7130534342728,1465.1853900819235,13399636,1444.8618318343047,1470.7845916788149,1502.551437586776,53.34635297115032,-12.530738372137648,-16.40861908735107,3.877880715213422,16359432.6,False,False,False,False,False,False,False,False,False
2025-02-10,1493.4982650348065,1498.6701829345272,1487.112158483049,1492.2840763827696,27869419,1444.7243795329903,1470.0278739906169,1502.4876651569375,57.614981638405595,-6.9312300126912305,-14.513141272419103,7.581911259727873,17210142.9,False,False,False,False,False,False,True,False,False
2025-02-11,1487.9354420118532,1494.5400746656105,1485.7974885665897,1492.402121220347,10690802,1446.1393945390348,1469.5696607769307,1502.4254087128845,57.63316659326292,-2.4557457552816686,-12.101662168991616,9.645916413709948,16756299.0,False,False,False,False,False,False,True,False,False
2025-02-12,1502.28643803849,1524.4339214259232,1489.2986745043218,1511.446157891755,7425480,1447.4723011333435,1469.7403909918073,1502.4807507323867,60.572165786937695,2.597855898872922,-9.16175855541871,11.759614454291633,16006297.15,False,False,False,False,False,False,True,False,False
2025-02-13,1521.0453595858437,1531.785488722429,1505.3056542579232,1516.0457833945084,20269102,1447.951834788108,1470.388791636313,1502.5634643461801,61.27097429056888,6.894546911334601,-5.950497462068048,12.845044373402649,16043493.15,False,False,False,False,False,False,True,False,False
2025-02-14,1518.0889878996666,1544.4740059199057,1499.0168043352742,1525.4018223555133,19842351,1448.5427124079645,1470.8260797364576,1502.701878637146,62.7184248685071,10.928680619852457,-2.574661845683947,13.503342465536404,15806300.2,False,False,False,False,False,False,True,False,False
2025-02-17,1538.033058529358,1543.757543310426,1535.429632502852,1541.15411728392,24706204,1451.9756476843672,1471.723587583401,1502.9335186289939,65.08446634082186,15.2213766465145,0.9845458527557427,14.236830793758758,15363159.0,False,False,False,False,False,False,True,False,False
2025-02-18,1556.3347851159717,1579.166845648986,1544.439982353781,1567.2720428867954,21295617,1457.3100781965888,1473.7451643265636,1503.3187792532922,68.63837445026965,20.49461829217421,4.886560340639436,15.608057951534773,15929943.3,False,False,False,False,False,False,True,False,False
2025-02-19,1608.9457772373626,1609.9490454895085,1603.2917549125475,1604.2950231646935,14833289,1465.8648937426508,1476.5960719415564,1503.9198283241933,72.85609007207773,27.345918654478737,9.378432003407298,17.96748665107144,15877117.05,False,True,False,False,False,False,True,False,False
2025-02-20,1585.7213039048452,1597.0549368370664,1577.8905369096215,1589.2241698418427,17201066,1473.0667649614647,1478.585006357869,1504.4245877414576,68.79990538792724,31.199878859538558,13.74272137463355,17.457157484905007,16298676.95,False,False,False,True,False,False,True,False,False
2025-02-21,1595.996701871528,1603.6108299105604,1587.2341293350087,1594.848257374041,11381349,1482.646285566257,1480.177021222604,1504.9564916804727,69.482710447159,34.31245433490858,17.856667966688555,16.455786368220025,15868208.25,False,False,False,False,False,False,True,False,False
2025-02-24,1576.9533872102816,1578.8453788680504,1572.17423051938,1574.0662221771488,25984616,1490.3705403883473,1481.881428189589,1505.3606421512136,63.916324672136405,34.70223055392307,21.22578048413546,13.476450069787614,15949235.35,False,False,False,False,False,False,True,False,False
2025-02-25,1569.4913385678535,1583.9598423223608,1556.5748404439014,1571.0433441984087,15982295,1498.4491322306435,1483.3221175753665,1505.7425183259065,63.12417096012696,34.37100250437493,23.85482488818335,10.516177616191577,15964243.25,False,False,False,False,False,False,True,False,False
2025-02-26,1568.6953129605076,1571.4638046870198,1555.5683185085322,1558.3368102350444,15451138,1506.572610522019,1484.1791488106026,1506.0465315739361,59.770827012987176,32.706174371561474,25.625094784858977,7.081079586702497,15938988.5,False,False,False,False,False,False,True,False,False
2025-02-27,1523.697861878774,1527.220234994603,1511.892463580976,1515.4148366968052,12016390,1511.6038304505332,1484.5280719994785,1506.1003724079756,50.090779899798704,27.605126812927438,26.02110119047267,1.5840256224547673,16002488.5,False,False,False,False,False,False,True,False,False
2025-02-28,1528.753581573214,1539.375957754323,1521.8895711540174,1532.5119473351265,24601507,1516.4592398448647,1484.8210610470321,1506.2512956932735,53.33288355492733,24.657863314343103,25.74845361524676,-1.0905903009036564,16448084.6,False,False,False,False,False,True,True,False,False
2025-03-03,1504.3021620782986,1508.85805360957,1502.051739120283,1506.6076306515545,31759004,1520.5989813404565,1483.9785466365545,1506.2533203237183,48.221686662295504,20.001311227425504,24.59902513768251,-4.597713910257006,17443208.0,False,False,False,False,False,False,True,False,False
2025-03-04,1501.4263874894716,1510.4407672333207,1494.9094487174186,1503.9238284612677,14003333,1526.0853054433785,1483.454684938005,1506.240159352744,47.71151794458284,15.91098777973275,22.86141766609256,-6.95042988635981,17402823.1,False,False,False,False,False,False,True,False,False
2025-03-05,1510.916506691,1519.367676421559,1510.1878161859076,1518.6389859164667,15634067,1531.0042500397699,1483.4062301929007,1506.3098156817537,50.78591487926695,13.698855328197851,21.02890519851362,-7.330049870315769,17923831.7,False,False,False,False,False,False,True,False,False
2025-03-06,1555.1896582034224,1563.4621881166047,1534.6057489222492,1542.8782788354315,7430400,1536.1490423192681,1483.621250368869,1506.5141087719978,55.4342248942295,13.743209619497293,19.571766082710354,-5.8285564632130615,17588853.25,False,False,False,False,False,False,True,False,False
2025-03-07,1523.0274255415145,1533.253397409247,1513.8970424198633,1524.1230142875959,13723994,1539.0959235295518,1484.0838374473708,1506.6119360248622,51.389681269878416,12.125195899525579,18.0824520460734,-5.95725614654782,17605071.15,False,False,False,False,False,False,True,False,False
2025-03-10,1534.249101638459,1544.1200383884027,1524.893228887493,1534.7641656374367,14133770,1541.2199279922852,1484.5982182740847,1506.7674732050423,53.46425248801442,11.56820923629266,16.779603484117253,-5.211394247824593,16918288.7,False,False,False,False,False,False,True,False,False
2025-03-11,1542.1302569359548,1552.5312159319978,1539.0121723874797,1549.4131313835228,12315468,1544.070478500444,1486.2108499321457,1507.0017900082207,56.23339775109992,12.168570693717584,15.85739692603732,-3.6888262323197356,16999522.0,False,False,False,False,False,False,True,False,False
2025-03-12,1528.1253494030016,1541.2995524956898,1514.0945669223975,1527.2687700150857,17453104,1544.8616091066106,1488.3664373885915,1507.1125385328482,51.26703826416974,10.733764425059007,14.832670425841657,-4.09890600078265,17500903.2,False,False,False,False,False,False,True,False,False
2025-03-13,1524.1873824874003,1529.2066712025746,1521.7966115107479,1526.8159002259222,25222562,1545.400114948181,1490.8668336551136,1507.2196220203107,51.16751307546475,9.451179992927791,13.756372339258885,-4.3051923463310935,17748576.2,False,False,False,False,False,False,True,False,False
2025-03-14,1534.939000956481,1543.7754439411885,1531.72980624089,1540.5662492255974,25887047,1546.1583362916854,1493.43507708682,1507.399874059258,54.082256765983566,9.435494332480857,12.89219673790328,-3.4567024054224227,18050811.0,False,False,False,False,False,False,True,False,False
2025-03-17,1513.7325056945115,1522.4769805978754,1512.6882847652646,1521.4327596686285,15551632,1545.1722684109209,1495.300513784901,1507.4753196808138,49.642020085120315,7.78935974117644,11.871629338557913,-4.082269597381472,17593082.4,False,False,False,False,False,False,True,False,False
2025-03-18,1506.4682454302167,1517.79620656358,1504.384318153034,1515.7122792863972,9250276,1542.5942802309007,1496.4473623311799,1507.5193675931432,48.36354450514895,5.9545509027832395,10.688213651402979,-4.733662748619739,16990815.35,False,False,False,False,False,False,True,False,False
2025-03-19,1508.9933752046861,1509.4541600397372,1506.421235175761,1506.882020010812,8929547,1537.723630073207,1497.5201634460675,1507.515977446429,46.37799552959694,3.7447563333087146,9.299522187784127,-5.554765854475413,16695628.25,False,False,False,False,False,False,True,False,False
2025-03-20,1512.0320302440425,1517.9482361335272,1500.8926920796632,1506.808897969148,25855814,1533.6028664795722,1498.1774324304406,1507.5122362851735,46.361021888362124,1.96492741847851,7.832603233923004,-5.867675815444494,17128365.65,False,False,False,False,False,False,True,False,False
2025-03-21,1498.4774849491976,1513.091190954511,1489.2248508403356,1503.838556845649,26507283,1529.0523814531525,1498.2531567509068,1507.4929011302283,45.63045407111924,0.3111319406718849,6.328308975272781,-6.017177034600896,17884662.35,False,False,False,False,False,False,True,False,False
2025-03-24,1536.3785688048292,1550.0940677359,1534.3038559460333,1548.019354877104,21449133,1527.7500380881504,1499.3128814002673,1507.7050815163377,56.588321188071234,2.5362717148063894,5.569901523179502,-3.033629808373113,17657888.2,False,False,False,False,False,False,True,False,False
2025-03-25,1563.9092988713567,1581.185596089734,1543.147243890235,1560.4235411086122,29973253,1527.2190479336605,1501.2393158004506,1507.979656826714,59.081803069758024,5.240219194891779,5.503965057521958,-0.26374586263017896,18357436.1,False,False,False,False,False,False,True,False,False
2025-03-26,1536.64922755443,1555.8355734762395,1521.1537400790073,1540.3400860008169,10930079,1526.3192117219492,1502.3503570003554,1508.1473274441964,53.70336727707839,5.696879984708403,5.542548042959247,0.154331941749156,18131383.15,False,False,False,False,True,False,True,False,False
2025-03-27,1538.1854576422734,1548.2793277700428,1522.1417288436558,1532.2355989714251,17043312,1527.1602498356801,1502.8659667737995,1508.271493792275,51.659628833498,5.343229159744851,5.5026842663163675,-0.1594551065715164,18382729.25,False,False,False,False,False,True,True,False,False
2025-03-28,1513.2306597596057,1523.4839141864172,1510.7228274711208,1520.9760818979323,16933830,1526.5834565638202,1503.0138030125904,1508.3366455261503,48.876684915668854,4.107065708001983,5.223560554653491,-1.1164948466515083,17999345.4,False,False,False,False,False,False,True,False,False
2025-03-31,1491.4913898741213,1505.9478488371994,1490.2251243137396,1504.6815832768177,14960034,1526.4871541950836,1503.6575264430096,1508.3179972493679,45.0909638386558,1.791911367681223,4.537230717259038,-2.745319349577815,17159396.9,False,False,False,False,False,False,True,False,False
2025-04-01,1524.0949874484531,1540.4926585582339,1490.8412986234755,1507.2389697332562,16841704,1526.6529112586827,1504.5906371848273,1508.312519952332,45.800512352185244,0.16163140107551044,3.6621108540223326,-3.500479452946822,17301315.45,False,False,False,False,False,False,True,False,False
2025-04-02,1481.7543402586844,1501.9774360329152,1464.4934934444439,1484.7165892186747,16332063,1524.9567914237932,1505.6209947243315,1508.19334858499,40.80013798690825,-2.9141525614006696,2.3468581709377325,-5.261010732338402,17336215.25,False,False,False,False,False,False,False,False,False
2025-04-03,1474.4770241512972,1478.6498773765463,1464.9500659930088,1469.122919218258,24714779,1521.2690234429347,1506.0997181993857,1507.997014769077,37.728824223653,-6.534684582617501,0.5705496202266858,-7.105234202844187,18200434.2,False,False,False,False,False,False,False,False,False
2025-04-04,1473.933658818612,1476.8347007549387,1464.2664110060591,1467.1674529423858,23751489,1518.421245375674,1507.3779103526695,1507.7928669599435,37.349133696999296,-9.452806016317254,-1.4341215070821023,-8.018684509235152,18701808.95,False,False,False,False,False,False,False,False,False
2025-04-07,1447.2317159907943,1466.8046073252285,1435.5377042658085,1455.1105956002427,20753335,1514.4385668738146,1508.0884997499672,1507.597634512587,35.009686802039326,-12.593159793474115,-3.665929164360505,-8.927230629113609,19032787.2,False,False,False,False,False,False,False,True,False
2025-04-08,1491.177988349372,1494.9323911336082,1487.2409093742115,1490.9953121584476,18094886,1511.5176759125607,1509.7189758460868,1507.4715625486754,45.87600846970967,-12.047440665025306,-5.342231464493466,-6.70520920053184,19321758.1,False,False,False,False,False,False,False,False,False
2025-04-09,1472.8672736926292,1477.7126892076988,1463.1207013489673,1467.9661168640368,25723347,1508.5525432550082,1511.1609532952166,1507.1606341584102,41.123941174055766,-13.319676976307392,-6.937720566856251,-6.38195640945114,19735270.25,False,False,False,False,False,False,False,False,False
2025-04-10,1479.7632780025529,1490.016372034135,1470.010238295262,1480.2633323268442,16179833,1506.2249148600545,1512.4704111792232,1506.9572410733758,44.433878319126435,-13.183677673568582,-8.186911988198718,-4.996765685369864,19283133.8,False,False,False,False,False,False,False,False,False
2025-04-11,1447.2269688127358,1468.3010756228941,1443.2480925710015,1464.3221993811599,14449205,1502.4127123678325,1513.0487799778766,1506.5231269909552,41.20033386385051,-14.198541501294585,-9.389237890817892,-4.809303610476693,18711241.7,False,False,False,False,False,False,False,False,False
2025-04-14,1445.1326678184614,1469.4214501698057,1428.1405522016646,1452.4293345530089,26446252,1498.9625411120514,1513.6211106541423,1506.0872124526563,38.92450453292774,-15.780574554877603,-10.667505223629835,-5.113069331247768,19255972.7,False,False,False,False,False,False,False,False,False
2025-04-15,1464.262306363749,1466.0714435094224,1458.5063754522553,1460.3155125979285,19446088,1496.192702777628,1514.9434739780443,1505.7119091785798,41.24226617353241,-16.211126709458995,-11.776229520795669,-4.434897188663326,19765763.3,False,False,False,False,False,False,False,False,False
2025-04-16,1474.0745378282438,1482.9922911076676,1460.7596473995409,1469.6774006789647,24511822,1494.3324718110357,1515.9318201118506,1505.4295031685515,43.961041845379576,-15.616894428555952,-12.544362502347726,-3.0725319262082262,20544877.05,False,False,False,False,False,False,False,False,False
2025-04-17,1457.5973273804605,1464.9267602755253,1457.5691494097193,1464.8985823047842,13407532,1492.2369560278173,1516.4301430930373,1505.1378098131183,42.87058248398017,-15.35457380039179,-13.106404761956538,-2.248169038435252,19922462.95,False,False,False,False,False,False,False,False,False
2025-04-18,1490.5321478130827,1500.3659546213128,1475.9947193527303,1485.8285261609603,22420291,1491.336454493583,1516.843005814618,1504.7461556724425,48.85444524269747,-13.3044458917891,-13.14601298792305,-0.1584329038660499,19718113.35,False,False,False,False,False,False,False,False,False
2025-04-21,1472.8507280744411,1491.600445488176,1462.6541084581575,1481.4038258718924,9328781,1488.0056780433224,1516.6254008044002,1504.5022143334156,47.716577993283934,-11.899570249797762,-12.896724440297994,0.9971541905002326,19112095.75,False,False,False,False,True,False,False,False,False
2025-04-22,1473.8668791893137,1490.2111683542485,1462.136157718732,1478.4804468836667,18041171,1483.9085233320752,1516.3469673176667,1504.1290335680399,46.9387122815697,-10.89648058918101,-12.496675670074598,1.600195080893588,18515491.65,False,False,False,False,False,False,False,False,False
2025-04-23,1460.355333741103,1498.7707884307642,1425.1615973376056,1463.5770520272667,23237305,1480.0703716333978,1515.389585200377,1503.8568005387228,43.08282539987407,-11.175282517821643,-12.232397039624008,1.0571145218023652,19130852.95,False,False,False,False,False,False,False,False,False
2025-04-24,1444.898039395239,1458.1276830343058,1432.6785447977234,1445.9081884367902,13472394,1475.7540011066658,1513.9868333012228,1503.5453532335707,38.99314413400841,-12.675845426192382,-12.321086716937682,-0.35475870925469977,18952307.05,False,False,False,False,False,True,False,False,False
2025-04-25,1426.03413641412,1427.8672143242993,1419.9338612205843,1421.7669391307636,16846566,1470.7935439683074,1511.9141356367277,1503.1615658577534,34.21424318001979,-15.63284371299028,-12.983438116148204,-2.649405596842076,18947943.85,False,False,False,False,False,False,False,False,False
2025-04-28,1444.904533920089,1454.9853932489643,1433.5543916355086,1443.6352509643839,17757892,1467.7412273526857,1509.9637583103372,1502.82595532941,41.23954699274733,-16.026947481298066,-13.592139989178177,-2.434807492119889,19087836.75,False,False,False,False,False,False,False,False,False
2025-04-29,1427.3454157048739,1442.7592172303691,1420.7873806480306,1436.201182173526,19985203,1464.1893379746994,1507.3423410960716,1502.4093570200923,39.68791914681724,-16.746106092419268,-14.222933209826396,-2.5231728825928723,19245011.7,False,False,False,False,False,False,False,False,False
2025-04-30,1434.6780445966117,1444.5408917647244,1417.625677588545,1427.4885247566576,10538477,1461.3279347515986,1503.806211127911,1501.9990570762402,37.88866810230376,-17.813737435327994,-14.941094054926715,-2.8726433804012785,18955332.4,False,False,False,False,False,False,False,False,False
2025-05-01,1409.9619069996788,1422.8926819847052,1408.104162979202,1421.0349379642284,15080147,1458.9235356888971,1500.4424264903585,1501.5445227627768,36.566307969183754,-18.962011223779882,-15.745277488697349,-3.216733735082533,18473600.8,False,False,False,False,False,False,False,False,True
2025-05-02,1413.143496373693,1417.3035668130867,1405.9754884660756,1410.1355589054692,11671958,1456.0719409870512,1496.7481725209873,1501.0124806785116,34.383687873740215,-20.515030769575787,-16.699228144873036,-3.8158026247027514,17869624.25,False,False,False,False,False,False,False,False,False
2025-05-05,1414.1189628483748,1427.4181798504505,1402.9877670737797,1416.2869840758553,25436321,1454.1307604108317,1493.5925877589614,1500.395829411562,36.680845598270146,-21.00728247112761,-17.560839010123953,-3.446443461003657,18103773.55,False,False,False,False,False,False,False,False,False
2025-05-06,1421.309609443752,1426.2021542819416,1410.9778250242525,1415.8703698624422,30628534,1450.3745132960314,1490.4891282722417,1499.8877388401809,36.5874225928425,-21.186784710494976,-18.28602815019816,-2.9007565602968164,18730455.95,False,False,False,False,False,False,False,False,False
2025-05-07,1417.8713616302525,1427.091267330196,1407.1983535120971,1416.4182592120405,17480222,1447.7971204134315,1487.6507572517817,1499.4192975558135,36.8153358753351,-21.042269255210385,-18.837276371200605,-2.20499288400978,18318299.7,False,False,False,False,False,False,False,False,False
2025-05-08,1432.0344115957523,1434.5122409837898,1430.7812116000223,1433.2590409880597,16554197,1445.4469058464924,1486.007641337607,1499.0376608290708,43.53334190484627,-19.345822768166045,-18.938985650593693,-0.4068371175723513,18337017.9,False,False,False,False,False,False,False,False,False
2025-05-09,1442.945823400015,1447.9289887428768,1433.638380859607,1438.6215462024688,14130250,1444.1618731875578,1484.1298333149537,1498.5422049416268,45.519703602749956,-17.368454617131192,-18.624879443901193,1.256424826770001,18321070.15,False,False,False,False,True,False,False,False,False
2025-05-12,1449.150586143069,1459.7363711484547,1442.5523868068137,1453.1381718121995,18721734,1444.1973150505173,1483.0604441381668,1498.1193017326148,50.58714597048626,-14.463282032870211,-17.792559961694998,3.329277928824787,17934844.25,False,False,False,False,False,False,False,False,False
2025-05-13,1434.6855034511666,1437.5402290628442,1426.029301856254,1428.8840274679317,21861675,1442.6257407940175,1481.5596481183,1497.5642248014776,43.33461969453179,-13.957129476848195,-17.025473864725637,3.068344387877442,18055623.6,False,False,False,False,False,False,False,False,False
2025-05-14,1418.1512169414475,1423.6021822219036,1411.9451898863408,1417.396155166797,25223433,1440.0116785184093,1479.5347915033065,1497.084316488368,40.38157061961226,-14.317927065504136,-16.48396450488134,2.1660374393772024,18091204.15,False,False,False,False,False,False,False,False,False
2025-05-15,1441.458015575731,1446.1606247669984,1432.2246524744685,1436.9272616657358,15646741,1438.6131124864569,1477.4157711599128,1496.73850711825,46.99496920454766,-12.879398993276936,-15.763051402560459,2.8836524092835223,18203164.6,False,False,False,False,False,False,False,False,False
2025-05-16,1462.9240597608705,1473.6752703159984,1448.4989188521847,1459.2501294073127,17253872,1437.2841926487745,1476.118313462307,1496.4557187577002,53.36270895112704,-9.824831720912925,-14.575407466230953,4.750575745318027,17944843.65,False,False,False,False,False,False,False,False,False
2025-05-19,1463.8062222458716,1483.099880168882,1438.861972780551,1458.1556307035614,17738533,1436.1217828903577,1474.5861427636294,1496.3558885007837,53.02634468399383,-7.406998777668605,-13.141725728518484,5.734726950849879,18365331.25,False,False,False,False,False,False,False,False,False
2025-05-20,1479.7386350674285,1479.9829127683035,1474.633605808695,1474.87788350957,5695751,1435.9416547216529,1473.0954378061504,1496.3013276340064,57.44036286857472,-4.0943060908562074,-11.33224180098603,7.237935710129822,17748060.25,False,False,False,False,False,False,True,False,False
2025-05-21,1453.1671508603702,1454.7089485929557,1449.8276778172763,1451.3694755498618,11650284,1435.3312758977827,1471.5774519168458,1496.0976603074525,50.286446974895455,-3.3275474288477653,-9.731302926558376,6.403755497710611,17168709.2,False,False,False,False,False,False,False,False,False
2025-05-22,1453.9478833548822,1478.8162796414701,1445.0145587165478,1469.8829550031357,25862045,1436.5300142261,1470.43879301239,1496.0162132629305,55.03588493190598,-1.2120310571683603,-8.027448552680372,6.815417495512012,17788191.75,False,False,False,False,False,False,False,False,False
2025-05-23,1471.6671845486665,1472.7636513506577,1450.648601195926,1451.7450679979172,21598566,1438.0289206694576,1468.6623693878366,1495.8102293699435,49.996364945028255,-0.9876598597486463,-6.619490814094028,5.631830954345381,18025791.75,False,False,False,False,False,False,False,False,False
2025-05-26,1452.3756297499567,1461.2310938142407,1446.8965704806099,1455.7520345448938,964538,1438.634759848483,1467.3487548853618,1495.5735419744137,51.0624675232092,-0.48097102201404596,-5.391786855678031,4.910815833663985,17186124.05,False,False,False,False,False,False,False,False,False
2025-05-27,1442.7643431751476,1456.1607866599027,1429.114632434139,1442.511075918894,19323532,1438.9502545357516,1465.8847308180118,1495.11121242277,47.46143782675177,-1.1347702444156766,-4.54038353342556,3.4056132890098834,17153040.5,False,False,False,False,False,False,False,False,False
2025-05-28,1447.5285379728423,1448.6108162925661,1435.2801554914984,1436.3624338112222,13790415,1439.3939499884798,1464.4743390940203,1494.8163422731423,45.84463199901794,-2.1245642164885794,-4.057219670038164,1.932655453549585,17315637.4,False,False,False,False,False,False,False,False,False
2025-05-29,1435.4939362440102,1439.1584285097395,1429.110741112194,1432.7752333779233,25879818,1439.9809647591646,1462.9936658021957,1494.4197085200822,44.88397273161434,-3.1619907053391216,-3.878173877098356,0.7161831717592344,17855620.95,False,False,False,False,False,False,False,False,False
2025-05-30,1447.7484542394795,1456.2668030117786,1439.3572227620582,1447.8755715343573,16314137,1441.8679653906088,1461.8744060959696,1494.168525380186,49.665456973950846,-2.7341697743772784,-3.6493730565541407,0.9152032821768623,18087729.9,False,False,False,False,False,False,False,False,False
2025-06-02,1435.8244004009641,1447.36017251622,1425.5178409912119,1437.0536131064678,13659066,1442.9062968421397,1459.6550912605571,1493.898169964336,46.54874499199001,-3.231113936396696,-3.565721232522652,0.3346072961259563,17498867.15,False,False,False,False,False,False,False,False,False
2025-06-03,1453.0652786306298,1453.3373415041253,1438.7496935461866,1439.021756419682,20757728,1444.0638661700018,1457.2270555667785,1493.7263974176499,47.197723659792075,-3.426632956452977,-3.5379035773087173,0.11127062085574035,17005326.85,False,False,False,False,False,False,False,False,False
2025-06-04,1468.6107921697542,1483.6781266241949,1444.8007773689687,1459.8681118234094,13002539,1446.23635880057,1455.6176160832301,1493.592306979584,53.62094012222347,-1.877810299431303,-3.205884921733235,1.3280746223019317,16781442.7,False,False,False,False,False,False,True,False,False
2025-06-05,1474.1623082842254,1477.5546092021666,1466.1675104273124,1469.5598113452536,25358169,1448.0513973184297,1454.3641003307066,1493.4280360646578,56.2835023125111,0.13018132019965378,-2.5386716733466574,2.6688529935463112,17221641.3,False,False,False,False,False,False,True,False,False
2025-06-06,1467.9434257258515,1479.2719441363286,1460.2498607284708,1471.5783791389479,21922420,1449.6992389652537,1453.3761462755272,1493.2747371185253,56.83927175620497,1.8629359308579296,-1.65835015250574,3.5212860833636697,17611249.8,False,False,False,False,False,False,True,False,False
2025-06-09,1458.5009860462214,1465.6177172497787,1445.413805666231,1452.5305368697882,17964875,1449.6688572181333,1452.3331253473866,1493.0273663197565,50.33622235635255,1.679791174935417,-0.9907218870175086,2.6705130619529256,17573406.85,False,False,False,False,False,False,True,False,False
2025-06-10,1436.235333001096,1443.2786745902085,1429.7113383965195,1436.754679985632,10797702,1450.062389844018,1450.923439552434,1492.6140309146392,45.67520316655877,0.2586858605911857,-0.7408403374957698,0.9995261980869555,17020208.2,False,False,False,False,False,False,False,False,False
2025-06-11,1437.3855308881466,1439.9879108396096,1431.3629822521555,1433.9653622036185,10472321,1450.890850195859,1449.908415012133,1492.1188362078037,44.883832540801656,-1.0801734065980781,-0.8087069513162316,-0.27146645528184654,16282652.6,False,False,False,False,False,True,False,False,False
2025-06-12,1426.109541558921,1429.1755662983444,1417.7400337956185,1420.806058535042,11604555,1450.0847900393244,1448.9420777984685,1491.6551908527736,41.25247474256802,-3.16657257346651,-1.2802800757462873,-1.886292497720223,16080543.3,False,False,False,False,False,False,False,False,False
2025-06-13,1444.6263773196524,1449.9405897689119,1429.5956820429699,1434.9098944922293,23533255,1448.8677782935704,1448.2969266294656,1491.2588482397675,46.26995144063817,-3.640037171169297,-1.7522314948308892,-1.8878056763384077,16394512.45,False,False,False,False,False,False,False,False,False
2025-06-16,1466.4419336492476,1474.651239468038,1453.5803506162922,1461.7896564350826,18778017,1449.0494795801465,1448.4305078461623,1490.9895031049757,54.28376285185665,-1.8252487987583663,-1.7668349556163847,-0.058413843141981614,16446486.65,False,False,False,False,False,False,True,False,False
2025-06-17,1454.237559068671,1463.064217826835,1445.3359467076878,1454.1626054658516,14521661,1448.0137156779606,1447.6938537123103,1490.6318021754037,51.91755948499238,-0.9910312190729655,-1.611674208307701,0.6206429892347354,16887782.15,False,False,False,False,True,False,True,False,False
2025-06-18,1425.3266518438813,1450.8253829343778,1410.255800171764,1435.7545312622603,15265947,1447.2329684635804,1447.049622000275,1490.0714967141748,46.63405921109009,-1.7945985079927596,-1.6482590682447127,-0.14633943974804686,17068565.3,False,False,False,False,False,True,False,False,False
2025-06-19,1443.107536681707,1446.7065272248178,1431.8363421866122,1435.435332729723,15373403,1445.5105873499099,1446.1530620083324,1489.504782745262,46.5456040151839,-2.429185885006518,-1.804444431597074,-0.6247414534094442,16544133.2,False,False,False,False,False,False,False,False,False
2025-06-20,1443.255505837828,1446.471360007704,1430.464503495171,1433.680357665047,19562553,1444.6073518332664,1445.54022517401,1488.9744702709154,46.02866035730657,-3.038684708225219,-2.051292486922703,-0.9873922213025157,16442332.55,False,False,False,False,False,False,False,False,False
2025-06-23,1429.7244276277163,1437.3295796774453,1423.0198690805987,1430.6250211303277,20591671,1443.351001162538,1445.1041389055565,1488.3847236015872,45.089769007297136,-3.725313940488377,-2.386096777635838,-1.3392171628525387,17423689.2,False,False,False,False,False,False,False,False,False
2025-06-24,1405.9458488711596,1414.8519201604997,1405.7826815709896,1414.6887528603297,17028073,1441.95988500961,1444.1916037108044,1487.7283950502433,40.45458465645745,-5.492086859777146,-3.0072947940640997,-2.4847920657130462,17308916.25,False,False,False,False,False,False,False,False,False
2025-06-25,1412.373884878202,1416.5467144631384,1410.822807668574,1414.9956372535103,14254184,1440.8915451817243,1443.0979684422957,1487.0004937197177,40.58125802155019,-6.789241966205282,-3.763684228492336,-3.0255577377129454,17332104.7,False,False,False,False,False,False,False,False,False
2025-06-26,1423.2236158745666,1431.9964666562469,1419.7947156089886,1428.5675663906688,23829209,1440.6811618323613,1442.3713481240131,1486.419174371498,46.047627583003305,-6.645500286896095,-4.340047440173088,-2.305452846723006,17229574.25,False,False,False,False,False,False,False,False,False
2025-06-27,1459.7291297433221,1463.247415224803,1446.893510355215,1450.411795836696,26550385,1440.8079730474785,1441.6630135175278,1485.9488608982012,53.46772566815208,-4.714590351151401,-4.414956022368751,-0.2996343287826493,17741386.65,False,False,False,False,False,False,True,False,False
2025-06-30,1467.9953048713041,1474.3215578111974,1461.6687435446916,1467.9949964845848,16364677,1442.3550422163842,1441.3948369297818,1485.487977939685,58.42432989940879,-1.745393166321719,-3.8810434511593455,2.1356502848376264,17876667.2,False,False,False,False,True,False,True,False,False
2025-07-01,1471.0928802586307,1488.024733406342,1464.2413908609371,1481.1732440086485,24616026,1444.4626165958325,1441.4486928722815,1485.2411342382447,61.7158281764475,1.6520476575167322,-2.77442522942413,4.4264728869408625,18069582.1,False,False,False,False,False,False,True,False,False
2025-07-02,1490.5052885949253,1497.2560181301724,1490.1703558774448,1496.9210854126918,10531265,1446.3152652752967,1442.1155735399898,1485.1101214967684,65.25568860135095,5.5512715755755835,-1.1092858684241873,6.660557443999771,17946018.4,False,False,False,False,False,False,True,False,False
2025-07-03,1507.9557476776522,1523.1856185990594,1489.0731845344299,1504.303055455837,23610973,1448.0524274808258,1443.2834708803705,1484.8947006800581,66.8051253225909,9.131831838743437,0.9389376730093377,8.1928941657341,17858658.6,False,False,False,False,False,False,True,False,False
2025-07-04,1520.082986439719,1526.954233220497,1514.0633976317479,1520.9346444125258,18764205,1450.5202407445047,1445.266824986006,1484.819119681808,70.04619442143984,13.159784077500035,3.3831069539074776,9.776677123592558,17700747.85,False,True,False,False,False,False,True,False,False
2025-07-07,1527.8020605156128,1529.649877280524,1519.1634480017992,1521.0112647667104,18318847,1453.944277139351,1446.8143452620525,1484.7193541909917,70.06069729409748,16.171730229252717,5.940831608976525,10.230898620276191,17718446.45,False,True,False,False,False,False,True,False,False
2025-07-08,1531.7005491272841,1542.7324003008493,1521.8408410214658,1532.872692195031,19752199,1458.7501777498208,1448.7477754624824,1484.6351698908827,72.29688433612823,19.293434613321097,8.611352209845439,10.682082403475658,18166171.3,False,True,False,False,False,False,True,False,False
2025-07-09,1532.168644991033,1539.802832037179,1520.4346495699087,1528.0688366160548,16069651,1463.4553514704426,1450.7593816996707,1484.5728930691987,70.01600941805339,21.136132650227864,11.116308297921925,10.019824352305939,18446037.8,False,True,False,False,False,False,True,False,False
2025-07-10,1533.9024305556995,1535.7017261737271,1526.8654044378009,1528.6647000558285,27198398,1468.848283546482,1452.9119769415026,1484.592647064814,70.14184005882889,22.386507595703506,13.370348157478244,9.016159438225262,19225729.95,False,True,False,False,False,False,True,False,False
2025-07-11,1530.1236493053245,1538.492480947946,1530.0912967865802,1538.4601284292016,17550674,1474.0257952433305,1455.4784683319772,1484.6067344438925,72.20673482619424,23.89243088367357,15.474764702717309,8.41766618095626,18926600.9,False,True,False,False,False,False,True,False,False
2025-07-14,1561.6884869876167,1565.3785910966626,1547.9296524853294,1551.6197565943753,18168409,1478.5173002512952,1458.1851237823475,1484.6941284220493,74.73466361978227,25.849777804704672,17.549767323114782,8.30001048158989,18896120.5,False,True,False,False,False,False,True,False,False
2025-07-15,1578.141594815087,1580.6916437864923,1567.2198826452052,1569.7699316166104,10637236,1484.2976665588333,1461.263115017431,1484.9768998077388,77.74170278966885,28.536604564497793,19.747134771391384,8.78946979310641,18701899.25,False,True,False,False,False,False,True,False,False
2025-07-16,1543.8760389225479,1546.119079416023,1531.7335860512533,1533.9766265447283,19496752,1489.2087713229566,1463.6142823640848,1485.1723480546848,62.05601541775336,27.461158406869345,21.289939498486977,6.171218908382368,18913439.5,False,False,False,True,False,False,True,False,False
2025-07-17,1508.2350733368532,1521.9081122772752,1504.3482362879752,1518.0212752283971,20897699,1493.3380684478902,1465.3095270488914,1485.4579803311144,56.57612404132865,25.03283315378485,22.038518229546554,2.994314924238296,19189654.3,False,False,False,False,False,False,True,False,False
2025-07-18,1511.8038285428859,1529.1155222085483,1490.7534361300975,1508.06512979576,18595625,1497.057307054426,1466.6983987207575,1485.73269088308,53.406885975511194,22.050802244020815,22.040975032441406,0.009827211579409578,19141307.9,False,False,False,False,False,False,True,False,False
2025-07-21,1491.3293195437375,1502.9982653912934,1478.2474959891676,1489.9164418367236,13005906,1500.0218780897455,1467.4339641212478,1485.8752833862295,48.115764326342294,18.01540346335355,21.235860718623833,-3.220457255270283,18762019.65,False,False,False,False,False,True,True,False,False
2025-07-22,1492.983873198473,1499.7032394111914,1481.3153605494206,1488.034726762139,14304216,1503.689176784836,1468.6169781071321,1485.9323036626818,47.589318976008144,14.498354173822918,19.888359409663654,-5.390005235840736,18625826.8,False,False,False,False,False,False,True,False,False
2025-07-23,1536.4276589767653,1543.3892253901217,1529.8827517623042,1536.8443181756606,7280467,1509.7816108309437,1471.005941367309,1486.3471522524708,59.858065516527816,15.471250436678702,19.004937615066662,-3.533687178387961,18277140.95,False,False,False,False,False,False,True,False,False
2025-07-24,1543.6998529505158,1552.2182659958523,1537.7346875476915,1546.253100593028,18880008,1515.6658875410617,1473.192458145855,1486.9196166985678,61.71836884289439,16.80773869372979,18.565497830799288,-1.757759137069499,18029680.9,False,False,False,False,False,False,True,False,False
2025-07-25,1534.4766850981905,1553.9126256747256,1529.4886182196772,1548.9245587962123,26115079,1520.5915256890373,1474.9859467336332,1487.5003605247784,62.25325895333564,17.876411473226426,18.427680559284717,-0.5512690860582907,18007915.6,False,False,False,False,False,False,True,False,False
2025-07-28,1574.545498740937,1576.30911975743,1570.1317233635382,1571.895344380031,14049214,1525.7865430838096,1477.2607410071623,1488.1051672089955,66.57763505398998,20.34239826757289,18.810624100942352,1.5317741666305373,17892142.45,False,False,False,False,True,False,True,False,False
2025-07-29,1567.8594606681668,1583.2250189094807,1551.1107371722123,1566.4762954135263,27176836,1530.0516956540537,1479.0927092452416,1488.7308223647133,64.69466094468832,21.610328194389922,19.370564919631867,2.2397632747580545,18020182.95,False,False,False,False,False,False,True,False,False
2025-07-30,1600.8087205094885,1611.673739991241,1591.2735366810025,1602.138556162755,25429753,1535.3125691915568,1482.1080908574995,1489.57146311384,70.58969130813915,25.202301750160814,20.536912285737657,4.665389464423157,18765107.35,False,True,False,False,False,False,True,False,False
2025-07-31,1598.5996085387706,1600.9020520620998,1590.1913936154656,1592.4938371387948,19333656,1539.7221082757046,1484.5603085002128,1490.358852606118,67.31606017697106,26.959941032683446,21.821518035126815,5.138422997556631,18551241.5,False,False,False,True,False,False,True,False,False
2025-08-01,1590.6588874572697,1592.8112131979906,1578.1960685983986,1580.3483943391195,22430189,1542.6927957720343,1487.1323750270367,1491.031870089983,63.33291277829148,27.060905819498203,22.86939559200109,4.191510227497112,18734540.7,False,False,False,False,False,False,True,False,False
2025-08-04,1553.298816802833,1559.8010976559747,1546.0163613526545,1552.5186422057961,27316386,1544.2681646439885,1489.0677071802547,1491.4699457124955,55.26374624773974,24.611585686629496,23.217833610926775,1.3937520757027215,19184417.65,False,False,False,False,False,False,True,False,False
2025-08-05,1504.1713547136078,1515.5254090466508,1492.2659899101086,1503.6200442431516,8490514,1542.8055322463947,1490.28988654674,1491.6052363301517,44.528559292433,18.511385908169586,22.276544070375337,-3.7651581622057506,18621333.4,False,False,False,False,False,True,True,False,False
2025-08-06,1506.370802589943,1514.7762466993518,1499.3023723856015,1507.7078164950103,22374343,1541.7874812403425,1491.7167942004155,1491.5719597144425,45.4819794657851,13.847161236781858,20.59066750365664,-6.743506266874782,18936568.0,False,False,False,False,False,False,True,True,False
2025-08-07,1548.0804467180737,1569.4783625182508,1536.2693283594047,1557.6672441595817,28125326,1543.2376084455302,1494.2146344160487,1491.7970535161955,55.53975973039341,14.020419199827984,19.276617842890907,-5.256198643062923,18982914.4,False,False,False,False,False,False,True,False,False
2025-08-08,1515.590167516966,1533.3350682098144,1499.4684810322626,1517.213381725111,16884377,1542.1752711103259,1495.6013906198639,1491.612951615869,47.84300364172987,10.769297019979604,17.57515367830865,-6.805856658329045,18949599.55,False,False,False,False,False,False,True,False,False
2025-08-11,1544.7932596550345,1553.3673538203313,1521.6872147694023,1530.2613089346992,21007095,1541.1073487273418,1497.4655445364283,1491.367324342978,50.23833103111756,9.140254781604199,15.88817389896776,-6.747919117363562,19091533.85,False,False,False,False,False,False,True,False,False
2025-08-12,1479.9920080798413,1484.6975332423062,1479.1791741976467,1483.8846993601117,16769633,1536.813087114517,1498.362803395237,1491.0005371377865,42.72729477787912,4.060218591381499,13.522582837450509,-9.46236424606901,19398153.7,False,False,False,False,False,False,False,False,False
2025-08-13,1470.451025576155,1481.7273135589621,1451.267910156511,1462.5441981393183,21371594,1533.2414656942462,1498.416325121555,1490.5069530617516,39.7800242487323,-1.6685132059376429,10.48436362877288,-12.152876834710522,19491895.8,False,False,False,False,False,False,False,False,False
2025-08-14,1446.4006620230155,1460.5445033331578,1435.8076735768839,1449.9515148870262,22375771,1529.8379776771778,1498.0241591923907,1489.9153330846195,38.10952425150752,-7.142365976601923,6.959017707697919,-14.101383684299842,19565799.4,False,False,False,False,False,False,False,False,False
2025-08-15,1418.8252494431956,1435.7927358367458,1413.111417937014,1430.0789043305642,24137660,1525.938666403918,1497.194169696223,1489.313864859896,35.5709044171204,-12.934882055254775,2.980237755107381,-15.915119810362157,19842901.15,False,False,False,False,False,False,False,False,False
2025-08-18,1448.2876976016416,1456.0069376392507,1430.1000548629859,1437.819294900595,12970858,1523.3338090571117,1496.899944856839,1488.7142827285072,37.32224342876598,-16.708305010946106,-0.9574707981033166,-15.75083421284279,19841148.75,False,False,False,False,False,False,False,False,False
2025-08-19,1428.0091954294203,1430.9384934838038,1424.618830674878,1427.5481287292614,25917625,1520.3094791554677,1496.7158138317118,1488.1132840638334,35.92668848746298,-20.293634770401013,-4.824703592562856,-15.468931177838158,20421819.2,False,False,False,False,False,False,False,False,False
2025-08-20,1440.3053674328135,1448.8457966843407,1426.9141568725809,1435.4545861241081,11326528,1515.2399925528903,1496.7455983101215,1487.4872736236448,37.8530847940902,-22.240672769582716,-8.307897427966829,-13.932775341615887,20624122.25,False,False,False,False,False,False,False,False,False
2025-08-21,1433.4070460467767,1440.6359519634605,1424.7030322392575,1431.9319381559412,8851165,1509.5239344310357,1496.9681159025395,1486.8350402601927,37.3147884339182,-23.79368388583748,-11.40505471954096,-12.388629166296521,20122680.1,False,False,False,False,False,False,False,False,False
2025-08-22,1458.771732646212,1466.1773660247227,1445.8286285550003,1453.2342619335109,19580771,1504.7394195879008,1497.3346032513653,1486.3060322226106,42.62806120458992,-23.0399467224604,-13.73203312012485,-9.30791360233555,19795964.7,False,False,False,False,False,False,False,False,False
2025-08-25,1429.3222342605343,1434.8614586953863,1425.7564882421923,1431.2957126770443,27269917,1497.7094380027515,1496.7247243762042,1485.7971061657643,38.96505297359978,-23.936932113806733,-15.773012918861227,-8.163919194945507,20456999.85,False,False,False,False,False,False,False,False,False
2025-08-26,1433.722478424517,1434.6225008341573,1429.933447240458,1430.8334696500983,22932510,1490.9272967145798,1496.2581416598894,1485.4125119725982,38.889226864810105,-24.403786982523343,-17.49916773159365,-6.9046192509296915,20244783.55,False,False,False,False,False,False,False,False,False
2025-08-27,1432.0697759733837,1450.666777076748,1424.0149080410508,1442.6119091444152,10215386,1482.950964363663,1496.3952892175325,1485.0801819957267,41.98714412566504,-23.55186001707034,-18.70970618868899,-4.842153828381349,19484065.2,False,False,False,False,False,False,False,False,False
2025-08-28,1425.8376490629387,1434.5436267296482,1413.813510767238,1422.5194884339476,15235399,1474.4522469284207,1496.1369723316168,1484.5654820095215,38.41008215920804,-24.218812792925746,-19.81152750953634,-4.407285283389406,19279152.35,False,False,False,False,False,False,False,False,False
2025-08-29,1417.1177154213594,1421.7998000935058,1412.1420697712315,1416.824154443378,22132438,1466.2760349336336,1495.7998482671837,1483.9641911113683,37.43649043533461,-24.919684912368666,-20.833158990102806,-4.08652592226586,19264264.8,False,False,False,False,False,False,False,False,False
2025-09-01,1430.773058887203,1440.045406921506,1413.6730926835173,1422.9454407178202,16852216,1459.7973748592347,1495.6462566589335,1483.4058155191988,39.21970107047479,-24.69650849502682,-21.60582889108761,-3.0906796039392077,18741056.3,False,False,False,False,False,False,False,False,False
2025-09-02,1401.5797853480713,1405.294321561411,1395.4063883661995,1399.1209245795392,24656904,1454.572418876054,1495.3349000933179,1482.63466614144,35.03426566764948,-26.140744686259495,-22.512812050121987,-3.6279326361375084,19549375.8,False,False,False,False,False,False,False,False,False
2025-09-03,1386.8038808392057,1396.1784032447158,1379.8920995470712,1389.2666219525813,10718725,1448.6503591489327,1494.820319787299,1481.95923587771,33.44444951220389,-27.76046675862085,-23.56234299182176,-4.198123766799089,18966594.9,False,False,False,False,False,False,False,False,False
2025-09-04,1387.332265501831,1406.7650177279227,1362.8967006205737,1382.3294528466654,16034892,1439.8834695832868,1493.8955575164189,1481.252862300364,32.3321307007982,-29.266513590046998,-24.703177111466808,-4.56333647858019,18362073.2,False,False,False,False,False,False,False,False,False
2025-09-05,1379.4235972615134,1388.9372975635356,1376.7276950208613,1386.2413953228836,19627188,1433.3348702631754,1492.6121495061425,1480.4756901292758,33.671802113181954,-29.800879501579402,-25.722717589489328,-4.078161912090074,18499213.75,False,False,False,False,False,False,False,False,False
2025-09-08,1400.1582709276202,1401.4047554625106,1398.8159419742533,1400.0624265091437,19968091,1426.8249261418978,1491.2534981066337,1479.8254024578582,38.31809155512109,-28.777398688046105,-26.333653809200683,-2.443744878845422,18447263.55,False,False,False,False,False,False,False,False,False
2025-09-09,1389.0664959730327,1398.5157918882528,1380.1587448131404,1389.6080407283605,12805143,1422.11109321031,1489.422194041028,1479.1968787519768,36.24959870229836,-28.481546788867036,-26.763232405133955,-1.7183143837330803,18249039.05,False,False,False,False,False,False,False,False,False
2025-09-10,1406.2419605096711,1406.5842495488664,1399.0250760436552,1399.3673650828505,11928072,1418.9522515574868,1487.4711196344315,1478.6791673416512,39.53121148674071,-27.14665635765482,-26.83991719563813,-0.30673916201669016,17776862.95,False,False,False,False,False,False,False,False,False
2025-09-11,1406.774054142935,1417.3570809968542,1393.932473097659,1404.5154999515782,16544192,1416.6804508107143,1485.4753685243463,1478.2836160855632,41.249249150528904,-25.3807610005656,-26.548085956623627,1.167324956058028,17485284.0,False,False,False,False,True,False,False,False,False
2025-09-12,1388.8393670460546,1402.5860540056572,1386.2557232088232,1400.0024101684257,19468783,1415.1766261026073,1483.0567238394642,1477.7659410496638,40.17171624818743,-24.06800386873192,-26.052069539045288,1.9840656703133668,17251840.15,False,False,False,False,False,False,False,False,False
2025-09-15,1401.6100164845689,1417.6389229288613,1396.8579281550178,1412.8868345993103,15327840,1413.9300030875431,1480.8942352361162,1477.3489815979765,44.61953255062187,-21.73739386647003,-25.18913440453024,3.4517405380602106,17369689.25,False,False,False,False,False,False,False,False,False
2025-09-16,1436.36400761214,1440.299887223144,1431.8482257737555,1435.7841053847594,19575995,1414.3418019203182,1478.9524634999107,1477.196936096257,51.51760489781317,-17.837134869089823,-23.71873449744216,5.881599628352337,17052607.75,False,False,False,False,False,False,False,False,False
2025-09-17,1425.889253225941,1432.5158110293435,1421.104708918347,1427.7312667217493,23665022,1413.9556359502,1476.9457121020243,1477.0268442177905,49.196701447264395,-15.220495891335759,-22.01908677622088,6.798590884885122,17669532.45,False,False,False,False,False,False,False,False,True
2025-09-18,1432.1050759034927,1452.3971478519156,1406.3523606437611,1426.644432592184,34744064,1413.6912606720123,1474.9053067527516,1476.7111791356201,48.87666317868319,-13.083668692418541,-20.232003159460415,7.148334467041874,18964177.4,False,False,False,False,False,False,False,False,False
2025-09-19,1424.0225743768005,1432.9361683251436,1422.8457974155458,1431.7593913638889,9659216,1412.6175171435311,1472.7712920114454,1476.2937385217538,50.508439502988736,-10.85238379190696,-18.356079285949722,7.503695494042763,18468099.65,False,False,False,False,False,False,False,False,False
2025-09-22,1436.5843735640824,1451.2291212775724,1431.4793617356536,1446.1241094491436,12983254,1413.3589369821361,1470.6613790685408,1476.0801296998595,54.86546462693765,-7.834648779954023,-16.251793184750582,8.41714440479656,17753766.5,False,False,False,False,False,False,False,False,False
2025-09-23,1438.721261808169,1466.7205719458414,1426.6605980774198,1454.6599082150922,17042895,1414.5502589103858,1468.3591786005104,1475.8583848663873,57.27258222446401,-4.700124310286128,-13.941459409857691,9.241335099571563,17459285.75,False,False,False,False,False,False,False,False,False
2025-09-24,1446.4631781118662,1447.2428832911228,1437.94639550728,1438.7261006865365,20139152,1414.355968487492,1466.4541680833468,1475.4745891274538,51.72678598805693,-3.461810590627465,-11.845529646011647,8.383719055384182,17955474.05,False,False,False,False,False,False,False,False,False
2025-09-25,1424.973338326433,1425.322526010441,1421.3967741572883,1421.7459618412963,18987603,1414.3172921578594,1464.5286618156047,1475.0934755503954,46.55339978145095,-3.806711936490956,-10.237766104107509,6.431054167616553,18143084.25,False,False,False,False,False,False,False,False,False
2025-09-26,1432.8244137299287,1442.205627054353,1426.060119361576,1435.4413326860004,9729817,1415.2481510699904,1463.0761858734093,1474.681369739038,50.82527527600601,-2.941044240521478,-8.778421731390303,5.837377490868825,17522953.2,False,False,False,False,False,False,False,False,False
2025-09-29,1477.2862505256164,1481.0537804537155,1471.7829798470964,1475.5505097751955,24486332,1417.8784045228592,1462.788867232179,1474.3154555320368,60.72584142427079,0.9702940838405993,-6.828678568344123,7.798972652184722,17904659.0,False,False,False,False,False,False,True,False,False
2025-09-30,1450.9516232992921,1451.9760973544646,1449.2163067688439,1450.2407808240164,14360523,1420.434397335083,1462.0329883134164,1473.9160748692134,53.41733348604376,2.004665742618954,-5.062009706151508,7.066675448770462,17389839.95,False,False,False,False,False,False,False,False,False
2025-10-01,1450.6985122419733,1452.5686868692112,1438.2207724252685,1440.0909470525064,22157833,1422.9756135900793,1460.0979208909534,1473.5112209886177,50.77804261018203,1.9825523454433096,-3.6530972958325445,5.6356496412758545,17961795.35,False,False,False,False,False,False,False,False,False
2025-10-02,1456.4154021543268,1472.1696965817537,1435.7954229087666,1451.5497173361935,15481803,1426.4366268145557,1458.2038532258166,1473.1083332251135,53.56732522800208,2.856723782304016,-2.3511330802052326,5.2078568625092485,17934140.9,False,False,False,False,False,False,False,False,False
2025-10-03,1433.4767509970347,1449.0862202194662,1426.909688782521,1442.5191580049525,16356775,1429.2505149486592,1456.0757452099915,1472.8159607133257,51.10925378703603,2.788674177554185,-1.3231716286533493,4.111845806207534,17770620.25,False,False,False,False,False,False,False,False,False
2025-10-06,1414.1085085347468,1433.9388219840448,1407.3453768988823,1427.1756903481803,28410407,1430.606178140611,1453.1813521293545,1472.4066135435578,47.15036624270861,1.479598871554117,-0.7626175286118559,2.2422164001659732,18192736.05,False,False,False,False,False,False,False,False,False
2025-10-07,1464.57775581408,1470.977326435786,1454.0685482425936,1460.4681188642994,9564256,1434.149182047408,1451.0611885983699,1472.3650463954766,55.25012507620298,3.092914808349178,0.008488938780350952,3.084425869568827,18030691.7,False,False,False,False,False,False,True,False,False
2025-10-08,1525.4910584405413,1530.4726200847801,1523.1882101504816,1528.1697717947204,7779584,1440.5893023830015,1449.5818129110091,1472.9084482684866,66.49545710391448,9.7223635417879,1.9512638593818608,7.771099682406039,17823267.3,False,False,False,False,False,False,True,False,False
2025-10-09,1519.817282441229,1537.672884821117,1511.5338929657464,1529.3894953456343,12439257,1446.8330021527042,1448.3197260751463,1473.5464153107157,66.65801897069493,14.902879800916253,4.54158704768874,10.361292753227513,17618020.55,False,False,False,False,False,False,True,False,False
2025-10-10,1555.6336787091575,1565.8981102326243,1550.6274986280714,1560.8919301515382,21599325,1454.87747815186,1447.9305967913942,1474.2901045732717,70.62258740536001,21.30487019015277,7.894243676181546,13.410626513971224,17724547.65,False,True,False,False,False,False,True,False,False
2025-10-13,1526.6591505907352,1539.7669688022095,1517.4544133217996,1530.562231533274,27381151,1460.761247998558,1447.491468577944,1474.8021111071153,62.87143067405358,23.658420945047283,11.047079129954692,12.61134181509259,18327213.2,False,False,False,True,False,False,True,False,False
2025-10-14,1542.9191053357754,1547.2262843299118,1535.4521391171065,1539.759318111243,12844395,1465.9600086348821,1448.2142540553054,1475.2090584378093,64.1561390083046,25.966430056155332,14.030949315194821,11.93548074096051,17990633.2,False,False,False,False,False,False,True,False,False
2025-10-15,1564.6888021355778,1575.0284755149714,1551.88882289681,1562.2284962762037,16232797,1472.684870112605,1449.3046676509296,1475.7539910978585,67.14697934883495,29.271198642904665,17.07899918073679,12.192199462167874,17619021.95,False,False,False,False,False,False,True,False,False
2025-10-16,1506.6028027400528,1522.6567877297484,1494.155330964489,1510.2093159541846,16821466,1476.8631142807048,1448.3555090868217,1475.9353104338768,55.58357038707047,27.37715168497857,19.138629681585147,8.238522003393424,16722892.05,False,False,False,False,False,False,True,False,False
2025-10-17,1554.1247482738581,1560.5952566156298,1546.437127158332,1552.9076355001037,7993823,1482.9205264875159,1449.0693941623215,1476.1995869072655,61.451663639503664,28.987355181036037,21.108374781475327,7.87898039956071,16639622.4,False,False,False,False,False,False,True,False,False
2025-10-20,1545.7176265998207,1557.0704537291745,1536.044873589455,1547.3977007188087,14947603,1487.9842060509989,1449.4121219980036,1476.4614097988142,60.34374973257168,29.479031439769415,22.782506113134147,6.696525326635268,16737839.85,False,False,False,False,False,False,True,False,False
2025-10-21,1551.9178455582228,1564.7876004707875,1527.2043504365602,1540.074105349125,18306683,1492.2549159077007,1450.535910117784,1476.8412712200623,58.82564534368353,28.94408606951697,24.01482210441071,4.929263965106259,16801029.25,False,False,False,False,False,False,True,False,False
2025-10-22,1545.8515977463062,1560.6923376897066,1543.015174554501,1557.8559144979015,16719034,1498.211406598269,1452.4421444449556,1477.206610662524,61.366993335435836,29.613614089654675,25.134580501459507,4.479033588195168,16630023.35,False,False,False,False,False,False,True,False,False
2025-10-23,1527.13961052974,1538.8795507151256,1515.011768151185,1526.7517083365706,17106070,1503.4616939230325,1453.9781483139463,1477.308093652711,54.975077502188036,27.319448780999437,25.571554157367494,1.747894623631943,16535946.7,False,False,False,False,False,False,True,False,False
2025-10-24,1475.974301274099,1482.0574980350066,1474.0036364681691,1480.0868332290768,24983338,1505.6939689501864,1454.9783068919166,1477.1406064690643,47.05612040800116,21.488138929107663,24.75487111171553,-3.2667321826078677,17298622.75,False,False,False,False,False,True,True,False,False
2025-10-27,1465.7385459977497,1473.086363780329,1459.3381459283023,1466.6859637108817,15840027,1505.2507416469707,1455.5556402681227,1477.1115592288395,45.049259159277774,15.605554565870762,22.925007802546578,-7.319453236675816,16866307.5,False,False,False,False,False,False,True,False,False
2025-10-28,1511.9785981599032,1519.4859200631777,1501.5236089857253,1509.0309308889998,9472270,1508.1902491502199,1457.1852963113174,1477.3537967200725,52.013500380945004,14.19679719502642,21.179365681042547,-6.9825684860161275,16621894.85,False,False,False,False,False,False,True,False,False
2025-10-29,1516.2316522925562,1517.9928131680335,1512.3783260036116,1514.139486879089,19837867,1511.8926761415491,1458.7589943264168,1477.7585005932508,52.79083430143278,13.33880318351703,19.611253181537446,-6.2724499980204165,16505896.55,False,False,False,False,False,False,True,False,False
2025-10-30,1502.0638892526829,1519.0977270217666,1493.4591092312198,1510.4929470003035,13938602,1514.8398376247546,1460.3302145033042,1478.0850316009244,52.14154250480598,12.223684429941159,18.13373943121819,-5.91005500127703,16428736.5,False,False,False,False,False,False,True,False,False
2025-10-31,1488.6640911302197,1490.1250618014662,1488.5320634754605,1489.993034146707,18839682,1517.2135314318423,1461.0653899475678,1478.518707545267,48.52802829182948,9.575393960272095,16.42207033702897,-6.846676376756875,16552881.85,False,False,False,False,False,False,True,False,False
2025-11-03,1496.873718407698,1498.4096133974442,1489.1603725022305,1490.6962674919766,20923694,1520.389560289032,1462.2534010438667,1478.8742832540502,48.659471560689695,7.447499597501519,14.62715618912348,-7.179656591621962,16178546.2,False,False,False,False,False,False,True,False,False
2025-11-04,1468.0386585512513,1472.9992060064217,1466.0551489871636,1471.015696442334,17420671,1520.9169391679338,1463.0570455797113,1479.1820041994995,45.182056995563556,4.125514020458695,12.526827755390524,-8.40131373493183,16571366.95,False,False,False,False,False,False,True,False,False
2025-11-05,1499.0005669615718,1510.6416355129147,1475.9901468815333,1487.6312154328762,23803841,1518.8900113498416,1463.9574317054805,1479.6408240546264,48.52657144229596,2.801258869366393,10.5817139781857,-7.780455108819307,17372579.8,False,False,False,False,False,False,True,False,False
2025-11-06,1499.5974463097464,1500.2365199156634,1491.2531666340094,1491.8922402399264,20769581,1517.0151485945562,1465.3448867416,1480.0263330651933,49.37951728804881,2.071724660163227,8.879716114581205,-6.807991454417978,17789096.0,False,False,False,False,False,False,True,False,False
2025-11-07,1531.4978218737795,1542.752319615786,1505.568089709573,1516.8225874515797,9087169,1514.8116814595583,1467.344855401764,1480.4334272052085,54.16508773487282,3.465288522711944,7.796830596207354,-4.3315420734954095,17163488.2,False,False,False,False,False,False,True,False,False
2025-11-10,1516.9202507459004,1521.2131609629178,1505.899955315661,1510.1928655326783,27118164,1513.7932131595285,1469.0898038980615,1480.8653275291736,52.73725728371666,3.9887548884692023,7.035215454659723,-3.046460566190521,17150338.85,False,False,False,False,False,False,True,False,False
2025-11-11,1493.7443175044698,1511.3841082943245,1472.750668345523,1490.3904591353778,16101773,1511.3247702107353,1470.915194589178,1481.346293092836,48.615002406282414,2.7737430705349198,6.182920977834763,-3.409177907299843,17313207.75,False,False,False,False,False,False,True,False,False
2025-11-12,1485.8220397190455,1491.8860301792968,1479.5817678895162,1485.6457583497674,23557981,1507.4956333144132,1472.842777317122,1481.6732214146418,47.653853078681124,1.4117064773404309,5.228678077735896,-3.8169716003954655,17679466.95,False,False,False,False,False,False,True,False,False
2025-11-13,1477.9060738313203,1486.6696817235927,1473.6035452604876,1482.36715315276,12962788,1506.1035251743422,1474.8435313232437,1481.8851450141783,46.962912727711334,0.06695481194424246,4.196333424577566,-4.129378612633324,17486533.05,False,False,False,False,False,False,True,False,False
2025-11-14,1552.9186874819616,1563.8489742150527,1530.7503260510643,1541.6806127841555,19177757,1505.5421740385448,1477.9523156724692,1482.2676211276892,58.644977562461804,3.744169462791433,4.10590063222034,-0.36173116942890715,18045729.75,False,False,False,False,False,False,True,False,False
2025-11-17,1549.105771325649,1550.0320965818607,1530.2642389711636,1531.1905642273755,12094620,1504.731817213973,1480.574878426834,1482.4621535669125,56.28378102671043,5.745696504221769,4.433859806620626,1.3118366976011426,17903080.6,False,False,False,False,True,False,True,False,False
2025-11-18,1548.513103679771,1561.8603879005302,1544.6281036178407,1557.9753878386,24926358,1505.6268813384468,1483.9422253690386,1482.790019900004,60.64128868288634,9.385047534109844,5.42409735211847,3.9609501819913744,18234064.35,False,False,False,False,False,False,True,True,False
2025-11-19,1536.9932739195913,1552.2711608850304,1527.2918464531701,1542.5697334186093,21171602,1504.8625722844822,1486.8062727357537,1482.945637777638,57.11496995959285,10.900497731611495,6.519377428017075,4.38112030359442,18456692.75,False,False,False,False,False,False,True,False,False
2025-11-20,1533.165793998236,1546.612565175515,1515.065629763981,1528.51240094126,11070693,1504.9506069147167,1489.2862107555475,1483.0079708653718,54.02768344215324,10.842211418280158,7.3839442260696915,3.4582671922104664,18154923.9,False,False,False,False,False,False,True,False,False
2025-11-21,1570.419114038132,1581.2976836526639,1553.8122980837704,1564.6908676983023,13558634,1509.180808638178,1492.5799799061451,1483.2044160920857,60.01768390712197,13.559019074570642,8.618959195769882,4.94005987880076,17583688.7,False,False,False,False,False,False,True,False,False
2025-11-24,1556.8565724430405,1573.5850555308355,1550.1504523982662,1566.8789354860612,9754009,1514.190457226937,1495.6598219238801,1483.3330401830965,60.3541363216596,15.707600063854898,10.036687369386886,5.6709126944680115,17279387.8,False,False,False,False,False,False,True,False,False
2025-11-25,1560.7161469178911,1566.9088602104814,1548.344759794243,1554.5374730868332,11495571,1516.4657843368288,1498.0348892779214,1483.2693673340964,57.41916984239751,16.22745312544862,11.274840520599234,4.952612604849385,17380552.85,False,False,False,False,False,False,True,False,False
2025-11-26,1536.7127525565697,1550.365847686871,1522.6749200427928,1536.328015173094,19271454,1517.5752107515289,1500.2068242469486,1482.9295322941384,53.300627773904324,14.997210840125945,12.019314584504576,2.977896255621369,17352232.2,False,False,False,False,False,False,True,False,False
2025-11-27,1504.4775435352929,1522.506324654838,1486.735195615561,1504.763976735106,8084102,1517.288762238269,1501.7692151298068,1482.507231328605,47.00663819600148,11.34450842392107,11.884353352387876,-0.5398449284668061,17059507.2,False,False,False,False,False,True,True,False,False
2025-11-28,1494.2522529723858,1496.3420921366635,1491.4042833952437,1493.4941225595214,22474562,1517.4638166589098,1503.0039097537197,1482.0004606545324,44.965000326981105,7.454402682985574,10.998363218507418,-3.543960535521844,17241251.2,False,False,False,False,False,False,False,False,False
2025-12-01,1483.2608779862285,1496.1112223462305,1473.681533135787,1486.531877495789,17380947,1517.2555971591005,1503.8120651146526,1481.5627889311256,43.7021891840504,3.766255813259704,9.551941737457875,-5.785685924198171,17064113.85,False,False,False,False,False,False,False,False,False
2025-12-02,1463.9681407914964,1483.0091544186605,1449.2735401778734,1468.3145538050376,27836520,1517.1205400272356,1504.0851580264512,1481.0491449791587,40.49732182212667,-0.6194720379330647,7.517658982379688,-8.137131020312752,17584906.3,False,False,False,False,False,False,False,False,False
2025-12-03,1432.817863715988,1442.9738846629546,1429.1650857833433,1439.3211067303098,13232612,1514.7050345921073,1504.0970581473268,1480.454066461635,35.97549795159719,-6.361391664766643,4.7418488529504215,-11.103240517717065,17056344.85,False,False,False,False,False,False,False,False,False
2025-12-04,1428.3723586050316,1442.879947299389,1421.7401264146597,1436.247715109017,19446141,1511.9228083355617,1504.387093212681,1480.058230853696,35.522708660518134,-11.032722992733625,1.5869344838136121,-12.619657476547237,16990172.85,False,False,False,False,False,False,False,False,False
2025-12-05,1423.5208665629643,1445.6024187704977,1404.6699333209542,1426.7514855284876,20447693,1507.419253239407,1504.213296269531,1479.529428544663,34.094815657272875,-15.324402911465086,-1.7953329952421275,-13.529069916222959,17558199.05,False,False,False,False,False,False,False,False,False
2025-12-08,1432.0828393038257,1435.9185729402789,1424.6466115723917,1428.482345208845,16548063,1503.3337272232154,1503.2719329782037,1479.1388021174491,34.61074628663707,-18.374118851508683,-5.111090166495439,-13.263028685013245,17029694.0,False,False,False,False,False,False,False,False,False
2025-12-09,1421.1863881939073,1427.4674326097127,1412.4067368928377,1418.687781308643,13849866,1499.7485933318787,1502.6408729878965,1478.7126218816861,33.0347656105768,-21.335438501969293,-8.355959833590209,-12.979478668379084,16917098.65,False,False,False,False,False,False,False,False,False
2025-12-10,1424.0139280533567,1434.347316937257,1407.1708148834646,1417.5042037673647,20503175,1496.3415156027586,1502.1891381221938,1478.2069479709407,32.84016617982236,-23.506838276967983,-11.386135522265764,-12.120702754702219,16764358.35,False,False,False,False,False,False,False,False,False
2025-12-11,1451.275811727157,1464.1538109476028,1440.4478509682144,1453.3258501886603,22772660,1494.8894504545538,1502.224660779243,1477.759185827707,43.65791223250786,-22.082625984148763,-13.525433614642365,-8.557192369506398,17254851.95,False,False,False,False,False,False,False,False,False
2025-12-12,1447.21138455033,1462.3191979828123,1427.5075263270965,1442.6153397595788,11077354,1489.9361868033247,1502.2265844143353,1477.3516474550665,41.50523293698317,-21.569535977175747,-15.134254087149042,-6.435281890026705,16849831.8,False,False,False,False,False,False,False,False,False
2025-12-15,1470.9204579829266,1479.5817068938945,1458.9390088832617,1467.6002577942297,22482834,1486.7566714816676,1503.0350757632564,1477.0158279158507,47.952407906033955,-18.928636829607285,-15.893130635640691,-3.0355061939665937,17369242.5,False,False,False,False,False,False,False,False,False
2025-12-16,1439.6948166799111,1457.8104019534996,1419.11289450666,1437.2284797802486,18400969,1480.71932607875,1502.5702829815752,1476.4549046578343,41.905900495112675,-19.06666523841568,-16.527837556195692,-2.5388276822199884,17042973.05,False,False,False,False,False,False,False,False,False
2025-12-17,1421.2728701909068,1430.6044037286172,1418.443617844456,1427.7751513821663,11621749,1474.9795969769277,1500.5623905733241,1475.9574365646697,40.2065228647355,-19.71163488689126,-17.164597022334807,-2.5470378645564544,16565480.4,False,False,False,False,False,False,False,False,False
2025-12-18,1425.4353635934779,1450.1189477394134,1409.0982255361166,1433.7818096820522,15731991,1470.2430674139673,1498.6502368600527,1475.4922661119504,41.820934670804625,-19.513155346681742,-17.634308687204193,-1.8788466594775493,16798545.3,False,False,False,False,False,False,False,False,False
2025-12-19,1432.126493247208,1432.4589049926724,1423.5068243241897,1423.8392360696541,26336287,1463.200485832535,1495.9091829784147,1474.9086310461707,39.900542665828425,-19.92841906805711,-18.093130763374777,-1.835288304682333,17437427.95,False,False,False,False,False,False,False,False,False
2025-12-22,1420.3772664032201,1442.2447655151736,1403.917701739052,1425.7852008510056,17141202,1456.1457991007824,1493.8136423647695,1474.4303932520825,40.47665126150595,-19.871429988935006,-18.448790608486824,-1.4226393804481816,17806787.6,False,False,False,False,False,False,False,False,False
2025-12-23,1438.9584062554345,1440.9117213026148,1433.9748159968465,1435.9281310440267,22759446,1450.215331998642,1491.7370186234255,1474.0314725108706,43.51594593147787,-18.791202746431054,-18.51727303607567,-0.2739297103553824,18369981.35,False,False,False,False,False,False,False,False,False
2025-12-24,1452.8695660327269,1466.61259555962,1435.2985274712728,1449.041556998166,20336205,1445.8510090898953,1489.4732798378648,1473.7422701958071,47.2650009173594,-16.684640839336453,-18.150746596727828,1.4661057573913752,18423218.9,False,False,False,False,True,False,False,False,False
2025-12-25,1444.8810106225744,1446.2967484302405,1440.8228296879713,1442.2385674956374,18366374,1442.724738627922,1488.1138648686936,1473.4194185434399,45.574984980301856,-15.386750862876397,-17.597947449957545,2.2111965870811474,18937332.5,False,False,False,False,False,False,False,False,False
2025-12-26,1432.3199461991849,1443.837081423293,1427.5099640289334,1439.0270992530416,12549581,1440.001387462598,1485.8362541437525,1473.095361255477,44.761325696140204,-14.450723409356897,-16.968502641837414,2.5177792324805175,18441083.45,False,False,False,False,False,False,False,False,False
2025-12-29,1392.2678157412229,1410.0714048008645,1380.237670081681,1398.0412591413226,11271070,1435.5768565448748,1482.8491253122027,1472.345470776798,35.94203584496883,-16.822213665119534,-16.93924484649384,0.1170311813743048,18135589.6,False,False,False,False,False,False,False,False,False
2025-12-30,1405.6484483734384,1417.1215057950965,1389.2396729968398,1400.7127304184978,18655735,1432.1967653755478,1480.06189781359,1471.5469167233473,36.8158918726262,-18.275403892792838,-17.20647665575364,-1.0689272370391976,17676550.35,False,False,False,False,False,True,False,False,False
2025-12-31,1371.1790684397552,1383.5324728837504,1360.281827432082,1372.6352318760773,15209434,1428.862471632836,1476.357484161154,1470.708392452724,31.891679915920818,-21.44547698745646,-18.054276722094205,-3.3912002653622544,17775391.45,False,False,False,False,False,False,False,False,False
2026-01-01,1366.9788531314048,1377.1450663354308,1359.409328126535,1369.575541330561,12874564,1425.5288629439133,1473.2139608210337,1469.8950921645196,31.398825569121172,-23.928837467106177,-19.2291888710966,-4.6996485960095775,17446812.6,False,False,False,False,False,False,False,False,False
2026-01-02,1355.506910873782,1363.0907228309766,1337.2990864928695,1344.882898450064,20832417,1421.435433589992,1470.5098821254533,1469.0146262472801,27.680934232832314,-27.571580437730745,-20.89766718442343,-6.673913253307315,17466048.8,True,False,False,False,False,False,False,False,False
2026-01-05,1332.353408964191,1336.2150706932885,1327.348472680525,1331.2101344096225,14045246,1416.571823050031,1467.800365539428,1468.1472690029443,25.85532934711074,-31.202080119506263,-22.958549771439998,-8.243530348066265,17340907.95,True,False,False,False,False,False,False,False,True
2026-01-06,1328.961488565492,1342.3214379119672,1317.5682377907358,1330.9281871372111,13307895,1412.1838433414594,1464.2383106643922,1467.2657150899636,25.817516726710195,-33.713400961778916,-25.109520009507783,-8.603880952271133,17313809.4,True,False,False,False,False,False,False,False,False
2026-01-07,1327.6810900021405,1332.4590486646998,1323.9278379473412,1328.7057966099005,24776943,1407.7439229835863,1460.5296368590084,1466.48566112692,25.500939230434042,-35.47404643910818,-27.182425295427866,-8.291621143680313,17527497.8,True,False,False,False,False,False,False,False,False
2026-01-08,1336.9750192828474,1339.765922231424,1328.5829571554166,1331.3738601039931,16614870,1401.6463234793528,1456.9472551210822,1465.7969158313488,26.663580519906887,-36.23636992251136,-28.993214220844564,-7.243155701666794,17219608.3,True,False,False,False,False,False,False,False,False
2026-01-09,1304.3747980444762,1310.9758879148424,1300.2042127273755,1306.8053025977417,11633438,1394.855821621261,1453.283500490103,1464.9951050796255,23.09011766577835,-38.380566755619384,-30.87068472779953,-7.509882027819852,17247412.5,True,False,False,False,False,False,False,False,False
2026-01-12,1309.5596464564924,1313.2735885692139,1305.380384986857,1309.0943270995785,25578061,1386.9305250865284,1449.651461682255,1464.2650237371222,24.110604401325944,-39.440507428071896,-32.584649267854005,-6.855858160217892,17402173.85,True,False,False,False,False,False,False,False,False
2026-01-13,1302.1731642132665,1313.404516187114,1291.7323033313478,1302.9636553051953,18013420,1380.2172838627757,1446.2904208595123,1463.3248654528556,23.221884340357235,-40.31053724418234,-34.129826863119675,-6.180710381062667,17382796.4,True,False,False,False,False,False,False,False,False
2026-01-14,1303.1348269103817,1305.769674672583,1301.4259491041198,1304.0607968663212,26147008,1374.0315661369837,1442.6190124881812,1462.5053388528675,23.763460260060455,-40.44528393005726,-35.392918276507196,-5.052365653550062,18109059.35,True,False,False,False,False,False,False,False,False
2026-01-15,1286.894034997781,1303.3494348339327,1277.1854930244956,1293.6408928606472,17094818,1367.0245202959134,1438.6539855405956,1461.5722266555365,22.164404189489275,-40.92115719232015,-36.49856605966979,-4.422591132650361,18177200.7,True,False,False,False,False,False,False,False,False
2026-01-16,1298.636325691613,1302.5051979903888,1289.1019887904292,1292.970861089205,7446382,1360.4811015468908,1434.1769510133481,1460.7154699640764,22.061600808801145,-40.88110422352656,-37.37507369244115,-3.5060305310854147,17232705.45,True,False,False,False,False,False,False,False,False
2026-01-19,1313.4840612853905,1315.586712163273,1300.3674173206844,1302.4700681985669,12373702,1354.3153449142687,1430.022495066666,1459.9656736323043,27.215843149382962,-39.6260706555081,-37.82527308505454,-1.800797570453561,16994330.45,True,False,False,False,False,False,False,False,False
2026-01-20,1317.6484440908737,1326.4758156951807,1311.455171164616,1320.2825427689231,29967662,1348.5330655005137,1426.6203367393364,1459.2655087831592,35.79080439878598,-36.77026495238238,-37.61427145852011,0.8440065061377311,17354741.25,False,False,True,False,True,False,False,False,False
2026-01-21,1309.3566285990162,1315.672923185633,1307.2914534932183,1313.6077480798351,11476992,1341.7613750545972,1423.179576533938,1458.4851605201634,34.16640459653064,-34.646238237639864,-37.02066481434406,2.374426576704195,16911780.6,False,False,False,False,False,False,False,False,False
2026-01-22,1324.1711490068046,1334.8442637051082,1319.8775267682265,1330.5506414665301,15858170,1336.1769787531418,1420.1432463002136,1457.8134208159724,41.43266981226446,-31.23571597458522,-35.86367504639229,4.627959071807069,16786370.4,False,False,False,False,False,False,False,False,False
2026-01-23,1309.8363145110286,1315.5948745480262,1302.6785726246599,1308.4371326616574,11626965,1329.6474804235727,1415.4783766977635,1456.9264638484758,35.86815311117611,-29.97173238569053,-34.68528651425194,4.713554128561412,16740239.6,False,False,False,False,False,False,False,False,False
2026-01-26,1354.1962044288941,1361.0762137844106,1342.0632625779224,1348.9432719334388,24597051,1327.1925810631783,1411.8334308518847,1456.2641610787834,49.300113311526246,-25.4086146760078,-32.82995214660311,7.4213374705953115,17406538.65,False,False,False,False,False,False,False,False,False
2026-01-27,1351.9461419200466,1369.274219245868,1329.6505785983936,1346.978655924215,28800531,1324.5058773384642,1407.6134962135973,1455.6066521239864,48.76661898350923,-21.700687095926696,-30.60409913646783,8.903412040541134,17913778.45,False,False,False,False,False,False,False,False,False
2026-01-28,1370.710623073979,1376.2675906894488,1359.9979073473125,1365.5548749627824,8987296,1324.1518594927995,1404.0731990444806,1455.116541238664,53.85174268966661,-17.066450725596724,-27.89656945429361,10.830118728696885,17602671.55,False,False,False,False,False,False,False,False,False
2026-01-29,1355.486595516727,1357.1093235386475,1350.0133069254273,1351.6360349473478,20232889,1323.2548841736389,1400.5356717246023,1454.6451804712165,49.85856459704872,-14.351484103628081,-25.187552384160504,10.836068280532423,17970587.8,False,False,False,False,False,False,False,False,False
2026-01-30,1330.1326829430886,1333.85130532494,1329.8151497822648,1333.5337721641163,15243649,1322.6874278593416,1395.9125298139186,1454.2040146363836,45.16761680438375,-13.504878976774762,-22.851017702683357,9.346138725908595,17691149.4,False,False,False,False,False,False,False,False,False
2026-02-02,1342.3266020222934,1347.316952070275,1334.5798968248796,1339.5702468728612,16661379,1323.1054334825035,1391.3663560416544,1453.683689615926,46.95971531303534,-12.206140464989858,-20.722042255144657,8.5159017901548,17821956.05,False,False,False,False,False,False,False,False,False
2026-02-03,1357.491918377536,1361.765037984731,1342.9272340111152,1347.2003536183101,7529646,1323.9190418065584,1387.2196136522844,1453.2386854731494,49.21893504484389,-10.44083949213109,-18.665801702541945,8.224962210410855,17533043.6,False,False,False,False,False,False,False,False,False
2026-02-04,1344.2873157995448,1360.2563441688656,1330.8119959859773,1346.781024355298,23786197,1324.8228031938281,1383.4286738359283,1452.835147971143,49.09516925207105,-8.972235770933821,-16.72708851622032,7.754852745286499,17483506.3,False,False,False,False,False,False,False,False,False
2026-02-05,1378.8693151217965,1380.508402126771,1378.85691118133,1380.4959981863044,8427994,1327.278910097944,1380.9433142649523,1452.6324532722533,58.19699052804965,-5.029859036799053,-14.387642620336067,9.357783583537014,17074162.5,False,False,False,False,False,False,False,False,False
2026-02-06,1415.8465536082851,1417.924560275329,1408.7623237109185,1410.8403303779623,13384189,1332.480661486955,1379.290238421321,1452.6359771296159,64.37154633008396,0.5368484828607052,-11.402744399696713,11.939592882557418,17161700.05,False,False,False,False,False,False,True,False,False
2026-02-09,1419.5150986232259,1425.673359245102,1410.7259598569653,1416.8842204788414,23247903,1337.870156155918,1377.897285280982,1452.6389633116307,65.4656857519279,5.37424477003924,-8.047346565749523,13.421591335788763,17045192.15,False,False,False,False,False,False,True,False,False
2026-02-10,1416.2909854517632,1426.4975354634419,1397.2292139968065,1407.4357640084852,17191690,1343.0937615910825,1376.679709485051,1452.596790282361,62.247390860438486,8.349259638198873,-4.768025324959844,13.117284963158717,17004105.65,False,False,False,False,False,False,True,False,False
2026-02-11,1408.5590798827966,1423.4312413898383,1401.3245534683992,1416.196714975441,8026622,1348.7005574965383,1376.2172216499537,1452.5956825611781,64.01392355272087,11.28384276431234,-1.557651707105407,12.841494471417747,16098086.35,False,False,False,False,False,False,True,False,False
2026-02-12,1415.537464448331,1431.0799964038847,1413.3321697167894,1428.874701672343,8899381,1355.4622479371233,1376.06976138122,1452.5737608645995,66.45974523051648,14.465776143620815,1.6470338630398376,12.818742280580977,15688314.5,False,False,False,False,False,False,True,False,False
2026-02-13,1423.3468970954984,1436.7188280927624,1410.6775523952558,1424.0494833925197,13490987,1362.016179052289,1376.0157213385007,1452.5009005505497,64.65852247870731,16.408974043621583,4.599421899156187,11.809552144465396,15990544.75,False,False,False,False,False,False,True,False,False
2026-02-16,1407.0686138127735,1411.1740587283225,1395.812441715256,1399.917886630805,12406507,1366.8885699739008,1375.44443216694,1452.2347991246427,56.422544143729475,15.819398023671965,6.843417124059343,8.975980899612622,15992185.0,False,False,False,False,False,False,True,False,False
2026-02-17,1383.3882812343309,1391.6546002662024,1380.7300548473418,1388.9963738792133,14497645,1370.3242615294153,1374.8506040183513,1452.035360856699,53.124433993545786,14.305969662915913,8.335927631830657,5.970042031085256,15218684.15,False,False,False,False,False,False,True,False,False
2026-02-18,1383.923928611901,1397.1686016033211,1371.7633959063223,1385.0080688977425,15531255,1373.8942775703108,1374.200681320959,1451.873420425354,51.93064799732144,12.639048815791057,9.196551868622738,3.442496947168319,15421397.3,False,False,False,False,False,False,True,False,False
2026-02-19,1382.7730513584133,1388.0978764229474,1375.5071842401974,1380.8320093047314,6127352,1376.408345962221,1372.7508045032803,1451.5929441635487,50.64727972520368,10.855888995771693,9.52841929405253,1.3274697017191635,14934856.4,False,False,False,False,False,False,True,False,False
2026-02-20,1360.251259138109,1374.8712937020073,1356.696138173714,1371.3161727376123,16983222,1379.5522979660186,1371.3248211628409,1451.1532743802004,47.75141184713352,8.576014550279751,9.337938345297975,-0.7619237950182232,15202669.25,False,False,False,False,False,True,False,False,False
2026-02-23,1375.1951329154197,1401.0565070291768,1353.2946030621804,1379.1559771759376,28454205,1381.0629332281437,1369.5559355504752,1450.7582761125623,50.27401509999153,7.317453278375524,8.933841331913484,-1.6163880535379604,15395526.95,False,False,False,False,False,False,True,False,False
2026-02-24,1404.323894359926,1414.4759272204265,1389.6178932417934,1399.7699261022938,16588742,1383.7024967370476,1368.8067644769162,1450.382736325526,56.254645714140615,7.892428797038747,8.725558824938537,-0.8331300278997897,14784937.5,False,False,False,False,False,False,True,False,False
2026-02-25,1388.837851636544,1393.3629846334613,1385.4451636088347,1389.970296605752,14109087,1384.923267819196,1368.050667381388,1450.0757404308051,52.991737273526155,7.471229157554717,8.474692891461773,-1.003463733907056,15041027.05,False,False,False,False,False,False,True,False,False
2026-02-26,1406.4694915016535,1419.400880273324,1389.3659909824912,1402.2973797541617,20355501,1387.4563350595367,1367.4209787828302,1449.7378125545604,56.41630597364842,8.039444287660444,8.387643170701509,-0.3481988830410643,15047157.65,False,False,False,False,False,False,True,False,False
2026-02-27,1430.6924048169851,1433.9419024365131,1414.5141145575785,1417.7636121771066,11590440,1391.667827060186,1367.2994663049792,1449.5679052754565,60.3219355468793,9.626783009799965,8.6354711385212,0.9913118712787643,14864497.2,False,False,False,False,True,False,True,False,False
2026-03-02,1366.5270513960613,1381.2100075239978,1359.853209607869,1374.5361657358055,15642649,1393.4161230033335,1366.2744856026752,1449.161825931411,47.5077453491533,7.312374224024097,8.37085175562178,-1.058477531597683,14813560.7,False,False,False,False,False,True,True,False,False
2026-03-03,1346.710015465111,1358.9852153801342,1333.872291678721,1346.1474915937442,4974284,1393.3634799021052,1364.4788728136693,1448.680008009785,41.302456629027226,3.1511355090322013,7.326908506303865,-4.175772997271664,14685792.6,False,False,False,False,False,False,False,False,False
2026-03-04,1348.2731969750496,1359.1660694106488,1342.1327639605574,1353.0256363961566,18711298,1393.675710504148,1362.5585544016292,1448.2633240227096,43.23697988836327,0.4036792862648326,5.942262662296058,-5.538583376031226,14432047.65,False,False,False,False,False,False,False,False,False
2026-03-05,1335.0599735951293,1340.0046858809426,1324.7551850920256,1329.6998973778389,11726221,1391.1359054637246,1360.3077809992733,1447.7479473427095,38.59184477740769,-3.614229177891957,4.030964294258455,-7.645193472150412,14596959.0,False,False,False,False,False,False,False,False,False
2026-03-06,1306.0841836060647,1316.4990894671434,1294.9665140016168,1305.3814198626956,20791003,1385.8629599379613,1357.6348674114663,1447.035476584351,34.43786078110986,-8.660910891155481,1.4925892571756676,-10.15350014833115,14967299.7,False,False,False,False,False,False,False,False,False
2026-03-09,1304.9195446743106,1323.0391991952042,1285.772074481758,1303.8917290026516,25998890,1380.2133353641518,1355.751876808693,1446.3696671638318,34.195044997314284,-12.634999699315358,-1.3329285341225376,-11.302071165192821,15104849.05,False,False,False,False,False,False,False,False,False
2026-03-10,1288.8676647385219,1310.1209934446601,1274.2721147480036,1295.5254434541419,14374609,1374.6178193364346,1353.648131069406,1445.652185599004,32.79645979835482,-16.272009439500152,-4.32074471519806,-11.951264724302092,14963995.0,False,False,False,False,False,False,False,False,False
2026-03-11,1281.2336901950584,1286.816748276784,1280.4629185506722,1286.0459766323977,2356594,1368.1102824192826,1351.916345964532,1444.783074923049,31.237489700706917,-19.692279273693202,-7.395051626897089,-12.297227646796113,14680493.6,False,False,False,False,False,False,False,False,False
2026-03-12,1275.5354803508953,1276.746307964116,1275.0969428290225,1276.3077704422433,16573356,1360.4819358577774,1350.0509905467657,1443.8168147185343,29.67683051335821,-22.92440138375764,-10.5009215782692,-12.42347980548844,15064192.35,True,False,False,False,False,False,False,False,False
2026-03-13,1238.6211476180633,1252.6858242575522,1237.121656485622,1251.1863331251109,10182113,1351.838778344407,1348.1770592402668,1442.714854488465,26.05979228681315,-27.19943334846539,-13.84062393230844,-13.358809416156951,14898748.65,True,False,False,False,False,False,False,False,False
2026-03-16,1281.1060789340352,1296.922214178402,1261.0768117232092,1276.892946967576,17712330,1345.6875313612459,1347.0907154914257,1441.836666538954,34.81503325907114,-28.18818226388339,-16.71013559862343,-11.47804666525996,15164039.8,False,False,True,False,False,False,False,False,False
2026-03-17,1294.4152642164502,1297.0264417013545,1293.0926371627104,1295.7038146476148,21338185,1341.0229033996657,1346.3862280416338,1441.131412212264,40.378423577758326,-27.14102821158508,-18.79631412121576,-8.344714090369319,15506066.8,False,False,False,False,False,False,False,False,False
2026-03-18,1298.2671089568403,1319.7349028380142,1270.189333914735,1291.657127795909,15377326,1336.3553563445741,1345.645254665354,1440.419871040225,39.59551061598155,-26.334121529589083,-20.30387560289043,-6.030245926698655,15498370.35,False,False,False,False,False,False,False,False,False
2026-03-19,1293.4944885583889,1305.9531951372453,1291.0152349783766,1303.473941557233,17680722,1332.4874529571994,1345.0872562944187,1439.8332104553365,43.06698362899698,-24.45917392564502,-21.134935267441346,-3.3242386582036723,16076038.85,False,False,False,False,False,False,False,False,False
2026-03-20,1321.2576721799676,1330.7011096787235,1317.8896352982733,1327.3330727970292,19576644,1330.28829796017,1345.4978116984046,1439.29532634686,49.391236428206795,-20.80816833732206,-21.069581881417488,0.2614135440954293,16205709.95,False,False,False,False,True,False,False,False,False
2026-03-23,1311.0038000729728,1328.489411663142,1305.5383192300662,1323.0239308202354,19370842,1327.481695642385,1345.776403772818,1438.6014977187858,48.346678496510314,-18.054312967556143,-20.46652809864522,2.412215131089077,15751541.8,False,False,False,False,False,False,False,False,False
2026-03-24,1345.7529242175287,1349.1460466635167,1335.8032671003225,1339.1963895463105,1996265,1324.4530188145857,1346.5010584576403,1438.026666639188,52.41420070622583,-14.400876150217073,-19.25339770895959,4.852521558742517,15021917.95,False,False,False,False,False,False,False,False,False
2026-03-25,1326.1608934954581,1339.6639855601009,1315.8362576139361,1329.3393496785789,22571848,1321.421471468227,1347.0066295138852,1437.49459073127,49.83818197862265,-12.160700899298035,-17.83485834702728,5.674157447729243,15445056.0,False,False,False,False,False,False,False,False,False
2026-03-26,1335.0692528323736,1351.2985825904304,1321.2131699242225,1337.4424996822793,12572724,1318.1787274646329,1347.882661650318,1437.0046265660326,51.929733777964714,-9.620589224928608,-16.192004522607547,6.571415297678939,15055917.15,False,False,False,False,False,False,False,False,False
2026-03-27,1341.9876956987202,1344.6974458935074,1338.3542566519047,1341.0640068466919,14966204,1314.3437471981122,1348.8445245654675,1436.5415448119406,52.87545402927543,-7.231941737877833,-14.399991965661606,7.168050227783773,15224705.35,False,False,False,False,False,False,False,False,False
2026-03-30,1349.8099811983168,1351.855455398498,1337.37740247677,1339.422876676951,18532650,1312.5880827451695,1349.583580735035,1436.085534089674,52.37261522311772,-5.408995352870079,-12.601792643103302,7.192797290233223,15369205.4,False,False,False,False,False,False,False,False,False
2026-03-31,1309.1478465983516,1318.4274444425728,1296.8161197501372,1306.0957175943583,23732026,1310.5854940452002,1349.299844231544,1435.542568913344,43.35565115982596,-6.577696825872636,-11.39697347965717,4.819276653784534,16307092.5,False,False,False,False,False,False,False,False,False
2026-04-01,1301.8293993327227,1310.0090745114696,1301.1944348614154,1309.3741100401623,12536986,1308.4029177274003,1349.2151714707506,1435.0144612772772,44.370287063176356,-7.156862436384927,-10.548951271002721,3.3920888346177946,15998376.9,False,False,False,False,False,False,False,False,False
2026-04-02,1294.5226260367608,1300.894167859803,1285.7601702727338,1292.131712095776,11408186,1306.5245084632975,1348.4467928833355,1434.3322820058029,40.28332715149546,-8.904526925240134,-10.220066401850204,1.3155394766100699,15982475.15,False,False,False,False,False,False,False,False,False
2026-04-03,1304.00554278303,1310.4323749864236,1294.401570733485,1300.8284029368785,14445317,1306.2968576170065,1348.29461828884,1433.5843650413037,43.12871973505477,-9.478550524052935,-10.071763226290752,0.5932127022378175,15665190.85,False,False,False,False,False,False,False,False,False
2026-04-06,1290.9025573665042,1312.8715484953386,1285.1486755811654,1307.1176667099999,13222212,1306.4581545023739,1347.458106184371,1432.7799783924308,45.1636322105761,-9.318558791659598,-9.921122339364523,0.6025635477049249,15026356.95,False,False,False,False,False,False,False,False,False
2026-04-07,1324.5301488629732,1336.4042629165128,1309.841989033855,1321.7161030873947,17713306,1307.7676874840365,1346.9528551276346,1431.9826926878245,49.66566144233022,-7.922467110343632,-9.521391293560345,1.5989241832167131,15193291.8,False,False,False,False,False,False,False,False,False
2026-04-08,1322.6969754863399,1335.8264140089368,1309.6199731607496,1322.7494116833466,11418515,1309.6028592365842,1346.0967458620462,1431.1118343191781,49.97870369235117,-6.6559493853012555,-8.948302911908527,2.292353526607272,15646387.85,False,False,False,False,False,False,False,False,False
2026-04-09,1337.7350250506133,1339.9819128156914,1336.7349532172113,1338.9818409822894,21892746,1312.7365627635863,1345.8436619827448,1430.2852282468102,54.740655652633826,-4.292917498411498,-8.017225829209123,3.7243083307976246,15912357.35,False,False,False,False,False,False,False,False,False
2026-04-10,1344.2743356077742,1345.1594063654063,1339.2100997269936,1340.0951704846257,15853670,1317.182004631562,1345.974889949155,1429.3810308771706,55.05667967946848,-2.303804492845302,-6.874541561936359,4.570737069091057,16195935.2,False,False,False,False,False,False,False,False,False
2026-04-13,1331.6082141496065,1340.2169483951707,1329.3365609534405,1337.9452951990047,15879842,1320.2346220431334,1345.9423909156778,1428.4657010293322,54.26866337665017,-0.8906284629174479,-5.677758942132577,4.787130479215129,16104310.8,False,False,False,False,False,False,False,False,False
2026-04-14,1338.392952392508,1353.2571448829647,1331.266843364065,1346.1310358545215,25361452,1322.755983103479,1345.921004560402,1427.5319927476294,56.80379314618632,0.8797039029980169,-4.366266373106458,5.245970276104475,16305474.15,False,False,False,False,False,False,True,False,False
2026-04-15,1318.1133905249264,1335.660980099923,1314.536903034597,1332.0844926095936,19776531,1324.777351344163,1345.6270739254878,1426.5520710275973,51.52537684011592,1.1361693564360849,-3.2657792271979496,4.401948583634034,16525434.4,False,False,False,False,False,False,False,False,False
2026-04-16,1319.4608907414674,1335.3235942173123,1306.0615861528622,1321.9242896287071,20945795,1325.6998687477367,1344.4556397543358,1425.5183689754617,48.04749621651214,0.513655506877285,-2.509892280382903,3.023547787260188,16688688.05,False,False,False,False,False,False,False,False,False
2026-04-17,1307.1797429691076,1308.4824802957182,1301.9266396258397,1303.2293769524504,12273723,1324.4946839555078,1342.3034206858256,1424.3422152180779,42.379206324698856,-1.4712547084827747,-2.3021647660028774,0.8309100575201027,16323542.0,False,False,False,False,False,False,False,False,False
2026-04-20,1310.0801937070373,1324.056285056747,1295.4050485669304,1309.38113991664,17645725,1323.812544410328,1340.1533590745819,1423.1310221346894,44.691454089597684,-2.5188784332483465,-2.3455074994519713,-0.17337093379637514,16237286.15,False,False,False,False,False,True,False,False,False
2026-04-21,1314.064961591514,1320.7848940776892,1302.87241507388,1309.592347560055,10762448,1322.3323423110153,1338.1964907456133,1421.8301342144064,44.773394512951775,-3.2941126114876624,-2.5352285218591097,-0.7588840896285527,16675595.3,False,False,False,False,False,False,False,False,False
2026-04-22,1296.5046674876253,1319.198003427993,1281.6382456047313,1304.331581545099,9720111,1321.0819539043412,1335.9591880770063,1420.6819089894084,43.06209830062624,-4.283612318007727,-2.884905281088833,-1.3987070369188936,16033008.45,False,False,False,False,False,False,False,False,False
2026-04-23,1294.6718429483092,1298.2882103569727,1282.9613786180312,1286.5777460266947,6455872,1318.538716221562,1333.1132489640931,1419.5246913433998,37.80992685857509,-6.426305664265101,-3.593185357724087,-2.833120306541014,15727165.85,False,False,False,False,False,False,False,False,False
2026-04-24,1283.843004739122,1288.361573359329,1283.6303971368977,1288.1489657571046,21170408,1315.8929641670827,1330.395238611385,1418.4251105232065,38.52454635991771,-7.9064802942143615,-4.455844345022141,-3.45063594919222,16037376.05,False,False,False,False,False,False,False,False,False
2026-04-27,1288.4845037498665,1296.0289866591543,1286.8829417499107,1294.4274246591986,11070608,1313.643191566195,1328.285429371953,1417.4476654373188,41.42119055046249,-8.475213208176228,-5.259718117652959,-3.2154950905232695,15664273.95,False,False,False,False,False,False,False,False,False
2026-04-28,1306.1074865790565,1306.946835924705,1294.7778852402437,1295.6172345858922,14991847,1313.1192674157717,1326.4178465860864,1416.4855779764375,41.979129735653245,-8.729304434841197,-5.953635381090607,-2.7756690537505895,15227265.0,False,False,False,False,False,False,False,False,False
2026-04-29,1274.529608100136,1309.955988090089,1251.0889266029765,1286.5153065929294,12703344,1311.9763272434102,1324.44799133999,1415.233932918524,38.92481771603443,-9.554979230842264,-6.673904151040938,-2.8810750798013256,15235582.9,False,False,False,False,False,False,False,False,False
2026-04-30,1303.5211622209913,1311.9582329942111,1295.9758318197435,1304.4129025929633,13072076,1312.5903867682694,1322.9196092057548,1414.0247319285236,47.07857026708671,-8.665258330488996,-7.07217498693055,-1.5930833435584457,15318777.4,False,False,False,False,False,False,False,False,False
2026-05-01,1310.2218130321933,1319.1008565102698,1307.203445098944,1316.0824885770205,20923900,1313.3530910502766,1321.814935522543,1412.8605215774278,51.61437683410218,-6.938527024298992,-7.045445394404239,0.10691837010524718,15642706.55,False,False,False,False,True,False,False,False,False
2026-05-04,1320.3637764370644,1330.8584338453763,1299.768965459656,1310.263622867968,25704325,1313.5103888581748,1320.4370884363836,1411.5523629698673,49.343365539351886,-5.970786347814965,-6.8305135850863845,0.8597272372714198,16266812.2,False,False,False,False,False,False,False,False,False
2026-05-05,1310.6883175636765,1330.100345676803,1303.8222110393467,1323.2342391524733,16741245,1313.5862956614287,1318.9063746973873,1410.3361526885624,54.18269416152593,-4.109848776901572,-6.286380623449423,2.176531846547851,16218209.15,False,False,False,False,False,False,True,False,False
2026-05-06,1311.700707465953,1318.5991625219397,1306.2389803037258,1313.1374353597125,20060693,1313.1056968452472,1317.3697174724666,1408.891147084547,50.165165190198515,-3.4104564096323884,-5.711195780686016,2.300739371053628,16650318.05,False,False,False,False,False,False,False,False,False
2026-05-07,1297.6063462903924,1307.2093339459943,1284.5626378541976,1294.1656255097996,11178760,1310.8648860716225,1315.2070823875792,1407.399506026402,43.62035380952685,-4.337054555387567,-5.436367535626327,1.0993129802387598,16114618.75,False,False,False,False,False,False,False,False,False
2026-05-08,1287.2843122347174,1289.3774289260573,1284.9971655466466,1287.0902822379865,8357904,1308.2146416592907,1312.5936157887968,1405.9332154658964,41.448516380124815,-5.578011488355969,-5.464696326172255,-0.11331516218371362,15739830.45,False,False,False,False,False,True,False,False,False
2026-05-11,1280.874243288595,1287.4664978866333,1266.6681058550346,1273.260360453073,11140583,1304.980394921994,1310.5680996831422,1404.5369240571326,37.51648345734926,-7.589945735052424,-5.889746207948289,-1.700199527104135,15502867.5,False,False,False,False,False,False,False,False,False
2026-05-12,1271.5833091846275,1281.0950060867342,1260.3061224288138,1269.8178193309204,18143257,1301.164734095814,1309.0415062378856,1403.3679129325715,36.58608665225933,-9.354371052207853,-6.582671176800202,-2.7716998754076503,15141957.75,False,False,False,False,False,False,False,False,False
2026-05-13,1275.3533776655054,1278.463743617103,1270.8972963798067,1274.0076623314044,19809405,1298.2608925819047,1307.4611467565908,1402.1994121617536,38.58246016462593,-10.295920550770006,-7.325321051594164,-2.970599499175842,15143601.45,False,False,False,False,False,False,False,False,False
2026-05-14,1295.6963145126472,1297.7227812709825,1295.2321932854356,1297.258660043771,24303089,1297.0276111026578,1306.8123220099094,1400.8973692411744,48.30791311221727,-9.061488909616855,-7.672554623198703,-1.3889342864181522,15311466.15,False,False,False,False,False,False,False,False,False
2026-05-15,1319.1779361584058,1320.5938765317896,1305.7244851407193,1307.140425514103,22796679,1297.2231635307405,1306.8475021229374,1399.8470044601193,51.80117768883232,-7.202787798149984,-7.57860125818896,0.37581346003897576,15837613.95,False,False,False,False,True,False,True,False,False
2026-05-18,1316.8025329508978,1318.178688187707,1302.4008105872206,1303.7769658240297,17252440,1296.94295482611,1306.845206859365,1398.714582744566,50.54902703881396,-5.932767611472173,-7.249434528845603,1.3166669173734302,15817949.7,False,False,False,False,False,False,False,False,False
2026-05-19,1312.1876130200164,1321.8472799253482,1292.3162666738767,1301.9759335792085,19331493,1296.5621341270676,1306.9742166618664,1397.8050389156615,49.85410226476377,-5.013799751280658,-6.802307573332614,1.7885078220519564,16246401.95,False,False,False,False,False,False,False,False,False
2026-05-20,1291.8029068086807,1311.1052244612697,1287.6258059997233,1306.9281236523123,5020119,1296.6919612324284,1307.3918596022645,1397.0269585432263,51.81561796072887,-3.8416268663668234,-6.2101714319394565,2.368544565572633,16011402.35,False,False,False,False,False,False,False,False,False
2026-05-21,1302.2782889190585,1307.5437439833706,1297.425810884342,1302.691265948654,6391538,1297.4976372285264,1307.919529512393,1396.2906572985346,50.013132820595004,-3.217461524160626,-5.611629450383691,2.394167926223065,16008185.65,False,False,False,False,False,False,False,False,False
2026-05-22,1292.196067632774,1296.385136902292,1286.7091050489128,1290.8981743184308,12872611,1297.6350976565925,1308.7137663362591,1395.594753648474,45.29047613636907,-3.6325363117473444,-5.215810822656422,1.583274510909078,15593295.8,False,False,False,False,False,False,False,False,False
2026-05-25,1292.2474959527572,1292.8874866473136,1289.3524068337115,1289.992397528268,11421589,1297.413346300046,1308.975755347473,1394.8556191616124,44.93947501093443,-3.9885966293081765,-4.970367983986773,0.9817713546785969,15610844.85,False,False,False,False,False,False,False,False,False
2026-05-26,1284.4980961663646,1302.9219322629144,1271.5104910184752,1289.934327115025,21193486,1297.1292009265028,1308.860365596821,1394.167550153541,44.915441583621174,-4.226739570569862,-4.821642301303392,0.59490273073353,15920926.8,False,False,False,False,False,False,False,False,False
2026-05-27,1299.9398041414765,1310.6599504662981,1285.522503978601,1296.2426503034226,14245678,1297.6155681120274,1308.9520760469716,1393.4714904744376,48.15888094731522,-3.8619227651270194,-4.629698394068118,0.7677756289410986,15998043.5,False,False,False,False,False,False,False,False,False
2026-05-28,1282.976430642593,1291.3209665172353,1277.6023984502772,1285.9469343249195,6160410,1296.6922696986253,1308.6015359023252,1392.7415654552826,43.64229015266689,-4.3533977931635945,-4.574438273887213,0.2210404807236186,15652460.2,False,False,False,False,False,False,False,False,False
2026-05-29,1273.25942176646,1280.5100847460542,1269.7352841003044,1276.9859470798986,13947658,1294.7374426237689,1307.5945933879827,1391.8603238810144,40.11586620952906,-5.403681794297199,-4.740286977969211,-0.6633948163279886,15303648.1,False,False,False,False,False,True,False,False,False
2026-06-01,1277.3785153213319,1279.2105671756776,1269.210647441751,1271.0426992960968,20275421,1292.7763964451756,1306.5549687575,1391.05905881411,37.92695747038507,-6.6390786919639595,-5.120045320768161,-1.5190333711957988,15032202.9,False,False,False,False,False,False,False,False,False
2026-06-02,1269.357014582967,1274.0015758316902,1262.56038909277,1267.2049503414933,26548879,1289.9749320046265,1305.1151399734035,1390.2409162175668,36.540448256425044,-7.837468443586431,-5.663529945331815,-2.173938498254616,15522584.6,False,False,False,False,False,False,False,False,False
2026-06-03,1261.8933174035487,1263.6591369694543,1259.8687146169125,1261.634534182818,14541243,1287.399786945782,1303.7610436634884,1389.336029342759,34.565252033183896,-9.131425595622659,-6.357109075389984,-2.7743165202326745,15246612.1,False,False,False,False,False,False,False,False,False
2026-06-04,1264.620977841695,1267.6788061316201,1264.0543765609023,1267.1122048508273,12366723,1286.0471159128333,1302.3544377668593,1388.5589929248433,38.10818205431057,-9.604182677455128,-7.006523795803014,-2.597658881652114,15306010.25,False,False,False,False,False,False,False,False,False
2026-06-05,1295.2521677700074,1305.0672502771897,1276.9583208696383,1286.7734033768206,16247579,1286.031271969775,1301.2686256974619,1387.9087391695105,48.81979589854794,-8.296712330065475,-7.264561502655507,-1.0321508274099678,15700494.0,False,False,False,False,False,False,False,False,False
2026-06-08,1280.3045660037646,1281.6079309187394,1279.4820307941575,1280.7853957091322,22333665,1286.4075237325778,1300.0958760781054,1387.197938944467,46.19741149481101,-7.6554673723528595,-7.342742676594979,-0.31272469575788087,16260148.1,False,False,False,False,False,False,False,False,False
2026-06-09,1272.3628225706616,1274.4894072321283,1271.2306042707187,1273.3571889321854,23531478,1286.5844922126412,1299.441105504862,1386.5691202662304,43.10422201121042,-7.6583891868660885,-7.405871978649201,-0.2525172082168874,16529559.15,False,False,False,False,False,False,False,False,False
2026-06-10,1281.305656301912,1284.9244543355978,1268.0565878827724,1271.6753859164583,11123086,1286.4678783918937,1298.687131022388,1385.9811640860496,42.411830514302274,-7.707564191664005,-7.466210421252162,-0.24135377041184292,16095243.2,False,False,False,False,False,False,False,False,False
2026-06-11,1264.4514842659198,1266.841871481343,1259.3466713207522,1261.7370585361755,19726620,1284.691798316514,1298.0792379511959,1385.3782021144973,38.47839759585439,-8.451057172292622,-7.663179771460255,-0.7878774008323663,15866419.75,False,False,False,False,False,False,False,False,False
2026-06-12,1267.974405805907,1278.2409534366823,1264.2276515677765,1274.4941991985518,15995500,1283.0594870007365,1297.5525538764296,1384.8194661338753,45.46954673918316,-7.919593931372901,-7.714462603442785,-0.20513132793011657,15526360.8,False,False,False,False,False,False,False,False,False
2026-06-15,1271.18753073462,1289.470035907895,1249.4215609090268,1267.7040660823018,9256634,1281.25584201365,1296.7642818638753,1384.1576743317412,42.68890179265184,-7.954616610223411,-7.762493404798911,-0.19212320542450012,15126570.5,False,False,False,False,False,False,False,False,False
2026-06-16,1304.5364695109886,1312.8911172670512,1303.1723660286048,1311.5270137846674,17216244,1281.733396023923,1296.560500077821,1383.7672691970229,59.78289977577964,-4.395557449473699,-7.089106213733869,2.6935487642601696,15020808.05,False,False,False,False,True,False,True,False,False
2026-06-17,1308.5456398523713,1311.7928426078483,1306.215828843784,1309.463031599261,16295817,1281.8601414212703,1296.294772476139,1383.3177475296047,58.89195672770954,-1.7216771138248532,-6.015620393752066,4.293943279927213,15584592.95,False,False,False,False,False,False,True,False,False
2026-06-18,1280.399307908174,1288.9211505539738,1273.3277423370612,1281.849584982861,10955377,1280.8180573729808,1295.1521273561507,1382.7044179547613,48.48192253330001,-1.8099184371881165,-5.174480002439276,3.36456156525116,15812784.9,False,False,False,False,False,False,False,False,False
2026-06-19,1293.0229885239116,1298.3496093849385,1289.5759146102257,1294.9025354712526,21793552,1281.0182754306218,1294.2482746558833,1382.1789185812754,52.73504759809168,-0.8171665183879213,-4.303017305629005,3.485850787241084,16258831.95,False,False,False,False,False,False,True,False,False
2026-06-22,1297.7074919244592,1311.0017818048611,1273.8503968814557,1287.1446867618577,8796838,1280.8758898923013,1293.2322624871404,1381.5502078420882,50.08836038130795,-0.6489167181587163,-3.5721971881349477,2.9232804699762314,16127594.4,False,False,False,False,False,False,False,False,False
2026-06-23,1277.7737901648823,1300.6338272058567,1266.1409085287153,1289.0009455696897,16161646,1280.8292208150344,1292.0896606814435,1380.8162920430127,50.725605443600166,-0.3616243860931263,-2.9300826277265837,2.5684582416334574,15876002.4,False,False,False,False,False,False,False,False,False
2026-06-24,1294.810878318188,1298.1464243652067,1285.3085009409817,1288.6440469880004,6145261,1280.4492906492633,1291.2208517690117,1380.1208559443442,50.59186083815539,-0.16088726764564854,-2.376243555710397,2.2153562880647484,15470981.55,False,False,False,False,False,False,False,False,False
2026-06-25,1297.944549608489,1307.7500943204632,1290.0203063243086,1299.8258510362828,11199846,1281.1432364848315,1290.7788829971632,1379.4867630365648,54.62819258014302,0.8902146411737704,-1.7229519163335634,2.6131665575073337,15722953.35,False,False,False,False,False,False,True,False,False
2026-06-26,1286.1467256613057,1287.2592036854094,1281.165560352188,1282.2780383762918,4700563,1281.4078410496513,1290.3598562256402,1378.7393562716263,48.000935034632775,0.3037571251650206,-1.3176101080338467,1.6213672331988673,15260598.6,False,False,False,False,False,False,False,False,False
2026-06-29,1282.634726595835,1303.971785738203,1267.2607579521468,1288.5978170945148,17475582,1282.285596939572,1289.9441897691975,1377.9517248098534,50.33766083797049,0.34496213572674606,-0.9850956592817282,1.3300577950084742,15120606.65,False,False,False,False,False,False,False,False,False
2026-06-30,1297.5818563189812,1304.3348121580236,1287.1470441609576,1293.9,19681924,1283.6203494224976,1289.6303428179965,1377.147925268778,52.27538592346361,0.7962802289321189,-0.6288204816389588,1.4251007105710776,14777258.9,False,False,False,False,False,False,True,False,False
