Date,Open,High,Low,Close,Volume,DMA20,DMA50,DMA200,RSI,MACD,MACD_Signal,MACD_Hist,Vol_Avg20,RSI_Oversold,RSI_Overbought,RSI_Bull_Cross,RSI_Bear_Cross,MACD_Bull_Cross,MACD_Bear_Cross,Above_DMA50,Golden_Cross,Death_Cross
2024-07-01,1219.1970815187806,1235.6676252120396,1198.3005767380107,1214.7711204312698,6584493,,,,50.0,0.0,0.0,0.0,,False,False,False,False,False,False,False,False,False
2024-07-02,1201.2826477930928,1215.5614233371468,1196.2298350412404,1210.5086105852945,8656328,,,,50.0,-0.3400292754624843,-0.06800585509249686,-0.27202342036998745,,False,False,False,False,False,False,False,False,False
2024-07-03,1216.7032675028063,1217.8922523478043,1213.9114436640673,1215.1004285090653,8756118,,,,50.0,-0.2362601352481306,-0.10165671112362362,-0.134603424124507,,False,False,False,False,False,False,False,False,False
2024-07-04,1222.9422216956248,1238.4803956996718,1207.5223247555796,1223.0604987596266,6436498,,,,50.0,0.4827242553949418,0.01521948218008945,0.46750477321485234,,False,False,False,False,True,False,False,False,False
2024-07-05,1228.4729765849843,1238.4657421495604,1216.5922944348201,1226.5850599993962,11933853,,,,50.0,1.321691563425702,0.276513898429212,1.0451776649964901,8473458.0,False,False,False,False,False,False,False,False,False
2024-07-08,1219.33938541312,1224.3491435298072,1213.2099672071288,1218.219725323816,11314304,1218.040907268078,,,50.0,1.2966199752163448,0.4805351137866386,0.8160848614297062,8946932.333333334,False,False,False,False,False,False,False,False,False
2024-07-09,1220.462436469664,1225.3001663860132,1219.0779086859304,1223.9156386022796,8966888,1218.8801546015354,,,50.0,1.7165755454113878,0.7277432001115884,0.9888323452997994,8949783.142857144,False,False,False,False,False,False,False,False,False
2024-07-10,1232.755299394694,1233.434985281977,1228.900418429779,1229.580104317062,14578243,1220.2176483159762,,,50.0,2.477904661183402,1.077775492325951,1.4001291688574509,9653340.625,False,False,False,False,False,False,False,False,False
2024-07-11,1233.4344166039025,1257.3126385469964,1212.5974611288627,1236.4756830719566,2545401,1222.0240966221963,,,50.0,3.5962240153990024,1.5814651969405613,2.014758818458441,8863569.555555556,False,False,False,False,False,False,False,False,False
2024-07-12,1221.3423530428004,1234.520158124774,1218.1710619489959,1231.3488670309696,5624680,1222.9565736630736,,,50.0,4.022440759558549,2.069660309464159,1.95278045009439,8539680.6,False,False,False,False,False,False,False,False,False
2024-07-15,1234.3695087568851,1236.5368899023629,1224.1706795186174,1226.338060664095,5618708,1223.2639815722575,,,50.0,3.9108090311628985,2.437890053803907,1.4729189773589915,8274137.636363637,False,False,False,False,False,False,False,False,False
2024-07-16,1222.1793004825915,1238.2610719921486,1205.054285907064,1221.136057416621,11554623,1223.0866545592878,,,50.0,3.3638060329783457,2.6230732496387947,0.740732783339551,8547511.416666666,False,False,False,False,False,False,False,False,False
2024-07-17,1225.2786252663266,1234.9407418191597,1219.3741013682213,1229.0362179210545,6099698,1223.5443132794235,,,50.0,3.527120692498329,2.8038827382107017,0.7232379542876273,8359218.076923077,False,False,False,False,False,False,False,False,False
2024-07-18,1207.9985464349077,1225.1338729439299,1195.937937868662,1213.0732643776842,4229202,1222.7963812150138,,,50.0,2.341480662252252,2.711402323019012,-0.36992166076676014,8064216.928571428,False,False,False,False,False,True,False,False,False
2024-07-19,1213.6305579559585,1225.2179702779915,1203.849838083176,1215.4372504052092,5854818,1222.30577249436,,,33.78639232134071,1.5744569522921665,2.484013248873643,-0.9095562965814765,7916923.666666667,False,False,False,False,False,False,False,False,False
2024-07-22,1207.2696635981051,1209.1292539415388,1192.6846954666005,1194.5442858100341,3514684,1220.5706795765896,1220.5706795765896,,26.407535352503444,-0.7111053175456163,1.8449895355897914,-2.5560948531354075,7641783.6875,True,False,False,False,False,False,False,False,False
2024-07-23,1188.6861303128921,1189.4509763718238,1181.976881329444,1182.7417273883757,6496988,1218.34544709493,1218.34544709493,,23.310415197942746,-3.4351988752139277,0.7889518534290477,-4.224150728642975,7574442.764705882,True,False,False,False,False,False,False,False,False
2024-07-24,1174.9713692567145,1191.4940497994721,1161.7683283657923,1178.2910089085499,7357536,1216.12020052902,1216.12020052902,,22.25064561435893,-5.8853557136558265,-0.5459096599879271,-5.339446053667899,7562392.388888889,True,False,False,False,False,False,False,False,False
2024-07-25,1249.9865324505674,1256.0504164137726,1247.8935090026234,1253.9573929658286,11646424,1218.1116317099047,1218.1116317099047,,57.56907934334275,-1.7018598564282001,-0.7770996992759818,-0.9247601571522184,7777341.421052632,False,False,True,False,False,False,True,False,False
2024-07-26,1288.752809808653,1291.6205410575149,1286.479450958458,1289.34718220732,10112678,1221.6734092347756,1221.6734092347756,,65.46975129832069,4.418319342788436,0.26198410913690184,4.156335233651534,7894108.25,False,False,False,False,True,False,True,False,False
2024-07-29,1229.0061178018475,1234.2330384015243,1228.5594243187868,1233.7863449184636,4308299,1222.6241704591353,1222.2502156959035,,49.793843137625366,4.730776773915068,1.1557426420925352,3.5750341318225325,7780298.55,False,False,False,False,False,False,True,False,False
2024-07-30,1259.2728683045793,1270.0119108838185,1254.6811676880573,1265.4202102672964,11765922,1225.3697504432353,1224.2124881764214,,56.22109188363821,7.445166848648796,2.4136274834037876,5.031539365245008,7935778.25,False,False,False,False,False,False,True,False,False
2024-07-31,1249.0453731741936,1253.123647497353,1244.9656336919807,1249.04390801514,805430,1227.0669244185387,1225.2921151259306,,52.475882140089084,8.180608843226537,3.5670237553683375,4.613585087858199,7538243.85,False,False,False,False,False,False,True,False,False
2024-08-01,1270.060004337403,1293.949972198496,1241.0804718788731,1264.9704397399662,10408260,1229.162421467556,1226.9453786515157,,55.57537532015104,9.934076083770833,4.840434221048836,5.093641862721997,7736831.95,False,False,False,False,False,False,True,False,False
2024-08-02,1264.2296564930011,1270.1621924667961,1257.0403187768477,1262.9728547506427,9741081,1230.9818112051184,1228.3864776954806,,55.09006597795188,11.035314850476198,6.079410346934309,4.9559045035418885,7627193.35,False,False,False,False,False,False,True,False,False
2024-08-05,1271.228608240689,1276.8987093822811,1271.1606812644015,1276.8307824059937,8675881,1233.912364059227,1230.2497201843466,,57.84054860078562,12.877825892618603,7.439093456071168,5.4387324365474345,7495272.2,False,False,False,False,False,False,True,False,False
2024-08-06,1289.9245344466894,1294.7882258757215,1284.8920454290267,1289.7557368580588,7502041,1237.2043689720163,1232.4536467278174,,60.283701618054764,15.205683321896231,8.992411429236181,6.21327189266005,7422029.85,False,False,False,False,False,False,True,False,False
2024-08-07,1284.5949499339122,1294.5824525871776,1277.6504247540947,1287.6379274073602,6526464,1240.107260126531,1234.424513894944,,59.67349107451229,16.68727704025582,10.53138455144011,6.155892488815711,7019440.9,False,False,False,False,False,False,True,False,False
2024-08-08,1291.7829984740779,1310.9969815985878,1287.3558448715899,1306.5698279960998,10156046,1243.611967372738,1236.912283346708,,63.25427888951898,19.168138524223195,12.258735345996728,6.9094031782264675,7399973.15,False,False,False,False,False,False,True,False,False
2024-08-09,1272.0838802725336,1278.8592537814116,1266.8299250501912,1273.605298559069,11157160,1245.7247889491432,1238.1353838537866,,54.22550255284142,18.263744022107176,13.459737081218819,4.804006940888357,7676597.15,False,False,False,False,False,False,True,False,False
2024-08-12,1277.7556209715528,1295.1256511207464,1272.382816975462,1289.7528471246555,10904103,1248.8955282721713,1239.8004633141372,,57.430872334863146,18.635162528278215,14.494822170630698,4.140340357647517,7940866.9,False,False,False,False,False,False,True,False,False
2024-08-13,1315.241242312393,1316.5194169327983,1306.022626027896,1307.3008006483012,8116886,1253.203765433755,1241.9098488558298,,60.65524999199251,20.11363015718439,15.618583767941438,4.495046389242951,7768980.05,False,False,False,False,False,False,True,False,False
2024-08-14,1303.9222956313663,1311.2829672046412,1286.2261714876288,1293.5868430609037,9563201,1256.4312966907478,1243.4758183771955,,57.0202746651645,19.948767663946,16.484620547142352,3.464147116803648,7942155.2,False,False,False,False,False,False,True,False,False
2024-08-15,1306.9685211591952,1307.9354547781254,1306.8164452594144,1307.7833788783446,11510436,1261.1668024157805,1245.3672172154647,,59.711897171543065,20.724752696971564,17.332646977108194,3.3921057198633697,8306216.9,False,False,False,False,False,False,True,False,False
2024-08-16,1310.4693734316709,1319.3542462737464,1296.219715524969,1305.1045883670445,12927482,1265.6501693138723,1247.073999248367,,58.96155305347693,20.88284597041229,18.042686775769013,2.8401591946432774,8659850.1,False,False,False,False,False,False,True,False,False
2024-08-19,1302.8526312301037,1307.594587334097,1301.2276393047844,1305.9695954087776,4140827,1271.2214347938095,1248.7099880306007,,59.14010411751932,20.837730481760218,18.601695516967254,2.236034964792964,8691157.25,False,False,False,False,False,False,True,False,False
2024-08-20,1333.7595753828648,1340.9063425656077,1324.9722451203174,1332.1190123030603,7804823,1278.6902990395438,1250.9642859839105,,64.20960360470838,22.65090994538855,19.411538402651516,3.2393715427370324,8756549.0,False,False,False,False,False,False,True,False,False
2024-08-21,1348.566921973289,1350.4827569715885,1339.148666340351,1341.0645013386504,6854402,1286.828973661049,1253.3353442827192,,65.77401353562186,24.526962383316686,20.43462319878455,4.092339184532136,8731392.3,False,False,False,False,False,False,True,False,False
2024-08-22,1362.9293244889277,1366.4281948533924,1347.231352222278,1350.7302225867427,6479401,1291.6676151420947,1255.8326488546174,,67.43058027988636,26.488349180591968,21.645368395146036,4.842980785445931,8473041.15,False,False,False,False,False,False,True,False,False
2024-08-23,1365.838468408324,1370.1093017916119,1357.229484940149,1361.5003183234369,9164709,1295.2752719479004,1258.474340591338,,69.2183626978647,28.582339645422962,23.032762645201423,5.549577000221539,8425642.7,False,False,False,False,False,False,True,False,False
2024-08-26,1352.2253870990667,1358.4884502930606,1348.0158181176998,1354.2788813116938,5896954,1301.299898767562,1260.8110367064685,,66.57939992033954,29.3211367477536,24.29043746571186,5.030699282041738,8505075.45,False,False,False,False,False,False,True,False,False
2024-08-27,1345.2961650777272,1352.1245520531143,1335.7487864138975,1342.5771733892846,6836075,1305.1577469236613,1262.7578494846307,,62.426143381048355,28.632352799954333,25.158820532560355,3.4735322673939777,8258583.1,False,False,False,False,False,False,True,False,False
2024-08-28,1352.4266467636571,1362.7675955395882,1342.5439622032561,1352.8849109791872,9262409,1310.3497970718638,1264.8538276589227,,64.52539835932438,28.588682303295172,25.844792886707317,2.743889416587855,8681432.05,False,False,False,False,False,False,True,False,False
2024-08-29,1329.2971104603046,1337.9032635423384,1326.0724950077174,1334.6786480897513,3440549,1313.8352074893528,1266.4407553959873,,58.32684889532821,26.776319121817778,26.031098133729408,0.74522098808837,8333046.5,False,False,False,False,False,False,True,False,False
2024-08-30,1312.033372177655,1321.1912952324462,1296.0668796735051,1305.2248027282963,11365474,1315.9478048882356,1267.302623114483,,49.964524485895495,22.701638718642698,25.365206250712067,-2.6635675320693686,8414266.15,False,False,False,False,False,True,True,False,False
2024-09-02,1298.3103475880598,1307.766133109092,1288.069317688454,1297.5251032094861,10782336,1316.9825209284104,1267.9596335513309,,48.02608545964471,18.63629611957049,24.01942422448375,-5.383128104913261,8519588.9,False,False,False,False,False,False,True,False,False
2024-09-03,1287.9489488998895,1290.6444333743107,1285.8170615365225,1288.5125460109437,8132161,1316.9203613860543,1268.3969295611098,,45.786897533606044,14.519868766914442,22.11951313296989,-7.599644366055447,8551094.9,False,False,False,False,False,False,True,False,False
2024-09-04,1264.5611379728623,1286.1701220931668,1259.0367917967978,1280.6457759171024,14093359,1316.5707538115416,1268.652113860193,,43.86443026346579,10.501730420259946,19.7959565904279,-9.294226170167953,8929439.65,False,False,False,False,False,False,True,False,False
2024-09-05,1282.4624861531695,1294.617853579486,1268.5054468471938,1280.6608142735104,9209745,1315.2753031254122,1268.897189378832,,43.86928210862925,7.235138132420843,17.283792898826487,-10.048654766405644,8882124.6,False,False,False,False,False,False,True,False,False
2024-09-06,1286.496554812871,1288.4506168013922,1282.5074239214496,1284.4614859099709,9176252,1315.8181124929574,1269.2084753094548,,45.159360115243494,4.896577944772616,14.806349908015715,-9.909771963243099,8783079.2,False,False,False,False,False,False,True,False,False
2024-09-09,1285.7183448652313,1303.0421529810933,1279.6520804915388,1296.9758886074007,7588479,1316.1792645670944,1270.8525706729774,,49.291989027613376,4.006871141768897,12.646454154766353,-8.639583012997456,8617298.0,False,False,False,False,False,False,True,False,False
2024-09-10,1297.8011245390003,1299.3441276119452,1293.8717813795174,1295.4147844524623,6372287,1315.5849637573024,1272.5506941503209,,48.79798304876931,3.13961253284765,10.745085830382612,-7.605473297534962,8530068.05,False,False,False,False,False,False,True,False,False
2024-09-11,1281.5736017040629,1293.5787783706623,1279.4531002508259,1291.4582769174253,8109115,1315.4785354501287,1274.077851118488,,47.49870403611682,2.1087385198397897,9.017816368274048,-6.909077848434258,8457363.75,False,False,False,False,False,False,True,False,False
2024-09-12,1280.967030402323,1290.1282870810558,1276.1901879337174,1285.3514446124502,6109211,1314.3569387368339,1275.3236700355444,,45.48561358151259,0.7898877728430307,7.372230649187844,-6.582342876344813,8187302.5,False,False,False,False,False,False,True,False,False
2024-09-13,1297.3940000496018,1297.9039358013051,1285.333263799179,1285.8431995508822,8691228,1313.393869296026,1276.5088328265742,,45.6852394494864,-0.2131731053320891,5.855149898283858,-6.068323003615947,7975489.8,False,False,False,False,False,False,True,False,False
2024-09-16,1282.5920427408234,1293.8565458196128,1274.8897909064838,1286.1542939852732,91524,1312.4031042248505,1277.8675241998035,,45.82040612408165,-0.9718010395592955,4.489759710715227,-5.461560750274523,7773024.65,False,False,False,False,False,False,True,False,False
2024-09-17,1296.3581287346244,1298.6233594291734,1288.1815704457247,1290.4468011402737,1740372,1310.3194936667112,1279.1981474505633,,47.7524679114765,-1.2126707757824988,3.3492736134156824,-4.561944389198182,7469802.1,False,False,False,False,False,False,True,False,False
2024-09-18,1279.7214171669834,1289.750198875103,1275.8671988298704,1285.89598053799,6914801,1307.561067626678,1280.3244649749818,,45.88431306388392,-1.7505951952186933,2.3292998516888073,-4.079895046907501,7472822.05,False,False,False,False,False,False,True,False,False
2024-09-19,1270.8923340569422,1287.37514390813,1260.1502333364517,1276.6330431876395,2918343,1303.856208656723,1281.1276121772953,,42.260272597295646,-2.8910199256285978,1.2852358962253265,-4.176255821853925,7294769.15,False,False,False,False,False,False,False,False,False
2024-09-20,1281.7325273589063,1298.0977372285686,1265.4751336648287,1281.840343534491,7257529,1299.8732099172757,1282.137441707366,,44.895189374263275,-3.3361718100968574,0.3609543549608898,-3.697126165057747,7199410.15,False,False,False,False,False,False,False,False,False
2024-09-23,1272.2461195257752,1297.5365758652301,1254.6214538308554,1279.9119101703104,11448707,1296.1548613602067,1283.2089186974904,,44.09270677125592,-3.8007536197421814,-0.4713872399797245,-3.329366379762457,7476997.8,False,False,False,False,False,False,False,False,False
2024-09-24,1273.1481911205403,1292.0833986179987,1262.8464557113027,1281.781663208761,4236220,1293.1150858511805,1284.421830813333,,45.11703161264505,-3.972274696941213,-1.171564731372022,-2.8007099655691907,7347005.05,False,False,False,False,False,False,False,False,False
2024-09-25,1270.1268334422302,1281.4087604519873,1263.39073396892,1274.672660978677,6217269,1289.204473351155,1285.3345596744853,,41.96854238990446,-4.628489112566058,-1.8629496076108294,-2.7655395049552283,7194748.05,False,False,False,False,False,False,False,False,False
2024-09-26,1268.51266506754,1278.0339138139716,1267.0395750905316,1276.5608238369632,9311128,1286.2985821385155,1286.6043108636711,,43.10422555830534,-4.939248223148752,-2.478209330718414,-2.461038892430338,7488277.0,False,False,False,False,False,False,False,False,False
2024-09-27,1284.4384624268855,1290.0317562917646,1284.2491479939565,1289.8424418588356,4999120,1285.5294640950424,1288.0924146927437,,50.4499410618566,-4.066930439402768,-2.795953552455285,-1.2709768869474827,7169959.3,False,False,False,False,False,False,True,False,False
2024-09-30,1275.3310052231209,1292.954414938118,1265.38874382842,1283.012153543417,10017352,1284.803816611739,1289.8617720474113,1273.0639314484242,47.08332240527294,-3.8820100990724313,-3.013164861778715,-0.8688452372937165,7131710.1,False,False,False,False,False,False,False,False,False
2024-10-01,1280.2760018605697,1291.1923394601258,1278.5791959311211,1289.4955335306772,11223499,1284.8529659877258,1291.9968481702572,1273.3091792406965,50.46252516048477,-3.175697353686701,-3.0456713601603123,-0.13002599352638855,7286277.0,False,False,False,False,False,False,False,False,False
2024-10-02,1292.2145586874458,1294.9263878852362,1287.6145972952884,1290.3264264930788,9888415,1285.3369985165245,1294.237556521948,1273.559432876761,50.8953108931522,-2.519846079205081,-2.9405063039692663,0.4206602247641853,7076029.8,False,False,False,False,True,False,False,False,False
2024-10-03,1286.2717832752105,1292.6334529962774,1280.63531102461,1286.9969807456769,1753850,1285.6538068401328,1294.8983482775448,1273.754179947325,49.04622862425231,-2.242883105210467,-2.8009816642175065,0.5580985590070395,6703235.05,False,False,False,False,False,False,False,False,False
2024-10-04,1277.521333693512,1296.047580953182,1266.296579015089,1284.822826274759,15623261,1285.6718738583722,1294.8078611588937,1273.9123034662882,47.82434284227754,-2.1737662246300715,-2.6755385763000197,0.5017723516699482,7025585.5,False,False,False,False,False,False,False,False,False
2024-10-07,1290.44447203084,1296.5389513538903,1287.680945075385,1293.7754243984352,8138012,1285.5118506479241,1296.007642748493,1274.1920657329383,53.01505656737828,-1.3806751861088742,-2.416565898261791,1.0358907121529168,7053062.15,False,False,False,False,False,False,False,False,False
2024-10-08,1303.6371446778594,1309.9222195586115,1296.0443991839377,1302.3294740646897,13235551,1285.8575851285354,1296.745828024441,1274.5828630708793,57.378189134599126,-0.06119904082993344,-1.9454925267754195,1.884293485945486,7396225.35,False,False,False,False,False,False,True,False,False
2024-10-09,1281.44627557262,1297.5018244587548,1271.445244840978,1287.5007937271128,9752948,1285.6597109690197,1297.5149657386803,1274.7598210250744,48.90065086634797,-0.20963867996692898,-1.5983217574137216,1.3886830774467926,7478417.0,False,False,False,False,False,False,False,False,False
2024-10-10,1289.4203069441644,1303.733697378407,1280.4834627071555,1294.796853141398,9482985,1286.1319813954672,1298.1114940067089,1275.030591729349,52.610653224369905,0.25847333586557397,-1.2269627387578625,1.4854360746234365,7647105.7,False,False,False,False,False,False,False,False,False
2024-10-11,1287.2113831151114,1290.4522110794146,1281.5939302766053,1284.8347582409085,7214066,1286.0815593299683,1298.5487320765142,1275.161313949503,47.53576690656303,-0.17241482995564184,-1.0160531569974185,0.8436383270417767,7573247.6,False,False,False,False,False,False,False,False,False
2024-10-14,1273.797252507774,1279.0583979652356,1273.399691070826,1278.6608365282877,6204276,1285.7068864571193,1298.58533315896,1275.2073602992239,44.66054250711395,-1.0005470072615026,-1.0129519270502354,0.012404919788732816,7878885.2,False,False,False,False,False,False,False,False,False
2024-10-15,1274.8232600338981,1283.1602086625026,1266.4899895029932,1274.8269381315977,7829776,1284.9258933066853,1298.2867571844308,1275.2024197515925,42.92426833096708,-1.9438043173395272,-1.1991224051080938,-0.7446819122314334,8183355.4,False,False,False,False,False,True,False,False,False
2024-10-16,1278.5591261304892,1286.3397178390396,1270.8204897449239,1278.6010814534743,9615961,1284.5611483524594,1298.1060202653532,1275.245992337514,45.18353656979753,-2.3596006990762817,-1.4312180639017313,-0.9283826351745503,8318413.4,False,False,False,False,False,False,False,False,False
2024-10-17,1272.5816801834815,1283.4153242184984,1257.4887884451866,1268.3224324802036,5728796,1284.1456178170877,1297.3410723550353,1275.1583523393201,40.48354407555042,-3.478426264411837,-1.8406597040037527,-1.6377665604080844,8458936.05,False,False,False,False,False,False,False,False,False
2024-10-18,1248.4249471291812,1261.4838028404738,1236.088951477662,1249.1478071889546,7471623,1282.510990999811,1296.851922527633,1274.8332205249405,33.48586528001513,-5.844958553770084,-2.641519473957019,-3.203439079813065,8469640.75,False,False,False,False,False,False,False,False,False
2024-10-21,1246.8654315475967,1261.9619863519476,1239.3636681597727,1254.4602229641237,10884458,1281.2384066395018,1296.1460700444225,1274.5817020365355,36.74798359640394,-7.208687624008235,-3.5549531039672626,-3.653734520040972,8441428.3,False,False,False,False,False,False,False,False,False
2024-10-22,1257.409382606316,1263.9921622467043,1246.3810563999803,1252.9638360403685,6244329,1279.7975152810818,1295.0593307522638,1274.318069524387,36.209289401929716,-8.314355936500078,-4.506833670473826,-3.807522266026252,8541833.75,False,False,False,False,False,False,False,False,False
2024-10-23,1223.8327571240256,1239.352537941859,1217.9467743833538,1233.4665552011872,5019206,1277.7372099922075,1293.8569249950694,1273.8258826048304,30.031883034609777,-10.641208431333098,-5.733708622645681,-4.907499808687417,8481930.6,False,False,False,False,False,False,False,False,False
2024-10-24,1237.7790667643271,1242.5317262374372,1235.3787203204142,1240.1313797935243,8014149,1275.9157377900356,1292.503885013373,1273.4247575713625,34.16647484521805,-11.811306761157084,-6.9492282503479625,-4.862078510809122,8417081.65,False,False,False,False,False,False,False,False,False
2024-10-25,1239.4571552309594,1247.026492174297,1234.624783355084,1242.1941202984215,13751974,1273.5333217120146,1291.2456756520005,1273.0573383093279,35.43807186740341,-12.428899580302186,-8.045162516338808,-4.383737063963379,8854724.35,False,False,False,False,False,False,False,False,False
2024-10-28,1264.9047659747714,1268.2070056905034,1261.4356573367204,1264.7378970524524,4908332,1272.6196088874667,1290.421041684874,1272.9606006202946,47.39671754505915,-10.97276475930721,-8.63068296493249,-2.342081794374721,8599273.35,False,False,False,False,False,False,False,False,False
2024-10-29,1261.2894877470474,1267.3167318600813,1258.9397207460654,1264.9669648590993,10578501,1271.3931804538875,1289.0780007359947,1272.8687197494762,47.50312230252566,-9.68859942199424,-8.84226625634484,-0.8463331656493995,8567023.45,False,False,False,False,False,False,False,False,False
2024-10-30,1267.1029938780034,1272.4206468646107,1259.207059566862,1264.5247125534693,4226848,1270.1030947569072,1287.5472049602913,1272.773901485885,47.3041748401645,-8.607354975009912,-8.795284000077856,0.18792902506794462,8283945.1,False,False,False,False,True,False,False,False,False
2024-10-31,1234.5966216197378,1240.0743296878006,1233.034014602209,1238.5117226702719,11360725,1267.678831853137,1285.3028349619617,1272.388933184586,37.386029973053326,-9.73724692346832,-8.98367658475595,-0.75357033871237,8764288.85,False,False,False,False,False,True,False,False,False
2024-11-01,1251.6333179648432,1259.8292976945236,1237.280683382765,1245.4766631124453,13055464,1265.7115236950212,1282.982361857742,1272.0899079615624,40.95564342046409,-9.955916341563352,-9.17812453611743,-0.7777918054459221,8635899.0,False,False,False,False,False,False,False,False,False
2024-11-04,1224.2222157263898,1228.5876275806038,1222.8323464909638,1227.1977583451778,6318647,1262.3826403923583,1280.4407393984116,1271.5965876361076,35.27233071556469,-11.471927048381758,-9.636885038570295,-1.8350420098114633,8544930.75,False,False,False,False,False,False,False,False,False
2024-11-05,1209.6351335066427,1213.504987620709,1199.2828375280449,1203.1526916421112,9747039,1257.4238012712294,1277.652249763468,1270.8526322448686,29.47752014890098,-14.447075492448676,-10.598923129345971,-3.848152363102704,8370505.15,True,False,False,False,False,False,False,False,False
2024-11-06,1202.4089267595016,1216.6580283144763,1191.7635529916352,1206.0126545466098,9234067,1253.3493943122044,1274.7148046348166,1270.155428183597,30.930994543595787,-16.385248024706925,-11.756188108418163,-4.629059916288762,8344561.1,False,False,True,False,False,False,False,False,False
2024-11-07,1210.030634979611,1213.31957185789,1204.7849337764037,1208.0738706546827,7414426,1249.0132451878685,1272.1827090861152,1269.4949860822255,32.018467761207376,-17.55260529891234,-12.915471546516999,-4.637133752395341,8241133.15,False,False,False,False,False,False,False,False,False
2024-11-08,1207.8437803881882,1216.3985896525433,1201.0408421130587,1209.5956513774138,9062121,1245.2512898446937,1270.2701260590977,1268.8644667695432,32.85896565384209,-18.14577615069129,-13.961532467351857,-4.184243683339433,8333535.9,False,False,False,False,False,False,False,False,False
2024-11-11,1203.96075303492,1225.841762045247,1199.07353669661,1220.954545706937,10771449,1242.3659753036263,1268.7387149090466,1268.3654050918078,38.928468956752496,-17.49759905214364,-14.668745784310214,-2.828853267833427,8561894.55,False,False,False,False,False,False,False,False,False
2024-11-12,1209.030303644751,1225.7513584070882,1197.5932150970018,1214.314269859339,9838005,1239.3403418900132,1267.2547493860145,1267.808176893535,36.83228893074186,-17.32007376845013,-15.199011381138199,-2.1210623873119303,8662306.0,False,False,False,False,False,False,False,False,True
2024-11-13,1238.1446549584668,1253.2692740917807,1216.9961143156631,1232.120733448977,4977973,1237.0163244897885,1266.284248536652,1267.444019307366,45.33312670157176,-15.563148615745376,-15.271838828059634,-0.29130978768574245,8430406.6,False,False,False,False,False,False,False,False,False
2024-11-14,1228.5753731950037,1235.4463268280363,1220.6586683217217,1227.5296219547542,9654993,1234.976683963516,1265.2216246902767,1267.0408435765314,43.7001703911643,-14.375524998598394,-15.092576062167385,0.7170510635689915,8626716.45,False,False,False,False,True,False,False,False,False
2024-11-15,1237.6837740494918,1238.915627420686,1232.7883053028456,1234.0201586740397,12740380,1234.2203015377702,1264.2127981455583,1266.7106367275064,46.627195000918995,-12.763463395037888,-14.626753528741487,1.8632901337035985,8890154.3,False,False,False,False,False,False,False,False,False
2024-11-18,1258.0904860645155,1261.7534801965994,1252.223547488025,1255.8865416201088,6393462,1234.2916174705695,1263.3910112058124,1266.6034674690175,55.09703709844656,-9.61067274817401,-13.623537372627993,4.012864624453982,8665604.5,False,False,False,False,False,False,False,False,False
2024-11-19,1273.863886506715,1280.7680255084992,1256.761392055343,1263.6655310571273,11429519,1234.8267022214075,1262.7560261379058,1266.5746641708618,57.67056383963893,-6.410468123909595,-12.180923522884314,5.770455398974718,8924864.0,False,False,False,False,False,False,True,False,False
2024-11-20,1254.9396124643158,1262.638870151471,1238.188449567809,1245.8877072549642,7199029,1235.4477598240965,1261.8446147446564,1266.3738199289598,50.54136463981562,-5.248305509357124,-10.794399920178877,5.546094410821754,9033855.15,False,False,False,False,False,False,False,False,False
2024-11-21,1236.0226922792835,1252.6247212011936,1228.13922097408,1244.74124989599,11614019,1235.6782533292196,1261.0324108503273,1266.1658144478736,50.11115026629461,-4.369424782895521,-9.509404892722207,5.139980109826686,9213848.65,False,False,False,False,False,False,False,False,False
2024-11-22,1219.6536487072335,1229.51935482486,1217.299003285577,1227.1647094032037,7811579,1234.9267827844585,1259.8588410473737,1265.79437535221,43.93636010649996,-5.033166192837143,-8.614157152745195,3.5809909599080516,8916828.9,False,False,False,False,False,False,False,False,False
2024-11-25,1202.0185563992543,1204.4825939909247,1195.8702158600329,1198.3342534517033,8031295,1231.6066006044211,1258.1024402367023,1265.1579591078655,36.08243932076888,-7.795698926753175,-8.450465507546792,0.6547665807936163,9072977.05,False,False,False,False,False,False,False,False,False
2024-11-26,1211.531302824801,1213.4065034891848,1200.4055120969888,1202.2807127613726,7619461,1228.472287999535,1256.3391184691243,1264.5703212915432,37.723510311168326,-9.556419284158665,-8.671656262869167,-0.8847630212894977,8925025.05,False,False,False,False,False,True,False,False,False
2024-11-27,1213.0039338012377,1219.2814726039528,1209.4372443497864,1215.7147831525015,8854352,1226.0317915294866,1254.9354945214145,1264.1179551976632,43.08086207874797,-9.75533224768651,-8.888391459832636,-0.8669407878538742,9156400.25,False,False,False,False,False,False,False,False,False
2024-11-28,1220.5228831746974,1232.6681427413819,1216.9630775588803,1229.1083371255647,6597588,1225.5616222522513,1253.985000400173,1263.7967660410384,47.89357758811515,-8.731572204192616,-8.857027608704632,0.12545540451201553,8918243.4,False,False,False,False,True,False,False,False,False
2024-11-29,1273.9772875153867,1276.1697122143642,1273.9027197325074,1276.0951444314849,4436584,1227.0925463182032,1253.8700964181128,1263.9085694809517,60.5088458558335,-4.081740565037535,-7.901970199971213,3.8202296349336784,8487299.4,False,False,False,False,False,False,True,False,False
2024-12-02,1294.5654021003525,1314.922811740055,1284.3172020930263,1304.6746117327289,7146596,1230.9663889875806,1254.3653504493614,1264.2758311228597,65.91438745904217,1.8876490288730565,-5.944046354202359,7.831695383075416,8528696.85,False,False,False,False,False,False,True,False,False
2024-12-03,1284.5546880044649,1288.2820488456898,1279.247440406366,1282.974801247591,5297006,1234.9574944678548,1254.389213210138,1264.442786213259,59.279543228939886,4.811970534930197,-3.792842976375848,8.604813511306045,8306195.2,False,False,False,False,False,False,True,False,False
2024-12-04,1315.7343453400347,1319.5509478668616,1314.7479089543783,1318.5645114812053,10487472,1240.5850873145844,1255.2670502201886,1264.9217395342143,65.42634249233932,9.887333550791027,-1.056807670942473,10.9441412217335,8368865.45,False,False,False,False,False,False,True,False,False
2024-12-05,1302.1091764627479,1307.8129703073537,1297.8439606039772,1303.547754448583,11250422,1245.3587815042797,1255.8067888324208,1265.2605642264455,61.22668818048866,12.55316346032123,1.6651865553102678,10.887976905010962,8560665.25,False,False,False,False,False,False,True,False,False
2024-12-06,1271.004567369134,1274.3050620158074,1270.1206229324343,1273.4211175791077,8920085,1248.550054814364,1255.4783623468263,1265.3315255599468,53.769786831740596,12.095456163837753,3.7512404770157652,8.344215686821988,8553563.45,False,False,False,False,False,False,True,False,False
2024-12-09,1259.1674782226366,1264.6205923665966,1254.7792763571188,1260.2323905010787,3827438,1250.5139470540712,1255.0227670859795,1265.2875674990944,50.850035905899965,10.546921436278808,5.1103766688683745,5.4365447674104335,8206362.9,False,False,False,False,False,False,True,False,False
2024-12-10,1227.3733479887849,1235.3093251253342,1225.4104101350092,1233.3463872715586,10619965,1251.4655529246822,1253.899784160797,1265.0145659586883,45.43383310920444,7.068736746106879,5.502048684316076,1.5666880617908028,8245460.9,False,False,False,False,False,False,False,False,False
2024-12-11,1279.0873211963356,1294.609888278937,1252.3720988725095,1267.894665955111,10779224,1253.2542495499888,1253.4511489500378,1265.0389735857768,52.44351418761624,7.019095909519365,5.805458129356734,1.2136377801626308,8535523.45,False,False,False,False,False,False,True,False,False
2024-12-12,1244.2099083143264,1251.7262617265292,1237.6231699895857,1245.1395234017884,6913583,1254.1347446223406,1252.61399980316,1264.8717513153229,48.0639388598777,5.084988772218367,5.661364257929061,-0.5763754857106944,8398452.95,False,False,False,False,False,True,False,False,False
2024-12-13,1267.6151768383759,1268.2509018697974,1255.7887444904163,1256.4244695218379,7516479,1255.2549601647306,1252.0460326681016,1264.8013573003773,50.281437641285315,4.411937699610689,5.411478946265387,-0.9995412466546973,8137257.9,False,False,False,False,False,False,True,False,False
2024-12-16,1263.7987766924882,1267.0524939712357,1256.9563866727194,1260.2101039514669,6899771,1255.4711382812984,1251.3747262591623,1264.7634130578242,51.036684734725185,4.1363279225849965,5.156448741529308,-1.0201208189443118,8162573.35,False,False,False,False,False,False,True,False,False
2024-12-17,1277.2209053179956,1284.0594827178563,1271.562804648777,1278.4013820486377,6621201,1256.207930830874,1250.8961644188412,1264.8751996888964,54.605186837246634,5.324412783976413,5.190041550018729,0.13437123395768413,7922157.45,False,False,False,False,True,False,True,False,False
2024-12-18,1261.4154878527559,1267.3983664083178,1252.5032811811254,1258.4861597366873,7999332,1256.83785345496,1250.3158717390327,1264.823256274651,50.284471449038726,4.60589272987977,5.073211785990937,-0.4673190561111671,7962172.6,False,False,False,False,False,True,True,False,False
2024-12-19,1238.0570321086075,1253.6314801978724,1234.2104159658602,1249.7848640551251,10051266,1257.090034162917,1249.4156319573071,1264.7019789180417,48.47952801208106,3.2963404082850047,4.717837510449751,-1.4214971021647465,7884034.95,False,False,False,False,False,False,True,False,False
2024-12-20,1235.9723736662954,1243.9077670120107,1230.4880059505945,1238.4233992963098,7587663,1257.6529686575723,1248.487404778415,1264.491750281068,46.1501605456237,1.3264450711953941,4.03955902259888,-2.7131139514034857,7872839.15,False,False,False,False,False,False,False,False,False
2024-12-23,1221.9708520360464,1233.0494522175122,1207.952972342234,1219.0315725236999,3200152,1258.687834611172,1247.2948194983235,1264.1309552195016,42.40503699448341,-1.7789627567751722,2.875854666724069,-4.654817423499241,7631282.0,False,False,False,False,False,False,False,False,False
2024-12-24,1221.5422502995038,1232.2715453380702,1216.2439563551195,1226.9732513936858,10514017,1259.9224615427877,1246.3377457635654,1263.8383748744163,44.3951772146103,-3.5581772676159744,1.5890482798560606,-5.1472255474720345,7776009.8,False,False,False,False,False,False,False,False,False
2024-12-25,1198.5695525494507,1211.818038249417,1190.27002450215,1203.5185102021162,10943577,1259.3126478952686,1244.836094338538,1263.367125931664,39.999217762491725,-6.782633207145182,-0.08528801754418791,-6.697345189600994,7880471.05,False,False,False,False,False,False,False,False,False
2024-12-26,1210.3410771041404,1219.6960900068048,1208.4473511913288,1217.8023640939932,9802770,1258.7473492436898,1243.8256929708139,1263.01391072362,43.658102990934644,-8.09216865321173,-1.6866641446776962,-6.405504508534033,8040730.15,False,False,False,False,False,False,False,False,False
2024-12-27,1212.2507578777654,1214.3330964548777,1208.7582919709969,1210.8406305481092,7893481,1255.484623549521,1243.059549437997,1262.6125777991929,42.30406558410009,-9.581291480391656,-3.2655896118204883,-6.315701868571168,8213575.0,False,False,False,False,False,False,False,False,False
2024-12-30,1165.6918262723239,1181.924118178888,1165.46781164981,1181.7001035563742,8367067,1249.3358981407034,1241.604347049842,1261.994925324057,37.115096499156444,-12.963395090994254,-5.205150707655242,-7.7582443833390125,8274598.55,False,False,False,False,False,False,False,False,False
2024-12-31,1170.0947514196407,1172.4999017108669,1166.0667974339099,1168.471947725136,8939483,1243.6107554645805,1239.9145092835374,1261.2864179180046,35.015454147833125,-16.520697871126686,-7.46826014034953,-9.052437730777156,8456722.4,False,False,False,False,False,False,False,False,False
2025-01-01,1204.4291576206904,1208.8511670494695,1200.0307972535813,1204.4528066823605,10179183,1237.9051702246384,1239.3342343131608,1260.859097532774,44.25330165665882,-16.2492204416385,-9.224452200607324,-7.024768241031175,8441307.95,False,False,False,False,False,False,False,False,False
2025-01-02,1229.3310726274206,1230.8199463363662,1224.4158834057307,1225.9047571146764,10940433,1234.0230203579429,1239.0497018595838,1260.598244246072,48.91588409592821,-14.140081447391367,-10.207578049964134,-3.932503397427233,8425808.5,False,False,False,False,False,False,False,False,False
2025-01-03,1185.0111864969658,1217.3966374900667,1163.236550369572,1195.6220013626728,10403270,1230.1330645471212,1238.1182594808688,1260.116938743232,43.39779927643618,-14.742199999666582,-11.114502439904625,-3.627697559761957,8499967.75,False,False,False,False,False,False,False,False,False
2025-01-06,1202.7669435979396,1204.4187827189378,1202.0979404276034,1203.7497795486015,11594401,1227.3089339994974,1236.8984971307918,1259.7024743373893,45.185102359288116,-14.397573255139605,-11.771116602951622,-2.626456652187983,8888315.9,False,False,False,False,False,False,False,False,False
2025-01-07,1187.6721222191795,1196.025547030737,1178.537146052448,1186.8905708640054,8734863,1224.9861431791198,1235.33696925089,1259.171000589408,42.20789804844583,-15.308385777655758,-12.47857043789245,-2.8298153397633072,8794060.8,False,False,False,False,False,False,False,False,False
2025-01-08,1201.8313853627683,1204.7049829222951,1200.193297381826,1203.0668949413528,5009376,1221.7447546284318,1234.1078128986476,1258.764449099205,45.891766077202526,-14.557111778839726,-12.894278706081906,-1.6628330727578202,8505568.4,False,False,False,False,False,False,False,False,False
2025-01-09,1205.819548061709,1228.542209052765,1178.3189627040638,1201.0416236951198,8007544,1219.5398596430982,1233.3584109191445,1258.3491769739956,45.50070754626083,-13.964173881702436,-13.108257741206014,-0.8559161404964222,8560266.45,False,False,False,False,False,False,False,False,False
2025-01-10,1186.890430031633,1192.6476513198236,1186.0560594396775,1191.813280727868,4778593,1216.3093002034,1232.285143271453,1257.8739205722377,43.6744595768504,-14.076649624846368,-13.301936117934087,-0.7747135069122812,8423372.15,False,False,False,False,False,False,False,False,False
2025-01-13,1206.2931691188435,1212.4177689851667,1190.265269988975,1196.3898698552982,8310764,1213.1182884985915,1231.6689855016555,1257.4378634749544,44.85651725702162,-13.63926995332804,-13.369402885012878,-0.26986706831516116,8493921.8,False,False,False,False,False,False,False,False,False
2025-01-14,1193.0154829563576,1193.446239511316,1191.4411540515912,1191.8719106065496,9369419,1208.7918149264872,1231.4433698809441,1256.976131412501,43.87756637542307,-13.501567302285821,-13.395835768467467,-0.10573153381835354,8631332.7,False,False,False,False,False,False,False,False,False
2025-01-15,1179.8319363995997,1187.2477472400628,1179.5090101067099,1186.924820947173,7756475,1205.2137479870114,1231.0616132089554,1256.4862621085476,42.77669956211249,-13.634456225980102,-13.443559859969994,-0.19089636601010795,8619189.85,False,False,False,False,False,False,False,False,False
2025-01-16,1170.0499466708936,1179.2545426862334,1168.6538652598615,1177.8584612752013,11162025,1201.6174278480153,1230.4573050213658,1255.9402357138715,40.758437217830405,-14.306435428051827,-13.616134973586362,-0.690300454465465,8674727.8,False,False,False,False,False,False,False,False,False
2025-01-17,1176.9449203736497,1187.2404182919581,1157.7724669566023,1168.0679648749108,7497028,1198.0996561269453,1229.6267512913157,1255.3342200529132,38.63838868819416,-15.45088681855259,-13.983085342579608,-1.4678014759729816,8670196.05,False,False,False,False,False,False,False,False,False
2025-01-20,1164.5164520810015,1168.1783610384205,1161.6504717337552,1165.3123806911742,9207568,1195.4136965353189,1228.5139079910007,1254.7176321120794,38.03867044226947,-16.391276967435942,-14.464723667550876,-1.9265532998850663,8970566.85,False,False,False,False,False,False,False,False,False
2025-01-21,1187.458527682706,1194.5864744905916,1172.2385872402992,1179.3665340481848,13200286,1193.0333606680438,1227.8149532747773,1254.2050396082432,42.906037812254205,-15.820125654264757,-14.735804064893653,-1.084321589371104,9104880.3,False,False,False,False,False,False,False,False,False
2025-01-22,1171.6463449713592,1188.0869124399987,1160.3381793056494,1176.778746774289,4521062,1191.6963724966524,1226.7081135412836,1253.6818889809867,42.24794439159132,-15.3987892722987,-14.868401106374662,-0.5303881659240375,8783754.55,False,False,False,False,False,False,False,False,False
2025-01-23,1179.7673719775385,1185.9633387788476,1172.367709553753,1178.5636763550622,6351475,1189.734438109706,1225.72879462929,1253.1777399029604,42.89851396226426,-14.750810097394151,-14.84488290457856,0.0940728071844088,8611189.8,False,False,False,False,True,False,False,False,False
2025-01-24,1173.0018973570554,1173.563389030901,1169.9431910095461,1170.5046826833916,12229930,1187.7176407164702,1224.458485109477,1252.6265861881634,40.67082918591986,-14.717916391748531,-14.819489602012554,0.10157321026402322,8828012.25,False,False,False,False,False,False,False,False,False
2025-01-27,1167.384837609428,1173.780255013729,1161.3651694021603,1167.7605868064613,8447812,1187.0206648789745,1222.6959660132038,1252.0645597021917,39.91084327217829,-14.74332166221734,-14.80425601405351,0.060934351836170464,8832049.5,False,False,False,False,False,False,False,False,False
2025-01-28,1160.9860178410229,1166.116160693907,1147.463463870433,1152.5936067233172,6134815,1186.2267478288836,1220.4745275265277,1251.410145537857,35.91603930324078,-15.805112559818554,-15.00442732320652,-0.8006852366120327,8691816.1,False,False,False,False,False,True,False,False,False
2025-01-29,1139.6283545072054,1155.612562193598,1131.0571626616593,1147.041370348052,10041765,1183.3561760121681,1218.4976007883895,1250.7279966804074,34.55259092076288,-16.899798215398505,-15.383501501644918,-1.5162967137535865,8684945.2,False,False,False,False,False,False,False,False,False
2025-01-30,1146.207086574002,1147.3832191488286,1143.1573837860067,1144.3335163608333,4855832,1179.277613974476,1216.4894461176864,1250.037123431579,33.87713209695781,-17.780878768290222,-15.862976954973979,-1.9179018133162433,8380715.15,False,False,False,False,False,False,False,False,False
2025-01-31,1125.6676810863048,1130.4680967411591,1124.7075096668161,1129.5079253216704,7821672,1175.9719101724259,1214.5363104360556,1249.2595157018377,30.375914666826716,-19.45122117874189,-16.580625799727564,-2.8705953790143255,8251635.25,False,False,False,False,False,False,False,False,False
2025-02-03,1146.1975182546657,1147.207655573144,1142.5912906676278,1143.601427986106,9735410,1172.964492594301,1213.4416539267438,1248.5822202677625,37.03761682386815,-19.41395965040897,-17.147292569863843,-2.266667080545126,8158685.7,False,False,False,False,False,False,False,False,False
2025-02-04,1143.658690871845,1149.980210928278,1143.1281397359433,1149.4496597923762,6938920,1171.0924470407197,1212.3850328673639,1247.9508026851165,39.61936400686319,-18.69699882571149,-17.457233821033373,-1.239765004678116,8068888.55,False,False,False,False,False,False,False,False,False
2025-02-05,1119.0086673591925,1129.9574797768248,1111.9261898021587,1122.875002219791,8635707,1167.0828524046415,1210.5282372487097,1247.1591836948298,32.99799377326872,-20.042121873967062,-17.974211431620112,-2.0679104423469497,8250205.1,False,False,False,False,False,False,False,False,False
2025-02-06,1126.9039931291973,1130.0912786640213,1125.4777628811507,1128.6650484159748,4201209,1163.4640236406844,1208.5193714745178,1246.4139375610005,35.526257018067625,-20.405708931748677,-18.460510931645825,-1.9451980001028524,8059888.35,False,False,False,False,False,False,False,False,False
2025-02-07,1134.2329128994313,1153.042127875019,1130.7699368135175,1149.5791517891053,7299248,1161.352317193746,1205.9890516216701,1245.808720149926,43.77861284721461,-18.78966537253268,-18.526341819823198,-0.26332355270948327,8185921.1,False,False,False,False,False,False,False,False,False
2025-02-10,1178.0005973077584,1178.5693685034173,1160.4910404262216,1161.0598116218805,6296463,1159.5858142820753,1203.1167556194532,1245.2823294137272,47.733471784859454,-16.393571026116206,-18.099787661081802,1.706216634965596,8085206.05,False,False,False,False,True,False,False,False,False
2025-02-11,1138.261959960413,1138.816118292015,1132.0987440769834,1132.6529024085855,10287023,1156.624863872177,1200.110317642673,1244.5870860371522,40.19850766024885,-16.595546036382075,-17.798939336141856,1.2033932997597816,8131086.25,False,False,False,False,False,False,False,False,False
2025-02-12,1144.51554625814,1146.0868846280678,1141.3797953437856,1142.9511337137135,7983609,1154.426179510504,1196.5980500873231,1243.9635525873152,43.67003800966264,-15.743154204855045,-17.387782309884493,1.6446281050294473,8142442.95,False,False,False,False,False,False,False,False,False
2025-02-13,1192.553089072026,1194.0992519628487,1177.6376884416345,1179.1838513324572,8639780,1154.4924490133667,1194.1107720250009,1243.568554408932,53.826159616011424,-12.005557441851579,-16.311337336277912,4.305779894426333,8016330.7,False,False,False,False,False,False,False,False,False
2025-02-14,1170.2020876350534,1172.8815975316234,1160.1419012264407,1162.8214111230106,5553960,1154.230121325772,1191.8987778958788,1243.0791777829565,49.48694689018963,-10.245691305871787,-15.098208130196689,4.852516824324901,7919177.3,False,False,False,False,False,False,False,False,False
2025-02-17,1164.8772184896154,1169.2975201904835,1164.832387511916,1169.2526892127842,10462304,1154.4271367518522,1190.079183870113,1242.6344399000038,51.153743958711395,-8.237082362477167,-13.725982976652784,5.488900614175616,7981914.1,False,False,False,False,False,False,False,False,False
2025-02-18,1173.7006227354273,1180.1793840487157,1168.6328409675987,1175.1116022808872,9471069,1154.2143901634877,1188.9144881702994,1242.230111531027,52.685459723799084,-6.102138331735432,-12.201214047669314,6.099075715933882,7795453.25,False,False,False,False,False,False,False,False,False
2025-02-19,1157.3928523768775,1161.3641000678765,1144.870325265404,1148.841572956403,7642283,1152.8175314725931,1186.5334263103255,1241.6742273728446,45.75705634227779,-6.455536221492366,-11.052078482433926,4.596542260941559,7951514.3,False,False,False,False,False,False,False,False,False
2025-02-20,1152.9788318648423,1164.6412252859066,1150.2951537713,1161.9575471923642,13264773,1151.9872250144583,1184.8697867861367,1241.2025310404158,49.33917008401778,-5.612559002661101,-9.964174586479361,4.35161558381826,8297179.2,False,False,False,False,False,False,False,False,False
2025-02-21,1154.879644741698,1156.9707667952775,1152.6232175971095,1154.714339650689,1038120,1151.197707862823,1182.835584188714,1240.6937769734175,47.474625686583764,-5.465951709150204,-9.064530011013531,3.598578301863327,7737588.7,False,False,False,False,False,False,False,False,False
2025-02-24,1133.8555284051297,1152.175061360407,1126.5419453015684,1144.8614782568457,6926636,1150.0527524353424,1180.5286116748214,1240.1333541739052,44.984290030136165,-6.074781642128983,-8.466580337236621,2.3917986951076387,7661529.9,False,False,False,False,False,False,False,False,False
2025-02-25,1122.0574503130758,1123.0621420792186,1121.1120780519295,1122.1167698180723,5871633,1148.52891059008,1177.4029194302102,1239.447211241604,39.794792958902924,-8.296949566021567,-8.43265418299361,0.13570461697204372,7648370.8,False,False,False,False,False,False,False,False,False
2025-02-26,1124.7750483878353,1125.3960158023606,1117.1181280537005,1117.7390954682257,6558251,1147.0637968460887,1174.587978144841,1238.7436961215267,38.8654503148675,-10.2926283768536,-8.80464902176561,-1.4879793550879903,7474195.1,False,False,False,False,False,True,False,False,False
2025-02-27,1114.081135237542,1131.6592736354428,1098.8105805373405,1116.3887189352413,13619511,1145.6665569748093,1171.9200552424431,1238.0405065974676,38.56625608706196,-11.846621830970435,-9.413043583606575,-2.43357824736386,7912379.05,False,False,False,False,False,False,False,False,False
2025-02-28,1139.4144222751884,1146.4273198124126,1120.140847356069,1127.1537448932932,13365540,1145.5488479533904,1169.694662154383,1237.406867959158,42.37470020172634,-12.070385323086612,-9.944511931502582,-2.1258733915840295,8189572.45,False,False,False,False,False,False,False,False,False
2025-03-03,1128.6213171295922,1155.383590695507,1113.7292194417487,1140.4914930076636,11542885,1145.3933512044682,1168.1238605640622,1236.8562124196608,46.77711659242171,-11.044164445129809,-10.164442434228027,-0.8797220109017818,8279946.2,False,False,False,False,False,False,False,False,False
2025-03-04,1139.9537768329976,1147.57748697467,1129.602464071811,1137.2261742134833,3655592,1144.7821769255236,1166.3289190204582,1236.2933308478746,45.85352826085819,-10.374767086208067,-10.206507364624034,-0.16825972158403246,8115779.8,False,False,False,False,False,False,False,False,False
2025-03-05,1151.3191667743026,1163.4857650694905,1137.6553921758348,1149.8219904710227,6616443,1146.129526338085,1165.2549886258362,1235.8075368008135,49.95806804770295,-8.72728504273391,-9.910662900246011,1.1833778575121006,8014816.6,False,False,False,False,True,False,False,False,False
2025-03-06,1161.3398632049982,1166.6629207371748,1150.827496519426,1156.1505540516025,6063475,1147.5038016198664,1164.0219524249885,1235.3625257240024,51.929738404293325,-6.832223839364815,-9.294975088069773,2.462751248704958,8107929.9,False,False,False,False,False,False,False,False,False
2025-03-07,1161.7725073631268,1165.831171144176,1161.2810835499372,1165.3397473309865,12687860,1148.2918313969606,1163.111934760646,1234.9735102884856,54.719507765768256,-4.536588118262898,-8.343297694108399,3.8067095758455007,8377360.5,False,False,False,False,False,False,True,False,False
2025-03-10,1179.7763541772222,1186.2537557077137,1175.6702838996212,1182.1476854301127,9642146,1149.3462250873722,1163.1208863981208,1234.6816549025277,59.364827960849006,-1.3455099343552774,-6.9437401421577745,5.598230207802497,8544644.65,False,False,False,False,False,False,True,False,False
2025-03-11,1172.4878062071805,1173.6157109709475,1167.8321276182628,1168.9600323820298,9412555,1151.1615815860446,1163.1306480912585,1234.320547086481,54.62930499725847,0.11794948150145501,-5.531402217425929,5.649351698927384,8500921.25,False,False,False,False,False,False,True,False,False
2025-03-12,1166.5860980300506,1176.7043121106644,1154.5757228472455,1164.6939369278593,13496785,1152.248721746752,1162.3354706961686,1233.9400738069255,53.15221207846431,0.9228750334038978,-4.240546767259964,5.163421800663862,8776580.05,False,False,False,False,False,False,True,False,False
2025-03-13,1161.727124215556,1166.3580475983506,1159.3330273423244,1163.963950725119,732775,1151.4877267163847,1161.0966545683775,1233.5597687901768,52.888691986327466,1.4847650988251644,-3.0954843940429386,4.580249492868103,8381229.8,False,False,False,False,False,False,True,False,False
2025-03-14,1162.1110650740172,1181.6270187934106,1156.2307919236073,1175.7467456430006,11993349,1152.1339934423843,1160.699149453984,1233.247265962354,56.62664436076624,2.8480100141991898,-1.9067855123945132,4.754795526593703,8703199.25,False,False,False,False,False,False,True,False,False
2025-03-17,1194.9516709855359,1201.500757032881,1187.8474996609875,1194.3965857083326,5253225,1153.3911882671616,1160.5120855771786,1233.0383913373325,61.79382493836542,5.371359967191665,-0.45115641647727744,5.822516383668943,8442745.3,False,False,False,False,False,False,True,False,False
2025-03-18,1197.418449009129,1197.5255883194754,1190.1154975065942,1190.2226368169406,9478684,1154.1467399939643,1160.5787268962374,1232.8094300832129,60.069028207194,6.95416688526916,1.0299082438720102,5.92425864139715,8443126.05,False,False,False,False,False,False,True,False,False
2025-03-19,1223.5741099387656,1227.8584370478998,1210.855337129051,1215.139664238185,9757043,1157.4616445580536,1160.820182282174,1232.7154419670157,66.14421359091607,10.102691109556872,2.8444648170089826,7.2582262925478895,8548864.05,False,False,False,False,False,False,True,False,False
2025-03-20,1191.0508155776195,1217.1131773705508,1184.8925014539486,1210.95486324688,9420283,1159.9115103607792,1161.0184470732092,1232.6003066298724,64.37281847496547,12.120522931449841,4.6996764398971544,7.420846491552687,8356639.55,False,False,False,False,False,False,True,False,False
2025-03-21,1206.0099655575546,1219.097769872621,1199.8034701416118,1212.8912744566783,7082018,1162.8203571010788,1161.4400069477854,1232.4965748815923,64.84201525230321,13.717791231076717,6.503299398133067,7.21449183294365,8658834.45,False,False,False,False,False,False,True,False,False
2025-03-24,1222.5200320782312,1225.9550315830766,1209.9196718850726,1213.354671389918,8358184,1166.2450167577322,1161.7793029784777,1232.3963554915836,64.96093836599042,14.849850295475107,8.172609577601476,6.677240717873632,8730411.85,False,False,False,False,False,False,True,False,False
2025-03-25,1220.6540969573032,1230.0308290370226,1207.3039746132988,1216.6807066930182,11715495,1170.9732136014798,1162.2754789002072,1232.314503154091,65.85371765708004,15.832886848223097,9.704665031725801,6.128221816497296,9022604.95,False,False,False,False,False,False,True,False,False
2025-03-26,1217.0863087036046,1221.3089075423877,1201.7111219457436,1205.9337207845267,10703211,1175.3829448672946,1162.6556568969543,1232.177815162539,60.49052381109516,15.565331005416738,10.876798226463988,4.68853277895275,9229852.95,False,False,False,False,False,False,True,False,False
2025-03-27,1210.7735107122705,1222.1122863182309,1202.4807317609634,1213.8195073669237,8501588,1180.2544842888788,1163.3748778187887,1232.0831847099842,62.87943910103885,15.807390388646809,11.862916658900552,3.9444737297462567,8973956.8,False,False,False,False,False,False,True,False,False
2025-03-28,1208.9515911511005,1234.8167350512508,1197.1952320235096,1223.0603759236599,6126087,1185.049815840397,1164.4747260397637,1232.0369138956953,65.51110760237506,16.5540601562318,12.801145358366803,3.752914797864996,8611984.15,False,False,False,False,False,False,True,False,False
2025-03-31,1239.1969913532962,1244.1457599201597,1226.793769554344,1231.7425381212074,12846427,1189.6123680960743,1165.8033291883644,1232.0354119784786,67.8194979678774,17.643001714614456,13.769516629616334,3.873485084998123,8677161.25,False,False,False,False,False,False,True,False,False
2025-04-01,1227.851773695535,1233.3708037543988,1223.8563466520288,1229.3753767108926,7933728,1194.2198282209447,1166.8035060416184,1232.021909261384,66.51237300364296,18.106267817770686,14.636866867247205,3.4694009505234806,8891068.05,False,False,False,False,False,False,True,False,False
2025-04-02,1210.7457141869181,1213.330618717363,1209.3998900766803,1211.9847946071252,5922522,1197.32796842775,1167.5076269982753,1231.9207117126252,57.71202613475524,16.875603453643635,15.084614184526492,1.7909892691171425,8856372.0,False,False,False,False,False,False,True,False,False
2025-04-03,1196.5976638031243,1199.7312146242382,1194.4196396868365,1197.5531905079504,3127547,1199.3981002505673,1167.887417281333,1231.748010601044,51.609468310337355,14.567854084052897,14.981262164431774,-0.41340808037887733,8709575.6,False,False,False,False,False,True,True,False,False
2025-04-04,1181.2171195435424,1197.4262039697942,1168.562595922142,1184.7716803483938,11294327,1200.3696969014377,1168.172757234633,1231.5131289497808,46.881255039328984,11.574165259433812,14.299842783432183,-2.725677523998371,8639898.95,False,False,False,False,False,False,True,False,False
2025-04-07,1165.1778302571468,1178.4733078353313,1152.6908690209139,1165.9863465990984,4843191,1199.561629959887,1168.1372724304858,1231.26920508062,40.944075629913506,7.598238100493063,12.95952184684436,-5.3612837463512975,8399951.2,False,False,False,False,False,False,False,False,False
2025-04-08,1158.9952380649129,1168.3309704382036,1155.7853136739404,1165.1210460472312,3866690,1199.369680643147,1168.387821216964,1231.0422672579296,40.6884614395317,4.327579021965903,11.23313328186867,-6.905554259902766,8122657.95,False,False,False,False,False,False,False,False,False
2025-04-09,1154.4256311004985,1169.4597901602403,1142.866570604431,1157.9007296641728,11321490,1199.0300202799626,1168.6050084032865,1230.756268763705,38.52706823332149,1.1398000435942777,9.214466634213792,-8.074666590619515,8013893.2,False,False,False,False,False,False,False,False,False
2025-04-10,1153.8870596514348,1168.9671300947643,1145.0952542854598,1160.1753247287893,8137995,1198.840588980146,1168.9218445706456,1230.441842893551,39.61530141631168,-1.1892875843750517,7.133715790496024,-8.323003374871075,8384154.2,False,False,False,False,False,False,False,False,False
2025-04-11,1178.4569499725146,1182.6989412236696,1173.8452582202387,1178.0872494713938,10561171,1198.9576141715659,1169.8934310536401,1230.1993538409108,47.497397375284756,-1.5716467141789963,5.39264328956102,-6.964290003740016,8312545.3,False,False,False,False,False,False,True,False,False
2025-04-14,1184.500985711357,1188.1291946669814,1182.4492759284356,1186.07748488406,11343145,1198.5416591303524,1170.7429521915992,1230.0386426387122,50.59541626737626,-1.2159076323691806,4.07093310517498,-5.286840737544161,8617041.3,False,False,False,False,False,False,True,False,False
2025-04-15,1169.0168958018612,1184.464783684441,1165.5767273942872,1181.024615276867,11976105,1198.0817580533485,1171.374451301289,1229.8241875220851,48.64077564346314,-1.3264160966830332,2.9914632648033774,-4.31787936148641,8741912.35,False,False,False,False,False,False,True,False,False
2025-04-16,1180.5510440895364,1185.608078319579,1170.238196833787,1175.2952310638295,10548003,1196.0895363946308,1172.4228558781697,1229.5527631558189,46.44952737483409,-1.8549258438758898,2.022185443067524,-3.8771112869434137,8781460.35,False,False,False,False,False,False,True,False,False
2025-04-17,1184.2473091833617,1189.149677086807,1178.7731611592187,1183.675529062664,6539567,1194.7255696854202,1173.5230654911036,1229.2887623857723,49.99779561270233,-1.5793478755999786,1.3018787793340234,-2.881226654934002,8637424.55,False,False,False,False,False,False,True,False,False
2025-04-18,1190.7910861109515,1197.7288475723085,1173.0674713983399,1180.005232859697,8193786,1193.081267605571,1174.1315871125155,1229.0320442149161,48.48261126957267,-1.6382281060980404,0.7138574022476105,-2.3520855083456507,8693012.95,False,False,False,False,False,False,True,False,False
2025-04-21,1173.2892400210762,1173.5497731362793,1167.600517801483,1167.861050916686,8643706,1190.8065865819094,1174.2676118984116,1228.739659166179,43.75743211928239,-2.634456725376822,0.04419457672272409,-2.6786513020995457,8707289.05,False,False,False,False,False,False,False,False,False
2025-04-22,1172.6234217584633,1184.327693576636,1163.467956500081,1175.1722283182537,8030469,1188.731162663171,1175.117998416605,1228.5098400206873,47.100082908285444,-2.801727597616946,-0.5249898581452099,-2.276737739471736,8523037.75,False,False,False,False,False,False,True,False,False
2025-04-23,1161.9892234734398,1169.1555327325984,1145.0949029709584,1152.261212230117,9431448,1186.0475372354506,1175.3041999869329,1228.1259649922324,39.23140995665766,-4.728511158709125,-1.3656941182579931,-3.362817040451132,8459449.6,False,False,False,False,False,False,False,False,False
2025-04-24,1150.3750205598974,1169.699037957854,1133.7366911672775,1153.060708565234,7053437,1183.0095972953661,1174.7817371315884,1227.8259022131701,39.61054831052468,-6.120435766350965,-2.3166424478765877,-3.8037933184743777,8387042.05,False,False,False,False,False,False,False,False,False
2025-04-25,1163.9926140334576,1170.1819151545212,1161.3203290455751,1167.5096301666388,10999662,1180.232060007515,1174.8755015124611,1227.5862641119775,46.14955118387492,-5.988605906512703,-3.051035139603811,-2.937570766908892,8630720.8,False,False,False,False,False,False,False,False,False
2025-04-28,1150.9978444847725,1157.6339335741068,1133.111508575873,1139.7475976652072,4633888,1175.632312984715,1174.2853996815095,1227.3122806712533,37.70224620674947,-8.031709253972622,-4.047169962477573,-3.9845392914950484,8220093.85,False,False,False,False,False,False,False,False,False
2025-04-29,1150.6233786362106,1152.3935153193956,1144.1601224179096,1145.9302591010946,10578861,1171.4600571042251,1173.7017728179137,1227.128223329817,40.322077229122826,-9.047698038390763,-5.047275577660212,-4.000422460730551,8352350.5,False,False,False,False,False,False,False,False,False
2025-04-30,1128.0743963138536,1141.1114097864258,1120.2889017125458,1133.325915185118,12474691,1167.5271131331249,1173.391459662488,1226.9033978611997,36.91391353348243,-10.746067705652194,-6.187034003258608,-4.559033702393586,8679958.95,False,False,False,False,False,False,False,False,False
2025-05-01,1143.0740802412677,1155.19581200554,1134.509496538213,1146.6312283024852,9754699,1164.9810150228518,1173.0849332846904,1226.366767037883,42.44429937399363,-10.892844401914317,-7.128196082989751,-3.764648318924566,9011316.55,False,False,False,False,False,False,False,False,False
2025-05-02,1175.3631486819486,1181.0382715708956,1155.5150774906078,1161.1902003795549,6877434,1163.8019410244096,1173.2144504992675,1225.7259821287441,47.83326932779215,-9.722305928143669,-7.6470180520205355,-2.0752878761231335,8790471.9,False,False,False,False,False,False,False,False,False
2025-05-05,1141.0564672414766,1147.3488824903834,1129.4038657010153,1135.696280949922,8225859,1162.2874377419507,1173.0311465531292,1225.2355318089014,40.65496891308981,-10.72812484560859,-8.263239410738146,-2.4648854348704443,8959605.3,False,False,False,False,False,False,False,False,False
2025-05-06,1144.1377810818458,1150.029294714085,1138.6163959011249,1144.507909533364,4939828,1161.2567809162574,1173.478969347435,1224.6309703052318,43.79456743924755,-10.690979838725752,-8.748787496335668,-1.9421923423900846,9013262.2,False,False,False,False,False,False,False,False,False
2025-05-07,1130.2328338185782,1140.952804929696,1116.1315572007663,1126.851528311884,4063679,1159.704320848643,1173.6612180043082,1224.0200084067155,39.30719602598465,-11.948529348565444,-9.388735866781623,-2.559793481783821,8650371.65,False,False,False,False,False,False,False,False,False
2025-05-08,1151.7606640066424,1161.8978838177861,1141.1698121759277,1151.3070319870715,9059712,1159.260906211557,1174.359584265345,1223.451691367951,47.353571396115356,-10.846756969381431,-9.680340087301586,-1.1664168820798455,8696457.5,False,False,False,False,False,False,False,False,False
2025-05-09,1142.3326724641165,1153.5580272841366,1137.3446833892228,1148.570038209243,6217634,1157.7850456484496,1174.787910131664,1222.879677285244,46.60881704544397,-10.078270911336176,-9.759926252108505,-0.3183446592276713,8479280.65,False,False,False,False,False,False,False,False,False
2025-05-12,1164.35662670256,1168.948941466751,1157.771767453683,1162.3640822178738,7967860,1156.5993755151403,1175.2253619158682,1222.3073437843036,50.807932951768855,-8.26094902572504,-9.460130806831812,1.1991817811067715,8310516.4,False,False,False,False,True,False,False,False,False
2025-05-13,1180.0897109266484,1196.7404220971116,1161.8837930358502,1178.5345042063134,11396341,1156.4748699616125,1176.0515285157246,1221.7512376210448,55.25102993339604,-5.453031275519152,-8.65871090056928,3.205679625050129,8281528.2,False,False,False,False,False,False,True,False,False
2025-05-14,1162.280256142099,1163.6745044165364,1152.3806197183494,1153.7748679927868,7342379,1155.3988518080603,1176.1305860661598,1221.0819223239719,48.08888625510511,-5.166080584835527,-7.96018483742253,2.7941042525870037,8121247.0,False,False,False,False,False,False,False,False,False
2025-05-15,1166.6478057806717,1171.6690872608572,1154.006997559311,1159.0282790394965,9530263,1154.1664893069021,1176.1881405659178,1220.344214579189,49.58225773060694,-4.46331342932217,-7.2608105558024585,2.7974971264802884,8270781.8,False,False,False,False,False,False,False,False,False
2025-05-16,1135.6490310096433,1140.782617818441,1129.9608839137018,1135.0944707224994,5483399,1151.9209512000423,1175.583235033748,1219.651660440006,43.449604088517,-5.771098077163742,-6.962868060074716,1.1917699829109738,8135262.45,False,False,False,False,False,False,False,False,False
2025-05-19,1129.2977247358754,1138.3527049489014,1115.5742464520054,1124.6292266650314,7904089,1149.7593599874594,1174.4328658584463,1218.8260423377078,41.058245200177545,-7.564782463080974,-7.083250940675968,-0.48153152240500585,8098281.6,False,False,False,False,False,True,False,False,False
2025-05-20,1128.620987018738,1134.9980716472858,1128.4498971994688,1134.8269818280164,8683105,1147.7420976629478,1173.7502048473661,1217.9636732436065,44.27661769449304,-8.070386257130167,-7.280678003966808,-0.7897082531633588,8130913.4,False,False,False,False,False,False,False,False,False
2025-05-21,1106.3444897415422,1123.9408281876085,1093.6167689796048,1111.213107425671,9426044,1145.6896924227253,1172.6805882573224,1217.0518045654303,38.97028818107734,-10.258272244596583,-7.876196852092763,-2.38207539250382,8130643.2,False,False,False,False,False,False,False,False,False
2025-05-22,1098.5642201693606,1104.7103338201803,1092.6496375139607,1098.7957511647803,10638126,1142.9764445527026,1171.3772242661155,1216.0068664268626,36.493537359621335,-12.8460828795819,-8.87017405759059,-3.9759088219913092,8309877.65,False,False,False,False,False,False,False,False,False
2025-05-23,1111.1606165544401,1123.7982016368512,1104.8561132363734,1117.4936983187845,10105742,1140.47564796031,1170.2121633196311,1215.0688119766212,42.42710919694169,-13.235601605480724,-9.743259567168618,-3.492342038312106,8265181.65,False,False,False,False,False,False,False,False,False
2025-05-26,1137.8336536151044,1152.471295970588,1114.3730337158172,1129.0106760713008,14008422,1139.9388018806144,1168.9044451268906,1214.1840173799337,45.787042564342485,-12.471213759696639,-10.288850405674223,-2.1823633540224154,8733908.35,False,False,False,False,False,False,False,False,False
2025-05-27,1138.29245580471,1156.1275248367936,1118.018887560696,1135.8539565927795,10860350,1139.4349867551987,1167.8170715224076,1213.2026921013824,47.73869889486133,-11.184309579551837,-10.467942240449746,-0.7163673391020904,8747982.8,False,False,False,False,False,False,False,False,False
2025-05-28,1147.7685201518127,1161.4385032836644,1134.0376154948528,1147.7075986267046,9957010,1140.154070927278,1166.4684302101778,1212.2359075878226,51.027408165174506,-9.103005121409524,-10.194954816641701,1.0919496952321772,8622098.75,False,False,False,False,True,False,False,False,False
2025-05-29,1144.9739366604695,1147.8041402149852,1142.8497913620383,1145.679994916554,5764229,1140.1065092579815,1165.1629328435713,1211.2106564494718,50.44267287081096,-7.530361695225793,-9.66203619235852,2.131674497132728,8422575.25,False,False,False,False,False,False,False,False,False
2025-05-30,1114.0186725892365,1136.8928161730316,1096.8527868603833,1119.7269304441784,8659645,1138.0333457612128,1163.2996459633214,1210.0017895100752,43.56168598009758,-8.282747496493812,-9.386178453185579,1.103430956691767,8511685.8,False,False,False,False,False,False,False,False,False
2025-06-02,1107.605266194384,1122.8706512866447,1093.855019879128,1109.1204049713886,8073503,1136.7045519622861,1161.2149606349508,1208.775997128374,41.094480552963155,-9.623937862877938,-9.433730335124052,-0.19020752775388594,8504068.0,False,False,False,False,False,True,False,False,False
2025-06-03,1116.9616992895844,1125.2535756672596,1105.472519166091,1113.764395543766,8725045,1135.1673762628063,1159.1566344119656,1207.6319332391463,42.62667376541225,-10.194592744010833,-9.585902816901408,-0.6086899271094257,8693328.85,False,False,False,False,False,False,False,False,False
2025-06-04,1122.5293179311086,1128.373983513446,1120.2040096694927,1126.0486752518302,13561844,1135.1272336098036,1157.5589335013117,1206.4977520605096,46.58459477064417,-9.545566788197675,-9.577835611160662,0.03226882296298683,9168237.1,False,False,False,False,True,False,False,False,False
2025-06-05,1154.393450546167,1156.967262687928,1143.724403753481,1146.298215895242,12861704,1134.876792805212,1156.2085076718781,1205.555849899537,52.4123525301185,-7.312941309516873,-9.124856750831905,1.8119154413150316,9358336.7,False,False,False,False,False,False,False,False,False
2025-06-06,1109.636388450035,1130.8678355339111,1104.5099633670836,1125.7414104509598,7252953,1133.735361417298,1154.262128362424,1204.6584329381503,46.8269328653267,-7.120254074658305,-8.723936215597185,1.6036821409388793,9410102.65,False,False,False,False,False,False,False,False,False
2025-06-09,1111.6178397574936,1120.0580751600903,1102.0267606394843,1110.466996042081,5067839,1131.1405071085082,1151.8366175208416,1203.7231424023134,43.14757386873731,-8.106617600481286,-8.600472492574006,0.4938548920927204,9265101.6,False,False,False,False,False,False,False,False,False
2025-06-10,1114.191484633771,1122.2108890013164,1105.3994051113582,1113.4188094789035,4662922,1127.8847223721377,1149.5174861762018,1202.8476737196531,44.062297908037465,-8.551554133154696,-8.590688820690145,0.039134687535449686,8928430.65,False,False,False,False,False,False,False,False,False
2025-06-11,1088.9833690152016,1107.2694094242152,1079.4765162473425,1097.762556656356,8267479,1125.0841068053164,1147.2330414171865,1201.9332576233494,40.353713248423155,-10.051629372425168,-8.88287693103715,-1.168752441388019,8974685.65,False,False,False,False,False,True,False,False,False
2025-06-12,1114.6597479074626,1121.3989383051733,1099.5727014875622,1106.3118918852729,8160648,1122.4482874476048,1145.4082154447328,1201.0615130114081,43.166733613208365,-10.430355261029035,-9.192372597035526,-1.2379826639935096,8906204.9,False,False,False,False,False,False,False,False,False
2025-06-13,1130.555179549711,1136.9640085838798,1121.3385426720095,1127.7473717061782,11816934,1122.080932496789,1144.2677292718886,1200.277942440389,49.58653455848664,-8.898260569680588,-9.133550191564538,0.23528962188395042,9222881.65,False,False,False,False,True,False,False,False,False
2025-06-16,1125.95592478465,1134.0013866803693,1114.8850812276526,1122.9305431233718,10551734,1121.995998319706,1143.406613202374,1199.407715712969,48.2671148989147,-7.980745236116491,-8.902989200474929,0.9222439643584384,9355263.9,False,False,False,False,False,False,False,False,False
2025-06-17,1124.6441274331196,1133.845895085951,1116.1532322591395,1125.354999911971,8917023,1121.5223992239037,1142.6112922796688,1198.5574167902666,49.00265223618398,-6.977541567297749,-8.517899673839493,1.5403581065417438,9366959.8,False,False,False,False,False,False,False,False,False
2025-06-18,1117.2370755319143,1128.7032497155556,1114.9895356173818,1126.455709801023,10450955,1122.2845293426712,1141.9823918824059,1197.7324039546845,49.354715042616895,-6.024233726591774,-8.019166484389949,1.9949327577981748,9418205.35,False,False,False,False,False,False,False,False,False
2025-06-19,1136.4420280051438,1138.925616952241,1134.6412327489672,1137.1248216960644,6540325,1124.2009828692358,1141.5213818217512,1196.9912708401025,52.75904253880523,-4.357590637812109,-7.286851315074381,2.9292606772622722,9213315.3,False,False,False,False,False,False,False,False,False
2025-06-20,1163.701182905662,1169.0093753632698,1152.3114948038706,1157.6196872614782,9947570,1126.2072823163703,1141.112030577553,1196.3501532786556,58.526267859998335,-1.3672389346861564,-6.102928838996736,4.73568990431058,9205406.7,False,False,False,False,False,False,True,False,False
2025-06-23,1154.832686333847,1164.1675525117073,1142.828741162465,1152.1636073403251,10192416,1127.3649288798215,1140.4337530266782,1195.6801998454307,56.54711643102239,0.5559674365563296,-4.771149583886124,5.327117020442453,9014606.4,False,False,False,False,False,False,True,False,False
2025-06-24,1169.706678353754,1177.205221666883,1159.084233303178,1166.5827766163072,5465402,1128.9013698809977,1140.144916253467,1195.060879722811,60.36202275370011,3.206664365539382,-3.1755867940010227,6.382251159540404,8744859.0,False,False,False,False,False,False,True,False,False
2025-06-25,1167.7209472808868,1170.702568295475,1164.5842334025199,1167.565854417108,7208795,1129.8942826705181,1139.9903287205327,1194.4692290922067,60.615896953518956,5.3253001958257755,-1.4754093960356631,6.800709591861438,8607448.25,False,False,False,False,False,False,True,False,False
2025-06-26,1157.4665066665227,1162.846684984668,1151.714003821529,1157.0941821396743,5556535,1130.464992031674,1139.458701782073,1193.8715347869668,56.467160306622574,6.089165804878121,0.037505644147093786,6.051660160731027,8597063.55,False,False,False,False,False,False,True,False,False
2025-06-27,1139.9158505511348,1152.3494589403163,1137.0477488445615,1149.481357233743,10448689,1131.9527133711522,1138.8482242695538,1193.209739855463,53.59525475107519,6.010952932809232,1.2321951018795216,4.7787578309297105,8686515.75,False,False,False,False,False,False,True,False,False
2025-06-30,1151.4444985508699,1164.6694190864132,1142.4799993160461,1155.7049198515895,12025429,1134.2819391151622,1138.6051016482518,1192.5887049038695,55.58405435364716,6.377640687081339,2.261284218919885,4.116356468161454,8884112.05,False,False,False,False,False,False,True,False,False
2025-07-01,1165.0438474579985,1178.825992449411,1152.5777736687928,1166.3599186602053,11296843,1136.9117152709841,1138.4288554550908,1192.0115961811268,58.83670755743886,7.442223411633222,3.297472057462553,4.144751354170669,9012701.95,False,False,False,False,False,False,True,False,False
2025-07-02,1147.7222214871972,1159.5740150718284,1134.6536408391387,1146.5054344237699,8132345,1137.9345532295813,1138.313739898964,1191.3707600483522,51.298116942637066,6.60765303267317,3.9595082525046768,2.648144780168493,8741227.0,False,False,False,False,False,False,True,False,False
2025-07-03,1158.297187067086,1161.9790197819393,1151.8893407431215,1155.5711734579747,5040183,1138.398201107718,1138.3639491968188,1190.7658117964572,54.184684748408024,6.601679319320056,4.487942465867753,2.113736853452303,8350150.95,False,False,False,False,False,False,True,False,False
2025-07-04,1152.5889716025813,1152.9133536290844,1144.9668204392358,1145.291202465739,5566425,1139.3756907084567,1137.9195806428006,1190.0430555994917,50.527576326140775,5.7017115807673235,4.730696288847668,0.971015291919656,8265824.55,False,False,False,False,False,False,True,False,False
2025-07-07,1165.3908829152351,1184.9279136212297,1156.3835963903089,1175.9206270963034,11672823,1142.6483722611679,1138.6430412314228,1189.507597967256,59.334413356735624,7.375004786552836,5.259557988388702,2.1154467981641343,8596073.75,False,False,False,False,False,False,True,False,False
2025-07-08,1159.2278648204358,1173.6593910807305,1150.9570151078817,1165.3885413681764,4339364,1145.2468588556317,1139.0322068767643,1188.8870630064437,55.66497955900676,7.761777470476545,5.760001884806271,2.0017755856702744,8579895.85,False,False,False,False,False,False,True,False,False
2025-07-09,1172.1177650549685,1180.051918537261,1170.747909688951,1178.6820631712435,11049425,1149.2928341813758,1139.9393298364869,1188.3288411898345,59.10289594910341,9.036803079260153,6.415362123697047,2.6214409555631057,8718993.15,False,False,False,False,False,False,True,False,False
2025-07-10,1180.5131125875243,1200.3856607994508,1163.654837919515,1183.5273861314415,13214718,1153.1536088936843,1140.677252993066,1187.8114932167634,60.31095025961769,10.319292745881285,7.196148248133896,3.123144497747389,8971696.65,False,False,False,False,False,False,True,False,False
2025-07-11,1158.285301408599,1168.3746507851292,1155.2372319214285,1165.3265812979587,6774418,1155.0325693732734,1140.7599806114342,1187.2140119918795,53.87339733048112,9.754577509413366,7.70783410038979,2.046743409023576,8719570.85,False,False,False,False,False,False,True,False,False
2025-07-14,1156.1755718257778,1157.8510052093363,1150.686690058451,1152.3621234420095,9869570,1156.5041483892053,1141.0932974612758,1186.506945487097,49.796134364023814,8.166771754333922,7.799621631178616,0.36715012315530604,8685462.65,False,False,False,False,False,False,True,False,False
2025-07-15,1159.4370801816226,1163.352786962159,1147.5516374450533,1151.4673442255896,5928496,1157.8097656048863,1141.2324861551203,1185.7526348379017,49.51758636841835,6.758317373353975,7.591360779613689,-0.8330434062597138,8536036.3,False,False,False,False,False,True,True,False,False
2025-07-16,1134.8016540144731,1148.5144263340517,1128.5970441117129,1142.3098164312914,10165157,1158.6024709363996,1141.5416519175085,1185.0266799514225,46.641986298310506,4.847294574199623,7.042547538530876,-2.195252964331253,8521746.4,False,False,False,False,False,False,True,False,False
2025-07-17,1156.2448908960953,1164.604229306905,1149.5560771829796,1157.9154155937892,8835834,1159.6420006312858,1141.6738195896428,1184.3422727636846,51.780939338473104,4.539705766466341,6.541979184117969,-2.0022734176516286,8636521.85,False,False,False,False,False,False,True,False,False
2025-07-18,1168.2119158236426,1179.5934354006279,1152.7398676177756,1164.121387194761,11641721,1159.96708562795,1141.9848465693533,1183.7387059084538,53.69103065362162,4.742046107306123,6.1819925687556,-1.4399464614494768,8721229.4,False,False,False,False,False,False,True,False,False
2025-07-21,1151.7165079023086,1171.3493498020548,1135.5060226810751,1155.1388645808213,13778555,1160.1158484899747,1141.8403422166123,1183.1210960487165,50.56862213418585,4.129979942381169,5.771590043480715,-1.6416101010995456,8900536.35,False,False,False,False,False,False,True,False,False
2025-07-22,1149.7678503063032,1156.0419900910456,1133.6243066856077,1139.89844647035,11672753,1158.781631982677,1141.0676210618926,1182.4464535904103,45.71132128838681,2.3876157765205335,5.094795190088679,-2.707179413568146,9210903.9,False,False,False,False,False,False,False,False,False
2025-07-23,1127.8732636887323,1144.163605891322,1116.1463183911515,1132.4366605937412,9989702,1157.0251722915086,1140.640856913912,1181.7156314861115,43.50782733511014,0.4000641717832423,4.155848986427593,-3.7557848146443504,9349949.25,False,False,False,False,False,False,False,False,False
2025-07-24,1157.673342249708,1158.2092028136262,1147.2898236953963,1147.8256842593146,4976914,1156.5617473974908,1140.4168050183082,1181.1131477450072,48.971149853359776,0.06592090866683975,3.337863370875442,-3.271942462208602,9320968.2,False,False,False,False,False,False,True,False,False
2025-07-25,1165.0877205707961,1172.9864433059524,1161.441857054599,1169.3405797897553,9937771,1157.5547085252913,1141.1017271996534,1180.714111608011,55.45692142223805,1.5196644809193458,2.974223592884223,-1.454559111964877,9295422.3,False,False,False,False,False,False,True,False,False
2025-07-28,1201.9139531169405,1215.4969510143067,1185.6257242829008,1199.208722180267,6875082,1159.729898641725,1142.5933171099582,1180.437854104092,62.56947346949055,5.023963088839764,3.3841714920753314,1.6397915967644328,9037904.95,False,False,False,False,True,False,True,False,False
2025-07-29,1199.6895309168535,1204.6389995609838,1193.4817763305205,1198.4312449746508,6768316,1161.3334649574476,1143.865402372891,1180.1651911487631,62.290648147249506,7.650222071932603,4.237381608046786,3.412840463885817,8811478.6,False,False,False,False,False,False,True,False,False
2025-07-30,1246.1545721706577,1252.4560180717097,1241.8534519950854,1248.1548978961373,7054370,1166.4159381310658,1146.6042381823,1180.2386328622379,71.14646748490975,13.58720957581977,6.1073472016013834,7.479862374218387,8757579.85,False,True,False,False,False,False,True,False,False
2025-07-31,1248.6470904871696,1255.866161242363,1237.8594774053356,1245.078548160529,10210315,1170.8913068661934,1149.5298941222152,1180.263368704073,70.05037423317003,17.838448700231993,8.453567501327505,9.384881198904488,9016086.45,False,True,False,False,False,False,True,False,False
2025-08-01,1245.1737666950219,1255.877420601646,1235.9280818287104,1246.6317357353346,7619813,1175.9583335296734,1152.112654870546,1180.2855567812576,70.29916582197593,21.089805442417173,10.98081508954544,10.108990352871734,9118755.85,False,True,False,False,False,False,True,False,False
2025-08-04,1228.2344717914846,1236.339609791216,1208.7802353364568,1216.8853733361882,8326045,1178.0065708416673,1153.8701488158438,1180.0462941626763,60.01642163202477,21.02389585596461,12.989431242829273,8.034464613135338,8951416.95,False,False,False,True,False,False,True,False,False
2025-08-05,1239.7441584218677,1243.9525386523217,1226.2462309453806,1230.4546111758345,14386067,1181.2598743320505,1155.7621619075048,1179.87373239426,62.6968870517312,21.815115057707544,14.754568005804929,7.060547051902615,9453752.1,False,False,False,False,False,False,True,False,False
2025-08-06,1253.4462781058726,1260.169314072722,1243.6307544228346,1250.353790389684,10954434,1184.8434606929725,1157.8150857427647,1179.8028777834409,66.26823383339146,23.77380975353708,16.55841635535136,7.2153933981857215,9449002.55,False,False,False,False,False,False,True,False,False
2025-08-07,1254.6214579558905,1261.829123173271,1248.133011078537,1255.3406762959175,6905449,1188.4341252011964,1160.0082993703518,1179.8870225515693,67.11785636618467,25.43528726839054,18.333790537959196,7.101496730431343,9133539.1,False,False,False,False,False,False,True,False,False
2025-08-08,1263.4440199624216,1270.9276907706364,1249.8360513395571,1257.319722147772,9895590,1193.033782243687,1162.7601552044237,1179.946237846746,67.46804991830882,26.605026446062993,19.988037719579957,6.6169887264830365,9289597.7,False,False,False,False,False,False,True,False,False
2025-08-11,1268.750961337933,1274.9093513800406,1258.7662946207497,1264.9246846628573,10422169,1198.6619103047292,1165.876240798253,1180.1348724783343,68.8413109767863,27.824961256598726,21.55542242698371,6.269538829615016,9317227.65,False,False,False,False,False,False,True,False,False
2025-08-12,1267.572599767573,1276.4297449378728,1257.1723137398956,1266.0294589101954,4900838,1204.3900160389596,1168.9215420655817,1180.4492563146748,69.04573159601577,28.55178720188769,22.95469538196451,5.5970918199231825,9265844.75,False,False,False,False,False,False,True,False,False
2025-08-13,1269.2247662827385,1273.4062392903252,1267.796172252836,1271.9776452604226,5422227,1210.873407480416,1171.8401214657536,1180.7790812682438,70.18008311926937,29.27036043252383,24.217828392076377,5.052532040447453,9028698.25,False,True,False,False,False,False,True,False,False
2025-08-14,1264.2833746246092,1269.3365388680634,1260.948297255652,1266.0014614991062,14550145,1216.277709775682,1174.2341863778308,1181.068719222466,67.50351937514222,29.023047188586588,25.17887215137842,3.844175037208167,9314413.8,False,False,False,True,False,False,True,False,False
2025-08-15,1259.1916581160347,1275.0879013586514,1248.7384800068457,1264.6347232494625,8182935,1221.303376578417,1177.012052633801,1181.343914581826,66.87535127531454,28.38950872184273,25.820999465471285,2.5685092563714456,9141474.5,False,False,False,False,False,False,True,False,False
2025-08-18,1277.691751833995,1285.5272703496246,1266.2748742892743,1274.1103928049038,10730544,1227.2519529896213,1180.2849205690575,1181.609693817316,69.02732710764701,28.325513377997368,26.321902247976503,2.0036111300208646,8989073.95,False,False,False,False,False,False,True,False,False
2025-08-19,1261.0238129755282,1268.3790219702792,1249.1813042426577,1256.5365132374086,7317492,1233.0838563279742,1183.1472746442275,1181.8208050342064,61.09930583994277,26.550671779823006,26.367656154345802,0.18301562547720351,8771310.9,False,False,False,False,False,False,True,True,False
2025-08-20,1261.1194018705057,1274.0274470577203,1251.1708397420925,1264.0788849293072,5735169,1239.6659675447522,1186.4736012096864,1181.9805957916078,63.06023903673414,25.459225286250103,26.18596998072666,-0.7267446944765581,8558584.25,False,False,False,False,False,True,True,False,False
2025-08-21,1252.8255519832496,1261.9673460116974,1250.2684660489672,1259.410260077415,9983939,1245.2451963356575,1189.5355685735294,1182.1399989822212,61.01014750044069,23.941543853969506,25.737084755375232,-1.795540901405726,8808935.5,False,False,False,False,False,False,True,False,False
2025-08-22,1264.6491804003772,1273.3629030347763,1251.3192457348687,1260.0329683692678,10370964,1249.779815764633,1192.1812805067912,1182.2700630306974,61.19137589384668,22.529313833681044,25.0955305710364,-2.5662167373553544,8830595.15,False,False,False,False,False,False,True,False,False
2025-08-25,1266.9972685966604,1272.3942372079161,1262.7814647831638,1268.1784333944195,7972990,1253.2283013253407,1195.086238312212,1182.331522489569,63.576300324974625,21.81590218066185,24.43960489296149,-2.6237027122996395,8885490.55,False,False,False,False,False,False,True,False,False
2025-08-26,1274.336103170183,1288.4326052811723,1260.5505523306,1274.6470544415895,7920818,1257.0390917986874,1198.0720794028043,1182.3864301064912,65.39501890117288,21.52436251119707,23.856556416608605,-2.332193905411536,8943115.65,False,False,False,False,False,False,True,False,False
2025-08-27,1301.4301192823236,1303.132494931908,1300.0408071492097,1301.7431827987941,5664738,1259.7185060438203,1201.5778288627598,1182.6657074842103,71.75676223244662,23.212170872604702,23.727679307807826,-0.5155084352031238,8873634.05,False,True,False,False,False,False,True,False,False
2025-08-28,1343.825282727111,1352.772463021156,1342.553447991265,1351.50062828531,3824578,1265.0396100500595,1205.8653449945448,1183.199504376157,79.2870936040795,28.239256597730446,24.62999476579235,3.6092618319380954,8554347.2,False,True,False,False,True,False,True,False,False
2025-08-29,1357.8140648754231,1379.3354359480845,1342.9327011572557,1364.454072229917,6647885,1270.9307268747884,1210.0020326939134,1183.8859511902906,80.72769898745128,32.889364798493034,26.281868772332487,6.607496026160547,8505750.8,False,True,False,False,False,False,True,False,False
2025-09-01,1349.159770600961,1357.5538521878773,1345.1369607740091,1353.5310423609253,7666983,1277.7630103260256,1214.0293813943254,1184.6619351348368,75.93179778540974,35.286451578219385,28.082785333509868,7.203666244709517,8472797.7,False,True,False,False,False,False,True,False,False
2025-09-02,1340.9492696692616,1347.4587640907355,1324.0148080800477,1330.5243025015216,6637987,1282.7664948923098,1217.3082119120297,1185.3031530835374,66.91471731078157,34.92709072935486,29.45164641267887,5.47544431667599,8085393.7,False,False,False,True,False,False,True,False,False
2025-09-03,1360.8766617519045,1375.0826450360971,1354.2824360231489,1368.4884193073415,5335945,1288.6732263381928,1221.3266632098344,1186.0670212643117,72.68005758975823,37.27598723706933,31.01651457755696,6.259472659512369,7804469.25,False,True,False,False,False,False,True,False,False
2025-09-04,1351.9845655703584,1363.8560847953372,1343.3855852937525,1355.2571045187312,7782028,1293.6690477493335,1225.2899216574156,1186.6977651012776,68.21830577365067,37.636003694596866,32.340412400964944,5.295591293631922,7848298.2,False,False,False,True,False,False,True,False,False
2025-09-05,1393.0996263430713,1397.1467935183723,1384.781911759781,1388.829078935082,5844454,1300.2445155886987,1230.0768760914425,1187.2614347737954,72.78369558387155,40.16727376496556,33.90578467376507,6.261489091200488,7645741.4,False,True,False,False,False,False,True,False,False
2025-09-08,1401.9081917514577,1406.0137903473426,1393.3705342747426,1397.4761328706275,9729263,1306.8720879990874,1234.912300351823,1187.7254423794848,73.8265825042103,42.382509333303915,35.60112960567284,6.7813797276310765,7611096.1,False,True,False,False,False,False,True,False,False
2025-09-09,1411.175657525778,1421.7364484315601,1410.3630526005634,1420.9238435063455,3255550,1314.6168072288951,1240.003578848746,1188.4151875907787,76.46060960939525,45.50557383974251,37.58201845248678,7.923555387255732,7528831.7,False,True,False,False,False,False,True,False,False
2025-09-10,1367.4161736384717,1383.2432647877574,1357.1327865307965,1372.9598776800822,7755517,1319.665918849878,1244.5326677138721,1188.687164421773,62.58559328243926,43.60765190463235,38.78714514291589,4.820506761716459,7645496.2,False,False,False,True,False,False,True,False,False
2025-09-11,1381.050907215273,1391.9541398178994,1369.2737898443247,1380.1770224469512,8993219,1325.37469689727,1249.0247846936518,1189.0703107617649,63.654360386070486,42.19944937955688,39.46960599024409,2.7298433893127907,7367649.9,False,False,False,False,False,False,True,False,False
2025-09-12,1371.405075236026,1380.2319961195738,1367.3763745157444,1376.203295399292,7715319,1330.9531255047618,1253.643026552323,1189.5842216508659,62.59414230417086,40.29825892585745,39.635336577366765,0.6629223484906888,7344269.1,False,False,False,False,False,False,True,False,False
2025-09-15,1371.9535363454788,1378.4363689122645,1359.4282714788046,1365.9111040455903,6251589,1335.543161066796,1257.4428360913087,1190.1126152185884,59.815239254372266,37.52845331795311,39.21395992548403,-1.6855066075309253,7120321.35,False,False,False,False,False,True,True,False,False
2025-09-16,1371.1198053606286,1373.583747956259,1369.8690264038642,1372.3329689994946,8937102,1341.3329838549002,1261.5817246439349,1190.807548127228,60.979292488880596,35.44298854092699,38.45976564857263,-3.0167771076456376,7201301.85,False,False,False,False,False,False,True,False,False
2025-09-17,1357.6051079481847,1366.9919625456455,1353.4491218184396,1362.8359764159004,10938092,1346.2708384292298,1265.264802908828,1191.282254679532,58.29013563510692,32.64757383954111,37.297327286766325,-4.6497534472252156,7461448.0,False,False,False,False,False,False,True,False,False
2025-09-18,1360.9387079626808,1361.4187815748132,1356.4320167941778,1356.9120904063102,8209796,1351.1459299456747,1268.7324969943254,1191.8411175145548,56.61304870674015,29.61282128538778,35.76042608649062,-6.147604801102837,7372740.85,False,False,False,False,False,False,True,False,False
2025-09-19,1346.5167269581373,1362.1888818127763,1334.7031406358587,1350.3752954904978,8802098,1355.6630463017361,1272.433471278176,1192.3108716443978,54.74142116968252,26.376244376053137,33.883589744403125,-7.507345368349988,7294297.55,False,False,False,False,False,False,True,False,False
2025-09-22,1308.2821545989905,1326.3979431351195,1300.5949441497905,1318.7107326859195,8764382,1358.1896612663113,1275.7604434630543,1192.6033747880701,46.68924838234233,21.013932734744003,31.3096583424713,-10.295725607727299,7333867.15,False,False,False,False,False,False,True,False,False
2025-09-23,1297.5830011792593,1310.0930232555313,1288.2146664134468,1300.7246884897188,14227758,1359.4935429687177,1278.745590348337,1192.7149913202757,42.83497611545098,15.13843225100436,28.075413124177913,-12.936980873173553,7649214.15,False,False,False,False,False,False,True,False,False
2025-09-24,1290.3583043959368,1301.5606740565697,1285.8000305800138,1297.0024002406467,5946860,1359.2565038408104,1281.839442024524,1192.9075725227954,42.06111098946855,10.065667484604319,24.4734639962632,-14.40779651165888,7663320.25,False,False,False,False,False,False,True,False,False
2025-09-25,1292.456325016406,1298.4329351855636,1291.25109792966,1297.2277080988176,1306290,1356.5428578314857,1284.6256878746246,1193.144786743014,42.129262703563455,5.994543949933131,20.777679986997185,-14.783136037064054,7537405.85,False,False,False,False,False,False,True,False,False
2025-09-26,1329.248686860203,1351.1775022788745,1306.5926532731219,1328.5214686917934,8322575,1354.7462276545796,1287.9136895045654,1193.5952770899912,50.787816418589756,5.232971724203708,17.66873833443849,-12.435766610234783,7621140.35,False,False,False,False,False,False,True,False,False
2025-09-29,1300.7303227171633,1327.8177757320966,1286.8315312181385,1313.9189842330718,6902947,1352.7656247481868,1291.0892918976103,1194.069714148538,47.23628428808612,3.4117927674610655,14.817349221043006,-11.40555645358194,7582938.55,False,False,False,False,False,False,True,False,False
2025-09-30,1322.5368827160505,1331.0436231828592,1303.3119575610954,1311.818698027904,8742013,1351.830344524506,1294.5276969287613,1194.4939413817092,46.73012229085256,1.7785181295159873,12.209583002737604,-10.431064873221617,7688139.85,False,False,False,False,False,False,True,False,False
2025-10-01,1330.0020892028022,1333.6325248314754,1314.6212005276313,1318.2516361563046,10749993,1349.318505366954,1298.2439964400126,1195.06760701148,48.54867522432891,0.9917878435965122,9.966023970909387,-8.974236127312874,7958842.25,False,False,False,False,False,False,True,False,False
2025-10-02,1347.567917019958,1359.023051246467,1329.3871515681737,1340.8422857946828,6375801,1348.5977644307516,1302.10432847072,1195.6828066199837,54.43182507886455,2.166204395939303,8.40606005591537,-6.239855659976067,7888530.9,False,False,False,False,False,False,True,False,False
2025-10-03,1347.9018152388169,1348.4670798092307,1343.663778312588,1344.2290428830017,9010966,1346.3677626281476,1305.602097732585,1196.3497486816582,55.25780716087275,3.3318138910490234,7.391210822942101,-4.059396931893078,8046856.5,False,False,False,False,False,False,True,False,False
2025-10-06,1352.7995493173785,1357.9095834211548,1350.2260274221253,1355.3360615259016,7715223,1344.2607590609114,1308.7246445194976,1197.2179284715057,57.94980753105374,5.09310129159644,6.931588916672969,-1.838487625076529,7946154.5,False,False,False,False,False,False,True,False,False
2025-10-07,1351.4210243374464,1361.801689330674,1343.6089793078006,1353.9896443010282,8586338,1340.9140491006453,1311.8358125060251,1198.1455169543851,57.49818167036227,6.307579775037311,6.806787088345838,-0.49920731330852686,8212693.9,False,False,False,False,False,False,True,False,False
2025-10-08,1353.8248657430447,1358.7028538260213,1351.1464346828177,1356.0244227657943,8528620,1340.0672763549312,1313.9932030034186,1198.9033750348024,58.03051372066051,7.349531515377748,6.91533597375222,0.4341955416255283,8251349.05,False,False,False,False,True,False,True,False,False
2025-10-09,1350.1711175862476,1352.1066548213328,1338.3818680088493,1340.3174052439344,6128682,1338.0742954947802,1315.8979801450864,1199.4754382754486,52.55813290377143,6.829138671845158,6.898096513370808,-0.06895784152565021,8108122.2,False,False,False,False,False,True,True,False,False
2025-10-10,1299.6120378240446,1307.3595798388835,1299.5949532391862,1307.3424952540252,7800009,1334.631255487517,1317.1121953354602,1200.0340407449053,43.321775706189015,3.713121388721902,6.261101488441027,-2.5479800997191253,8112356.7,False,False,False,False,False,False,False,False,False
2025-10-13,1307.063538669399,1322.2943676232921,1300.298242010473,1315.5290709643662,5626932,1332.1121538334557,1319.0850692880238,1200.5929372019841,45.86532227934386,1.8825427034673794,5.385389731446298,-3.502847027978919,8081123.85,False,False,False,False,False,False,False,False,False
2025-10-14,1343.4143184590487,1349.5941282253568,1330.6968529822022,1336.8766627485104,8575328,1330.3393385209065,1321.2135103194773,1201.3428676614067,51.924064718196846,2.129816950468012,4.734275175250641,-2.604458224782629,8063035.15,False,False,False,False,False,False,True,False,False
2025-10-15,1359.253273156749,1364.4193093732408,1348.9155951608348,1354.0816313773266,8376005,1329.901621268978,1323.28806713923,1202.0979413435866,56.180660774998834,3.671755046565295,4.521771149513572,-0.8500161029482776,7934930.8,False,False,False,False,False,False,True,False,False
2025-10-16,1339.9957239096311,1347.147142026627,1334.762344912517,1341.913763029513,8366158,1329.151704900138,1325.0195288739021,1202.8023020402586,52.63149945281416,3.8673266776243054,4.390882255135719,-0.5235555775114138,7942748.9,False,False,False,False,False,False,True,False,False
2025-10-17,1356.6408000965835,1375.4790010144739,1339.9486337582189,1358.7868346761093,6497513,1329.5722818594186,1327.0488711244689,1203.6371698099997,56.71506901799528,5.322480232995758,4.577201850707727,0.7452783822880313,7827519.65,False,False,False,False,True,False,True,False,False
2025-10-20,1341.2300436041626,1352.5915796353092,1329.865620028511,1341.2271560596578,7599896,1330.6981030281054,1328.5749205524046,1204.3613562410217,51.71817007053152,5.001130676113917,4.6619876157889655,0.33914306032495123,7769295.35,False,False,False,False,False,False,True,False,False
2025-10-21,1341.3283439149272,1344.1896783932327,1328.3058980241833,1331.1672325024888,5860852,1332.2202302287437,1329.8776760242506,1205.0578328505012,49.051803343256886,3.889867113585069,4.5075635153481866,-0.6176964017631175,7350950.05,False,False,False,False,False,True,True,False,False
2025-10-22,1332.9070910933483,1340.9483108421978,1311.244727341871,1319.2859470907206,5693203,1333.3344075712475,1330.8238420608568,1205.719638481219,46.03323078851374,2.0270952056671376,4.0114698534119775,-1.9843746477448398,7338267.2,False,False,False,False,False,False,False,False,False
2025-10-23,1308.966477479667,1315.010022561248,1306.2711042765548,1312.3146493581357,9655547,1334.0887546342135,1331.7501058180371,1206.3919194216337,44.31022979133687,-0.0115571932290095,3.20686444408378,-3.2184216373127894,7755730.05,False,False,False,False,False,False,False,False,False
2025-10-24,1315.2759911080336,1321.5963383806359,1307.731335346297,1314.0516826188993,9462359,1333.3652653305687,1332.738445005426,1207.1218380103537,44.863998644949184,-1.4700935169389595,2.271472851879232,-3.7415663688181917,7812719.25,False,False,False,False,False,False,False,False,False
2025-10-27,1281.9837266432196,1285.6445512607252,1279.6415176735413,1283.302342291047,8245528,1331.8344332334677,1332.9222839951485,1207.711787818353,37.71452466082907,-5.049007032985173,0.8073768749063512,-5.856383907891525,7879848.3,False,False,False,False,False,False,False,False,False
2025-10-28,1266.6508778404143,1268.2921430346441,1263.728485423105,1265.3697506173348,7280110,1329.5119858629391,1333.0989487427473,1208.141803901199,34.2832891148079,-9.225980695790895,-1.199294639233098,-8.026686056557796,7806753.15,False,False,False,False,False,False,False,False,False
2025-10-29,1283.387830131576,1289.7104328584833,1260.0843246260213,1266.4069273529285,7337178,1326.9197504227704,1333.1455095912197,1208.5899448040918,34.653592770323016,-12.310661282377168,-3.4215679678619124,-8.889093314515256,7636112.4,False,False,False,False,False,False,False,False,False
2025-10-30,1283.1557463912084,1293.082050446894,1268.2018770635952,1278.128181119281,9642706,1323.7840451890002,1333.519868012057,1209.087767327913,38.84735145424465,-13.652112594980736,-5.467676893285677,-8.184435701695058,7799457.65,False,False,False,False,False,False,False,False,False
2025-10-31,1295.6088050858784,1305.0323663560905,1287.9944544801033,1297.4180157503154,7646025,1321.443493832366,1334.2675689596779,1209.7223339932477,45.092625740508026,-13.008737355428138,-6.97588898571417,-6.032848369713968,7731210.6,False,False,False,False,False,False,False,False,False
2025-11-03,1309.1246161077631,1318.8240520122492,1292.3079089753737,1302.0073448798598,9187871,1318.7770580000638,1334.944147189387,1210.3935677836148,46.492711294150645,-11.990320386978055,-7.978775265966947,-4.011545121011109,7804843.0,False,False,False,False,False,False,False,False,False
2025-11-04,1269.2958639844642,1278.2648820213617,1258.697067009136,1267.6660850460335,13009514,1314.4608800373142,1334.8045278014758,1210.9689301752283,38.56770830434615,-13.79524724588282,-9.142069661950122,-4.653177583932697,8026001.8,False,False,False,False,False,False,False,False,False
2025-11-05,1258.9809638873246,1273.8126247175805,1244.2154188640282,1259.047079694284,8347236,1309.6120128837385,1333.9506057393855,1211.5289587219595,36.86906461135694,-15.739708918430551,-10.46159751324621,-5.278111405184342,8016932.6,False,False,False,False,False,False,False,False,False
2025-11-06,1229.772773405377,1235.2880020883142,1224.9219165821162,1230.4371452650535,11555303,1304.1179998847945,1331.5293360789804,1211.9594768664806,31.85389728054416,-19.366051620126427,-12.242488334622253,-7.123563285504174,8288263.65,False,False,False,False,False,False,False,False,False
2025-11-07,1217.4061199574792,1218.3609923155411,1214.0429531352547,1214.9978254933167,11247901,1299.500766396759,1328.5402111442484,1212.3869263673387,29.520229545989125,-23.21813421298839,-14.437617510295482,-8.780516702692907,8460658.25,True,False,False,False,False,False,False,False,False
2025-11-10,1226.1911117867335,1234.6952760176814,1217.9686173517664,1226.4727815827143,8555632,1295.0479519276764,1325.9990459286842,1212.8012831353217,33.42414796148378,-25.05617240581455,-16.561328489399294,-8.494843916415256,8607093.25,False,False,True,False,False,False,False,False,False
2025-11-11,1245.493714203196,1251.0835040849738,1240.9308645242463,1246.520654406024,10594446,1290.5301515105523,1324.3189729667743,1213.28663810839,39.70763235289683,-24.611429882598713,-18.171348768039177,-6.440081114559536,8708049.15,False,False,False,False,False,False,False,False,False
2025-11-12,1280.0069153672293,1282.3777283174586,1268.066277121321,1270.4370900715503,5987331,1286.3479244452633,1322.3579463820583,1214.0244485476487,46.22774230218948,-22.0746489365888,-18.952008801749102,-3.122640134839699,8588615.45,False,False,False,False,False,False,False,False,False
2025-11-13,1255.9732554639993,1261.5387296669815,1247.7912710288708,1253.356745231853,6326156,1281.9200735553804,1320.3199391963208,1214.6479070317282,42.67811563567877,-21.19811417765004,-19.401229876929293,-1.7968843007207482,8486615.35,False,False,False,False,False,False,False,False,False
2025-11-14,1241.3721238882508,1257.9560207598788,1237.6940652941366,1254.2779621657646,6248771,1276.694629929863,1317.6289168609344,1215.1714010836115,42.93263321838834,-20.19630907916485,-19.560245717376404,-0.6360633617884446,8474178.25,False,False,False,False,False,False,False,False,False
2025-11-17,1232.916455468979,1240.4486328172975,1222.2034814752185,1229.735658823537,2639230,1271.1200550680571,1314.2741073799928,1215.5147803196198,38.08143790548543,-21.13905225632243,-19.87600702516561,-1.2630452311568199,8226144.95,False,False,False,False,False,False,False,False,False
2025-11-18,1185.2921262628481,1191.9410006690755,1184.85933757995,1191.5082119861775,6876956,1264.1371040422416,1309.6857947495891,1215.8090568675077,32.01352442754734,-24.686250763841144,-20.838055772900717,-3.848194990940428,8276950.15,False,False,False,False,False,False,False,False,False
2025-11-19,1150.209225229727,1157.0981945418057,1139.5463843221623,1146.435353634241,12302921,1255.4945743694175,1305.1553042686726,1215.8264779671103,26.626338333907867,-30.779625750640434,-22.82636976844866,-7.953255982191774,8607436.05,True,False,False,False,False,False,False,False,False
2025-11-20,1135.6678338679735,1139.6105545025898,1123.4848120122624,1127.4275326468787,9542351,1246.2502185338546,1300.100314472671,1215.5676963736823,24.73591776660166,-36.71916593871288,-25.604929002501503,-11.114236936211373,8601776.25,True,False,False,False,False,False,False,False,False
2025-11-21,1147.0840261770247,1147.8680411119913,1139.6240853276915,1140.408100262658,9941153,1237.5680394160427,1295.3844105699384,1215.4556298193806,28.470795724196947,-39.9187129322263,-28.467685788446463,-11.451027143779836,8625715.95,True,False,False,False,False,False,False,False,False
2025-11-24,1145.7293582621317,1146.789405985848,1140.4788865735245,1141.5389342972408,6339720,1230.4798690163523,1290.8969671749715,1215.317061044803,28.8022660740543,-41.88035742943134,-31.15022011664344,-10.730137312787903,8530425.55,True,False,False,False,False,False,False,False,False
2025-11-25,1146.14439723975,1151.343328248891,1137.3097064523522,1142.5086374614932,7348060,1224.3368133585604,1286.3004805442113,1215.154046220706,29.105653461339855,-42.862634120071334,-33.49270291732902,-9.369931202742315,8533823.05,True,False,False,False,False,False,False,False,False
2025-11-26,1129.1626184686763,1135.5783493535873,1124.2639668215206,1130.6796977064316,5874447,1217.5504518762355,1281.657354970022,1215.063236844456,27.56272700824468,-44.08738017872474,-35.611638369608166,-8.475741809116577,8460686.5,True,False,False,False,False,False,False,False,False
2025-11-27,1099.4396037604333,1101.9306691299046,1098.8185722576225,1101.3096376270937,11232109,1208.7095247016262,1276.5453059144377,1214.7599972966298,24.14085185693108,-46.88742954520967,-37.86679660472847,-9.0206329404812,8540156.65,True,False,False,False,False,False,False,False,False
2025-11-28,1117.195231306633,1123.2856020510374,1100.3672458989033,1106.4576166433076,9575074,1199.1615047462756,1271.6669523374937,1214.518713681593,25.877878320356686,-48.136205742214315,-39.92067843222564,-8.215527309988673,8636609.1,True,False,False,False,False,False,False,False,False
2025-12-01,1103.7125897033243,1116.8071563916435,1085.9102370585315,1099.0048037468507,9531723,1189.0113776896253,1267.2728337587123,1214.289430309043,24.98588551217884,-49.16055728725178,-41.76865420323087,-7.39190308402091,8653801.7,True,False,False,False,False,False,False,False,False
2025-12-02,1087.8679730567449,1093.4904345183286,1083.9000457827008,1089.5225072442845,4013330,1180.1041987995377,1263.0487901338038,1214.126458996174,23.859041812536162,-50.15930015850017,-43.44678339428473,-6.712516764215444,8203992.5,True,False,False,False,False,False,False,False,False
2025-12-03,1093.745521815913,1106.4902936326882,1087.9874933536535,1100.7322651704287,8620612,1172.188458073345,1259.1233874323996,1214.041424844685,27.99340474121945,-49.475949352309954,-44.652616585889774,-4.8233327664201795,8217661.3,True,False,False,False,False,False,False,False,False
2025-12-04,1116.9067671451985,1121.4370818701389,1112.7584544397369,1117.2887691646772,8700832,1166.5310392683264,1255.5246086537165,1214.0459250958322,33.7179777388607,-47.05598530401812,-45.13329032951545,-1.9226949745026758,8074937.75,False,False,True,False,False,False,False,False,False
2025-12-05,1118.6386722103568,1125.0349197215896,1109.1543181518518,1115.5505656630846,9970618,1161.5586762768148,1251.2651905931423,1213.987909199681,33.417603427706354,-44.76241163891336,-45.05911459139504,0.2967029524816738,8011073.6,False,False,False,False,True,False,False,False,False
2025-12-08,1105.0913258781516,1131.4134586081595,1089.8744084345071,1116.196541164515,7105271,1156.0448642559045,1247.3107417317713,1213.8664344404654,33.65414917620619,-42.40380845230493,-44.528053363577015,2.1242449112720863,7938555.55,False,False,False,False,False,False,False,False,False
2025-12-09,1141.2323489743537,1150.8245175452114,1128.8078125474344,1138.399981118292,9861145,1150.638830591518,1243.842367393579,1213.8723034749894,41.364988262118565,-38.30145110520448,-43.28273291190251,4.9812818066980284,7901890.5,False,False,False,False,False,False,False,False,False
2025-12-10,1125.5283846395482,1126.8280080405048,1123.5455187275368,1124.8451421284933,14028690,1143.359233194365,1239.974237513023,1213.7474192332768,38.428677021050866,-35.73216739250074,-41.77261980802216,6.040452415521415,8303958.45,False,False,False,False,False,False,False,False,False
2025-12-11,1119.2526073686795,1123.9233434744733,1111.1910547868067,1115.8617908926005,8623517,1136.4844854774026,1235.474627614981,1213.5459754174817,36.575616767101295,-34.02861224731964,-40.22381829588166,6.195206048562014,8418826.5,False,False,False,False,False,False,False,False,False
2025-12-12,1125.1613181805935,1145.9310813291277,1114.8525880522059,1135.62235120074,9825688,1130.5517049291511,1231.302493781336,1213.3973884368306,43.07782873661916,-30.729786599051977,-38.32501195651572,7.595225357463747,8597672.35,False,False,False,False,False,False,False,False,False
2025-12-15,1158.7185856607234,1159.1288458295983,1157.2570109977532,1157.667271166628,8866758,1126.948285546306,1227.3491179741504,1213.274986365513,49.31999682394937,-26.036470477357625,-35.8673036606841,9.830833183326476,8909048.75,False,False,False,False,False,False,False,False,False
2025-12-16,1157.3536614810266,1159.3338022185744,1149.9055785992177,1151.8857193367655,5408365,1124.9671609138352,1223.3070394748652,1213.189614800287,47.83832988319652,-22.523865451319807,-33.198616018811244,10.674750567491436,8835619.2,False,False,False,False,False,False,False,False,False
2025-12-17,1151.4890083464315,1161.512333933268,1148.71812389117,1158.7414494780066,6357668,1125.5824657060234,1219.3613800091096,1213.1598523630375,49.76551519902133,-18.96824639741544,-30.352542094532083,11.384295697116642,8538356.55,False,False,False,False,False,False,False,False,False
2025-12-18,1188.647715020073,1199.5079562557848,1173.7437281219154,1184.6039693576272,7706174,1128.441287541561,1216.2471112913834,1213.2630524562,56.32154690637575,-13.903235622364946,-27.062680800098658,13.159445177733712,8446547.7,False,False,False,False,False,False,False,False,False
2025-12-19,1188.178541653522,1198.405892745987,1167.1887012754014,1177.4160523678665,5400051,1130.2916851468212,1213.6485824336603,1213.2713989898245,54.20421448932057,-10.349875992977331,-23.720119838674393,13.370243845697061,8219492.6,False,False,False,False,False,False,False,False,False
2025-12-22,1174.4581328769293,1188.5507165594552,1168.447660497423,1182.5402441799488,3757453,1132.341750640957,1210.9888058979718,1213.2121172821824,55.48887982258806,-7.039190030607415,-20.383933877060997,13.344743846453582,8090379.25,False,False,False,False,False,False,False,False,True
2025-12-23,1224.5396469637549,1229.130300557479,1207.7237966301445,1212.3144502238686,7657074,1135.8320412790756,1208.497561647479,1213.3225763492171,62.13543948189997,-1.9899787229039703,-16.70514284622959,14.715164123325621,8105829.95,False,False,False,False,False,False,True,False,False
2025-12-24,1204.075551368332,1214.861807041882,1196.0787919207132,1206.8650475942632,2036907,1139.6413087734672,1205.5532299718177,1213.2812032659976,60.35894678160264,1.5539237012587819,-13.053329536731917,14.6072532379907,7913952.95,False,False,False,False,False,False,True,False,False
2025-12-25,1211.944525649396,1216.2675227966904,1209.4126090276995,1213.735606174994,2731663,1145.262607200862,1202.9896668347274,1213.2951069806381,61.84029413092347,4.860855644564026,-9.47049250047273,14.331348145036756,7488930.65,False,False,False,False,False,False,True,False,False
2025-12-26,1193.2677444127996,1213.3407635178628,1178.7159316601644,1198.7889507652276,10834981,1149.8791739069582,1199.7897091565098,1213.224595362181,56.86210585047931,6.204036585752874,-6.335586683227609,12.539623268980483,7551926.0,False,False,False,False,False,False,False,False,False
2025-12-29,1195.4145052486292,1198.5515106980333,1189.6217536290171,1192.7587590784212,3226696,1154.5668716735368,1196.8203412168848,1213.1216158006234,54.94050065998592,6.704644122087075,-3.7275405221646727,10.432184644251748,7236674.65,False,False,False,False,False,False,False,False,False
2025-12-30,1190.1188752712173,1195.9831701505323,1186.71159080571,1192.575885685025,3509236,1159.7195405955736,1194.0485142805358,1213.0010916955832,54.8799304797906,7.005863612082521,-1.580859695315234,8.586723307397754,7211469.95,False,False,False,False,False,False,False,False,False
2025-12-31,1197.7394479473576,1200.1927331707666,1195.8021730005833,1198.2554582239923,12159679,1164.595700248252,1191.627904503201,1212.9627003827807,56.484505355712194,7.615094200092699,0.2583310837663524,7.356763116326347,7388423.3,False,False,False,False,False,False,True,False,False
2026-01-01,1198.2913363712848,1209.808503620563,1196.4254621138143,1207.9426293630925,7722225,1169.1283932581725,1189.5404641033,1212.9333159927617,59.15271199322236,8.778395700939427,1.9623440072009675,6.816051693738459,7339492.95,False,False,False,False,False,False,True,False,False
2026-01-02,1235.096529292866,1242.5348273323218,1222.217968881399,1229.6562669208547,1589607,1174.8336783210611,1187.8525557893395,1212.9662954477476,64.41909901915452,11.321917585687288,3.834258722898232,7.487658862789056,6920442.4,False,False,False,False,False,False,True,False,False
2026-01-05,1254.8639489474106,1265.589875468153,1229.9221099577069,1240.6480364784493,7319218,1181.0562530867578,1186.9994696730873,1213.0108229395337,66.75570953420805,14.062517003281528,5.879910378974891,8.182606624306636,6931139.75,False,False,False,False,False,False,True,False,False
2026-01-06,1218.8910858266236,1232.3098976828128,1206.9017513141657,1220.320563170355,11392480,1185.152282189361,1186.0984859241478,1212.965548871831,59.03465086049784,14.427888852850174,7.5895060737499485,6.838382779100225,7007706.5,False,False,False,False,False,False,True,False,False
2026-01-07,1217.8749705804794,1225.2531502883428,1208.2684526170112,1215.6466323248746,3113072,1189.6923566991802,1185.0832800235867,1212.9838580604198,57.39097710228992,14.176879278908473,8.906980714781653,5.2698985641268195,6461925.6,False,False,False,False,False,False,True,False,False
2026-01-08,1231.038784559792,1232.42431899728,1228.9580367526146,1230.3435711901025,4822837,1195.4164457140553,1184.127587825003,1213.1478099638307,61.06218893597791,14.991064858044638,10.12379754343425,4.8672673146103875,6271891.6,False,False,False,False,False,False,True,False,False
2026-01-09,1221.5477393731232,1224.7034975251374,1211.4388672155817,1214.5946253675959,8443881,1199.365059422398,1182.4711200173488,1213.2969246889265,55.53986389611989,14.201795034113275,10.939397041570055,3.262397992543219,6202801.25,False,False,False,False,False,False,True,False,False
2026-01-12,1209.897564659273,1212.7484474363557,1196.928155090971,1199.7790378680536,3937315,1201.4706477574694,1180.4265538771126,1213.4658881452713,50.878274247691245,12.239707194498578,11.199459072155761,1.0402481223428168,5956329.1,False,False,False,False,False,False,True,False,False
2026-01-13,1198.943741696635,1211.7939269740796,1191.326959734091,1204.1771450115355,5353029,1204.0852190412077,1179.1567750764227,1213.661168640093,52.16188946850656,10.913821198332016,11.142331497391012,-0.22851029905899622,5953562.3,False,False,False,False,False,True,True,False,False
2026-01-14,1220.359261289908,1242.2697038399021,1202.9700826828027,1224.8805252327968,3835528,1207.3921728289474,1178.473443987193,1213.996067617936,57.75776751198749,11.402199296497656,11.194305057212343,0.20789423928531292,5827455.3,False,False,False,False,True,False,True,False,False
2026-01-15,1223.516220083114,1228.2932102460688,1219.1973726477092,1223.9743628106642,4882288,1209.360692501599,1178.3441883381051,1214.3150628083454,57.44105435916942,11.58260565544333,11.271965176858542,0.31064047858478894,5686261.0,False,False,False,False,False,False,True,False,False
2026-01-16,1239.7562048467646,1245.2999338370137,1233.516918277864,1239.0606472681131,9404766,1212.4429222466113,1178.825444773601,1214.619929797329,61.25066732579265,12.795418450020861,11.576655831491006,1.2187626185298548,5886496.75,False,False,False,False,False,False,True,False,False
2026-01-19,1232.035747992146,1243.15029689897,1215.9019185614654,1227.0164674682894,11349959,1214.6667334110284,1178.8363184913126,1214.82462471025,56.8736270468528,12.639021898208057,11.789129044834418,0.849892853373639,6266122.05,False,False,False,False,False,False,True,False,False
2026-01-20,1218.895010146301,1227.449640167361,1209.1052721492829,1217.6599021703428,9346067,1214.934006008352,1178.259103446599,1215.0078011447176,53.66524037592141,11.626061876316726,11.75651561113088,-0.13045373481415368,6350571.7,False,False,False,False,False,True,True,False,False
2026-01-21,1199.4590047706815,1211.4081537927866,1191.4526482858037,1203.4017973079087,10723584,1214.7608434940344,1176.9183975913263,1215.148333975938,49.11801365606397,9.562542817417807,11.317721052388265,-1.755178234970458,6784905.55,False,False,False,False,False,False,True,False,False
2026-01-22,1208.9178393170298,1218.3230695094546,1197.8408108265428,1207.2460410189676,4744200,1214.436365236233,1175.9961835070685,1215.2661865357195,50.33980142320595,8.14351407508957,10.682879656928527,-2.5393655818389576,6885532.4,False,False,False,False,False,False,True,False,False
2026-01-23,1197.495775222995,1200.7172158311723,1195.7277851907083,1198.9492257988857,7746012,1214.444378987916,1174.8896087797307,1215.3609065004155,47.678816749580484,6.277081634625347,9.801720052467893,-3.524638417842546,6731083.95,False,False,False,False,False,False,True,False,False
2026-01-26,1212.5463535407087,1223.4862008969621,1199.7358038235004,1210.675651179754,7005529,1215.3402235929827,1174.5084086268553,1215.5749795017307,51.575000326240016,5.678684663110289,8.977112974596372,-3.2984283114860826,6920025.6,False,False,False,False,False,False,True,False,False
2026-01-27,1213.892751868963,1216.7153675686907,1210.810110627628,1213.6327263273558,12011696,1216.393065625099,1174.9508989136789,1215.7672819917761,52.53488225868182,5.381032806454186,8.257896940967935,-2.876864134513749,7345148.6,False,False,False,False,False,False,True,False,False
2026-01-28,1204.8119170938896,1210.3644941410616,1193.5936632382588,1199.1462402854308,4310771,1216.4376047281712,1176.0051166467026,1216.0017071320528,47.5611136170917,3.9308903535193167,7.392495623478212,-3.4616052699588957,6952703.2,False,False,False,False,False,False,True,False,False
2026-01-29,1201.2562065697382,1208.0233262046181,1186.7882490312934,1193.5553686661733,7976250,1215.7182416933251,1177.3276733670884,1216.2041804325575,45.7604633058505,2.3039469309826472,6.374785884979099,-4.070838953996452,6965404.45,False,False,False,False,False,False,True,False,False
2026-01-30,1187.1763293129848,1192.851801604791,1179.1706141741897,1184.846086465996,6332120,1213.477732670582,1178.2164330911553,1216.2908627140541,43.02763487840985,0.3082627984285864,5.1614812676689965,-4.85321846924041,7202530.1,False,False,False,False,False,False,True,False,False
2026-02-02,1218.727012964447,1237.1048950663903,1204.8461992840298,1223.224081385973,13188355,1212.6065349159585,1179.8501360329299,1216.708245132658,55.60840676067001,1.8026721149904006,4.489719437133278,-2.6870473221428774,7495986.95,False,False,False,False,False,False,True,False,False
2026-02-03,1226.738639828469,1236.448969549946,1214.350033586887,1224.060363308364,9772753,1212.793524922859,1181.4811705498673,1217.0988956536944,55.83725847789838,3.0196743013766536,4.195710409981953,-1.1760361086052997,7415000.6,False,False,False,False,False,False,True,False,False
2026-02-04,1201.9432289774327,1216.6216860073662,1200.8894323826185,1215.567889412552,8022743,1212.7895877772428,1183.1789343839896,1217.5101055248317,52.857206459937885,3.261291495017531,4.0088266269890696,-0.7475351319715386,7660484.15,False,False,False,False,False,False,True,False,False
2026-02-05,1191.844366977377,1195.4921328857274,1188.795732566617,1192.4434984749676,8921526,1210.894584141486,1185.0016116009472,1217.739166875694,45.704370642058336,1.5687462415100981,3.520810549893276,-1.9520643083831777,7865418.6,False,False,False,False,False,False,True,False,False
2026-02-06,1183.0592954125746,1197.5082795241271,1182.5726588255652,1197.0216429371178,11679396,1210.0159350199622,1186.8128921268235,1217.918324088482,47.22698469006854,0.5900086781471146,2.9346501755440437,-2.344641497396929,8027194.35,False,False,False,False,False,False,True,False,False
2026-02-09,1214.1105533839689,1226.0182233773303,1206.3442884500782,1218.2519584434397,11684072,1210.9395810487313,1189.1978352207552,1218.3311024759494,53.70982629221629,1.5100541754111418,2.6497309755174636,-1.1396768001063218,8414532.2,False,False,False,False,False,False,True,False,False
2026-02-10,1201.0543390411747,1214.9923777192857,1191.7439326668455,1205.6819713449565,7675710,1211.0148223654026,1191.5210245027686,1218.6369727850074,49.80843538271985,1.2109449340673564,2.3619737672274423,-1.151028833160086,8530666.25,False,False,False,False,False,False,True,False,False
2026-02-11,1197.059012820729,1208.2479458076332,1192.281805620771,1203.470738607675,6274425,1209.9443330341462,1193.5757939715136,1219.0200688364864,49.13232540308738,0.7864055102791099,2.046860115837776,-1.260454605558666,8652611.1,False,False,False,False,False,False,True,False,False
2026-02-12,1249.2602184335328,1252.5492321395948,1244.678851597365,1247.967865303427,13397767,1211.1440081587846,1196.1893758942886,1219.5033730030682,60.69471486966811,3.994455606854899,2.436379214041201,1.5580763928136983,9078385.05,False,False,False,False,True,False,True,False,False
2026-02-13,1214.9674142730705,1221.8387217383724,1209.7219165227675,1216.5932239880694,8620638,1210.0206369947823,1198.2102290607882,1219.8434889319624,51.76086377857654,3.9595439182537575,2.7410121548837125,1.218531763370045,9039178.65,False,False,False,False,False,False,True,False,False
2026-02-16,1244.4148853867405,1254.3750293541,1233.2814978793438,1243.2416418467033,4856824,1210.831895713703,1200.7511310744321,1220.2478767301063,57.484969801648354,6.01286816327729,3.395383356562428,2.6174848067148617,8714521.9,False,False,False,False,False,False,True,False,False
2026-02-17,1274.785971807187,1277.4317762882542,1258.7539371726248,1261.399741653692,5191666,1213.0188876878706,1203.21112628514,1220.6622029173434,60.89042301352003,9.00158465707841,4.516623616665624,4.484961040412786,8506801.85,False,False,False,False,False,False,True,False,False
2026-02-18,1280.0219785882377,1295.268699813144,1267.959116022444,1283.2058372473502,7158607,1217.0090896848426,1206.378340187517,1221.3093577636162,64.56154948900902,12.980107089526882,6.209320311237876,6.770786778289006,8328553.0,False,False,False,False,False,False,True,False,False
2026-02-19,1302.2294197049225,1309.4808180662073,1298.2138528884966,1305.4652512497814,10456950,1221.920050196383,1210.1704093946607,1222.0415426246675,67.87637916435237,17.724941370533543,8.51244452309701,9.212496847436533,8614190.5,False,False,False,False,False,False,True,False,False
2026-02-20,1293.75136955348,1304.8718865362187,1282.3257445854103,1293.446261568149,5289898,1226.6449019848465,1213.3268876020088,1222.8333015788958,64.37497315344959,20.281630688792575,10.866281756236123,9.415348932556451,8491384.8,False,False,False,False,False,False,True,False,False
2026-02-23,1315.8069721421975,1320.0139903781346,1307.9360725606743,1312.1430907966114,15009839,1231.7182739656891,1216.4164039946086,1223.7708708995538,67.20875488299887,23.545090113758533,13.402043427740606,10.143046686017927,8891600.3,False,False,False,False,False,False,True,False,False
2026-02-24,1313.599283488204,1316.6402025975658,1301.7982719107476,1304.8391910201094,8597471,1236.2785972003269,1219.4754734282753,1224.6209319455143,65.03248344675644,25.250964152700362,15.771827572732558,9.479136579967804,8720889.05,False,False,False,False,False,False,True,False,False
2026-02-25,1300.3334254418194,1307.3485590760365,1290.2320772405158,1297.247210874733,9478323,1241.1836457297918,1222.24558865621,1225.5511024627594,62.75770448066422,25.694086830841798,17.756279424354407,7.937807406487391,8979266.65,False,False,False,False,False,False,True,False,False
2026-02-26,1318.7324329947442,1326.7604387137792,1305.4839565428888,1313.5119622619238,5128704,1247.1814754095794,1224.8237485142959,1226.624683518245,65.5388023982675,27.045925657072075,19.61420867089794,7.431716986174134,8836889.35,False,False,False,False,False,False,True,False,False
2026-02-27,1338.8287034122939,1356.1920477262202,1326.918487415145,1344.2818317290712,11384093,1255.1532626727335,1228.16106410152,1227.7586241852966,70.08939488211266,30.25141944529196,21.741650825776745,8.509768619515214,9089488.0,False,True,False,False,False,False,True,True,False
2026-03-02,1340.1105458046736,1362.675773359574,1327.0784228953296,1349.6436504502299,10612478,1261.4742411259463,1231.5031322269256,1228.8617890571911,70.81266931580421,32.84582411244787,23.96248548311097,8.883338629336901,8960694.15,False,True,False,False,False,False,True,False,False
2026-03-03,1335.226541486268,1358.0209382890748,1325.3833127918497,1348.1777095946566,7762013,1267.680108440261,1234.2203974143415,1229.9234078222007,70.31206250085879,34.38722480493243,26.047433347475266,8.339791457457164,8860157.15,False,True,False,False,False,False,True,False,False
2026-03-04,1350.2637058338091,1367.8295861065349,1336.4807308481386,1354.0466111208643,7196561,1274.6040445256763,1237.1640286848735,1230.9551028846715,71.19017757112286,35.67117219509555,27.972181116999323,7.698991078096228,8818848.05,False,True,False,False,False,False,True,False,False
2026-03-05,1365.942542039763,1382.083003460405,1354.196075687806,1370.3365371084478,4511798,1283.4986964573504,1240.2960473035425,1232.0783855956308,73.53044265965205,37.570086073063976,29.891762108212255,7.678323964851721,8598361.65,False,True,False,False,False,False,True,False,False
2026-03-06,1364.8805826452794,1371.844250024993,1363.7980753025718,1370.7617426822853,10878926,1292.1857014446089,1243.7355031418836,1233.3335596568215,73.59074652059083,38.66360951527622,31.64613158962505,7.017477925651171,8558338.15,False,True,False,False,False,False,True,False,False
2026-03-09,1366.7637657530001,1367.2926889272178,1365.0230794362528,1365.5520026104705,8452779,1299.5507036529605,1247.1913680125247,1234.615717645017,71.44311095340686,38.66415591566488,33.04973645483302,5.614419460831861,8396773.5,False,True,False,False,False,False,True,False,False
2026-03-10,1354.700717877589,1366.0316199314484,1348.5679480463598,1359.898850100219,9420134,1307.2615475907235,1250.5378273008284,1235.8463899177991,69.08701413814634,37.77300311269369,33.99438978640515,3.7786133262885357,8483994.7,False,False,False,True,False,False,True,False,False
2026-03-11,1353.4080377065768,1362.8480769846747,1350.1385891469342,1359.578628425032,6317376,1315.0669420815914,1253.7642907048494,1237.0140396836653,68.94830627430139,36.61880014923781,34.519271858971685,2.0995282902661287,8486142.25,False,False,False,False,False,False,True,False,False
2026-03-12,1353.5738766427858,1365.5933262250678,1340.6378661455622,1352.6573157278442,10973716,1320.3014146028122,1256.6585844321444,1238.0458351828281,65.86998019379851,34.74507430573772,34.56443234832489,0.18064195741282418,8364939.7,False,False,False,False,False,False,True,False,False
2026-03-13,1359.0407078130843,1371.5952577639625,1349.5232183001867,1362.077768251065,8070332,1327.575641815962,1259.3070144587484,1239.2275169718287,67.96633879949248,33.63258930991037,34.37806374064199,-0.745474430731619,8337424.4,False,False,False,False,False,True,True,False,False
2026-03-16,1377.778859640653,1385.7210502657194,1366.4793927366268,1374.4215833616931,8453040,1334.1346388917116,1261.9824853964135,1240.5472899084266,70.52138326349854,33.36239868884354,34.174930730282306,-0.8125320414387645,8517235.2,False,True,False,False,False,False,True,False,False
2026-03-17,1376.7183317516276,1381.9785548163356,1372.4351395021474,1377.6953625668555,9957012,1339.9494199373696,1265.1299813843434,1241.8686726738665,71.17798331223187,33.03166878056936,33.94627834033972,-0.914609559770355,8755502.5,False,True,False,False,False,False,True,False,False
2026-03-18,1389.411463244781,1397.2751537148265,1384.752424857545,1392.6161153275905,6825906,1345.4199338413816,1268.6693710443976,1243.3429404672227,74.01842168716308,33.586380112201596,33.874298694712095,-0.28791858251049973,8738867.45,False,True,False,False,False,False,True,False,False
2026-03-19,1381.4069237943345,1390.931398818113,1367.9654013516204,1377.4898763753988,6580607,1349.0211650976626,1271.6122971481036,1244.6988303896733,66.82814924936285,32.43158069649985,33.58575509506965,-1.1541743985698005,8545050.3,False,False,False,True,False,False,True,False,False
2026-03-20,1393.2969702045493,1403.825398250012,1378.8167839331932,1389.345211978656,9136022,1353.8161126181878,1275.1073088803248,1246.0068195910358,69.34187928732477,32.10295743378538,33.28919556281279,-1.1862381290274158,8737356.5,False,False,False,False,False,False,True,False,False
2026-03-23,1390.068310996901,1404.8069311676738,1389.1820655111837,1403.9206856819567,7139174,1358.4049923624552,1279.190141836603,1247.4117703038287,72.13740799646078,32.64235924777631,33.1598282998055,-0.5174690520291847,8343823.25,False,True,False,False,False,False,True,False,False
2026-03-24,1386.962509652254,1405.3111003265747,1373.1310483829538,1391.4796390572744,7972891,1362.7370147643135,1282.9361917175177,1248.7423934995552,66.55859865762463,31.700526644828415,32.867967968810085,-1.16744132398167,8312594.25,False,False,False,True,False,False,True,False,False
2026-03-25,1374.076520155261,1378.3417160288086,1367.0049472719256,1371.2701431454732,9715878,1366.4381613778505,1285.8639840757712,1249.9664656662774,58.626981123930875,28.989210525396857,32.09221648012744,-3.103005954730584,8324472.0,False,False,False,False,False,False,True,False,False
2026-03-26,1379.130664991466,1385.4755768061814,1374.4471768942558,1380.7920887089713,10170462,1369.802167700203,1289.0003385937373,1251.184802001342,60.986007964291794,27.294184032042722,31.1326099905105,-3.838425958467777,8576559.9,False,False,False,False,False,False,True,False,False
2026-03-27,1371.9079931025578,1388.4809803979879,1369.497544159607,1386.070531455037,8183640,1371.891602686501,1291.940536277476,1252.3270562223097,62.2703001081245,26.076199345687428,30.121327861545886,-4.045128515858458,8416537.25,False,False,False,False,False,False,True,False,False
2026-03-30,1375.3398411400435,1384.3243035098512,1366.6834433118395,1375.6679056816472,8781543,1373.1928154480718,1294.913565041743,1253.4445777140163,58.203836495813114,23.9949340813414,28.89604910550499,-4.901115024163591,8324990.5,False,False,False,False,False,False,True,False,False
2026-03-31,1374.429858770648,1381.808398303188,1372.5549019371906,1379.9334414697305,7686475,1374.7806020418257,1298.1590358277308,1254.5113310382833,59.3753331229625,22.431137266657288,27.603066737735453,-5.171929471078165,8321213.6,False,False,False,False,False,False,True,False,False
2026-04-01,1359.7434881545616,1379.665283352185,1349.7067201109983,1369.6285153086217,12573516,1375.5596972512135,1301.4835701877448,1255.521644342741,55.33982364653308,20.12826944439007,26.108107279066378,-5.979837834676307,8590061.35,False,False,False,False,False,False,True,False,False
2026-04-02,1376.6714055525279,1382.0832072858086,1372.5019745868512,1377.913776320132,6149361,1375.9385592117978,1304.8969248937683,1256.6257423136433,57.82195495328267,18.75557878747054,24.637601580747212,-5.882022793276672,8671939.5,False,False,False,False,False,False,True,False,False
2026-04-03,1369.6842303445105,1377.4465672009128,1363.7445854086975,1371.5069222650998,6559563,1375.9758181909385,1308.3480788230927,1257.7358701388,55.264129121291035,16.955282037203688,23.10113767203851,-6.145855634834824,8455971.35,False,False,False,False,False,False,True,False,False
2026-04-06,1346.5979775693047,1355.451407587621,1339.3413384400517,1348.194768458368,4783568,1375.107956483333,1311.0984611686647,1258.698319381834,47.09981587150741,13.491911549851466,21.179292447601107,-7.687380897749641,8272510.8,False,False,False,False,False,False,True,False,False
2026-04-07,1349.6381235702452,1354.3385238997782,1337.4159669509795,1342.1163672805126,9138623,1374.2188323423482,1313.668133987728,1259.5771016249355,45.22380615366707,10.139803962383667,18.971394750557618,-8.831590788173951,8258435.25,False,False,False,False,False,False,True,False,False
2026-04-08,1306.3912941259182,1316.110917554948,1298.9402654062146,1308.6598888352444,8472876,1371.6728953628585,1315.8584069587243,1260.387873896993,36.58595333709924,4.729062655059579,16.122928331458013,-11.393865676398434,8366210.25,False,False,False,False,False,False,False,False,False
2026-04-09,1308.858221698058,1314.997751392996,1299.213670994916,1305.3532006898538,14077256,1369.307689610959,1318.0943635991978,1261.1367840331523,35.85698255068209,0.1722040276943062,12.932783470705271,-12.760579443010965,8521387.25,False,False,False,False,False,False,False,False,False
2026-04-10,1315.0620310366285,1320.1201960578178,1312.1834947370012,1317.2416597581905,5276277,1367.0658841863153,1320.742275065042,1261.9965363196145,40.45094689434769,-2.4515796894650066,9.855910838671216,-12.307490528136222,8381684.5,False,False,False,False,False,False,False,False,False
2026-04-13,1315.0382236185708,1330.9499452530042,1303.0712015733448,1318.9829232077782,6426343,1364.2939511786194,1322.6574519014778,1262.7118478001719,41.11615570045782,-4.3404082560532515,7.016647019726323,-11.357055275779574,8280349.65,False,False,False,False,False,False,False,False,False
2026-04-14,1347.6391546426944,1348.3798973662606,1346.714516268416,1347.4552589919822,1950038,1362.781945999876,1325.1253498151502,1263.622181388291,50.79522643159946,-3.4994989136880577,4.913417833043447,-8.412916746731504,7880000.95,False,False,False,False,False,False,True,False,False
2026-04-15,1350.9775149490688,1366.686545963354,1348.8593955037757,1364.568426518061,4181583,1361.3795615593995,1328.1053605572606,1264.551613205025,55.527019387512524,-1.4356335133024913,3.643607563774259,-5.07924107707675,7747784.8,False,False,False,False,False,False,True,False,False
2026-04-16,1335.5397755669476,1350.2827219901399,1334.2251130132681,1348.9680594364604,11162299,1359.9534707124526,1331.2358517764906,1265.37881657155,50.737049299290035,-1.0467581831760526,2.705534414384197,-3.7522925975602495,7976869.4,False,False,False,False,False,False,True,False,False
2026-04-17,1360.308581470193,1383.2268667537514,1347.5097370432886,1370.428022326847,9652108,1359.007611229862,1334.7039793642848,1266.4043237766946,56.319157818763394,0.9817509605516079,2.3607777236176792,-1.3790267630660713,8002673.7,False,False,False,False,False,False,True,False,False
2026-04-20,1377.2887908005105,1387.3123497430222,1358.6290385665495,1368.6525975090613,7246501,1357.2442068212172,1337.7119921455972,1267.4857761470298,55.75626009504015,2.418221375893154,2.3722664540727743,0.045954921820379635,8008040.05,False,False,False,False,True,False,True,False,False
2026-04-21,1371.3342366517381,1374.1738578171514,1368.270293934988,1371.1099151004014,5853433,1356.2257206233737,1341.020551020706,1268.5839890014038,56.40571144188618,3.7121284165568795,2.6402388465695954,1.0718895699872841,7902067.15,False,False,False,False,False,False,True,False,False
2026-04-22,1412.6945280244177,1417.3718279322159,1404.4422032549032,1409.1195031627014,6592959,1358.118188624235,1345.1335263118067,1269.918037435061,64.97095386092394,7.715673682256693,3.655325813707015,4.060347868549678,7745921.2,False,False,False,False,False,False,True,False,False
2026-04-23,1411.938516759233,1420.422732605341,1401.578334067778,1410.0625499138862,6927695,1359.5817116844808,1348.3754200040157,1271.1787731066613,65.15388564331059,10.839655341434764,5.092191719252565,5.747463622182199,7583782.85,False,False,False,False,False,False,True,False,False
2026-04-24,1398.8746746599763,1400.9497715554444,1388.404851451886,1390.4799483473541,6188950,1359.8021825290966,1351.8531544912016,1272.3105659124244,58.340642188163784,11.60154562931325,6.394062501264702,5.2074831280485485,7484048.35,False,False,False,False,False,False,True,False,False
2026-04-27,1403.4582864743031,1407.4705427871124,1397.082921541428,1401.0951778542374,13956226,1361.0735461377262,1355.0102252113522,1273.5403474787913,60.73746332250555,12.913055808350464,7.697861162681855,5.215194645668609,7742782.5,False,False,False,False,False,False,True,False,False
2026-04-28,1392.0019105837184,1396.4282304841302,1391.726740556152,1396.1530604565637,7268565,1361.8845270870677,1357.7052915874096,1274.8216205487224,59.03453048180371,13.399191958968686,8.838127321939222,4.561064637029464,7721887.0,False,False,False,False,False,False,True,False,False
2026-04-29,1410.3924621455208,1414.852707287934,1393.5006420221916,1397.9608871646049,7524303,1363.301145679867,1360.0003925857548,1276.1492416815768,59.48205486937562,13.771584612556353,9.824818780062648,3.946765832493705,7469426.35,False,False,False,False,False,False,True,False,False
2026-04-30,1378.892083277815,1387.801326949072,1372.1778043382133,1381.0870480094704,12226705,1363.459809264334,1361.5128285209485,1277.3155485003276,53.596627269550034,12.560342860256014,10.371923596101322,2.1884192641546925,7773293.55,False,False,False,False,False,False,True,False,False
2026-05-01,1383.4918916214006,1405.871225258679,1364.6661407442105,1387.045474381489,10782472,1364.2367368701532,1363.3848127772155,1278.4040729732865,55.27931250917121,11.94354253288543,10.686247383458145,1.2572951494272857,7984439.0,False,False,False,False,False,False,True,False,False
2026-05-04,1375.8532692509805,1390.2037343547304,1362.9112282813032,1377.2616933850531,7172588,1365.6900831164878,1364.6871848289843,1279.2943378293103,51.94824058657256,10.543713108216934,10.657740528409903,-0.11402742019296852,8103890.0,False,False,False,False,False,True,True,False,False
2026-05-05,1371.9733111753667,1384.241798804022,1354.8231073524278,1367.091594981083,3718567,1366.938844501516,1365.9322329082033,1280.1376395793422,48.665435437451364,8.515534477083293,10.22929931814458,-1.7137648410612876,7832887.2,False,False,False,False,False,False,True,False,False
2026-05-06,1369.9289358209614,1374.8434301018724,1359.072433315042,1363.986927595953,11491027,1369.7051964395516,1367.267027242628,1280.7167997278416,47.67497005917555,6.581796732770954,9.499798801069854,-2.9180020682989003,7983794.75,False,False,False,False,False,False,False,False,False
2026-05-07,1352.0197716742794,1358.9975884225905,1333.6159883781368,1340.593805126448,7770636,1371.4672266613813,1367.8086640999184,1281.1943760126712,40.917480700345514,3.1256357761806157,8.224966196092007,-5.099330419911391,7668463.75,False,False,False,False,False,False,False,False,False
2026-05-08,1354.8084823291838,1363.721865810553,1348.9782757198077,1357.891659201177,8587995,1373.4997266335308,1368.0808606493606,1281.7506756300004,46.909838116009965,1.7620833771075013,6.932389632295106,-5.1703062551876044,7834049.65,False,False,False,False,False,False,False,False,False
2026-05-11,1358.5838569807288,1364.2829713699314,1341.44156952008,1347.1406839092826,7631487,1374.907614668606,1368.0308013185415,1282.4019521828657,43.92776601923822,-0.18393528792535108,5.5091246482510146,-5.693059936176366,7894306.85,False,False,False,False,False,False,False,False,False
2026-05-12,1408.1826694752974,1414.560824957945,1388.3500471770285,1394.728202659676,9785159,1377.2712618519904,1368.9618111798422,1283.223320140285,56.96777492993308,2.089657684378608,4.825231255476534,-2.735573571097926,8286062.9,False,False,False,False,False,False,True,False,False
2026-05-13,1389.4699642131445,1419.0312151045755,1368.3450678057543,1397.9063186971853,14140772,1378.9381564609466,1369.8390053313685,1283.9610827818224,57.67569020879958,4.100673882943511,4.6803197809699295,-0.5796458980264187,8784022.35,False,False,False,False,False,False,True,False,False
2026-05-14,1384.2777248981224,1395.6011421212625,1383.475860897167,1394.799278120307,6842560,1381.2297173951392,1370.3282601516057,1284.6583757909443,56.69375115168041,5.381669959641613,4.820589816704267,0.561080142937346,8568035.4,False,False,False,False,True,False,True,False,False
2026-05-15,1409.6893103420873,1415.9659069805953,1393.5055204607636,1399.7821170992715,9293782,1382.6974221337603,1370.9086676399456,1285.3706877657019,57.930755035736716,6.721461220793572,5.2007640975221285,1.520697123271443,8550119.1,False,False,False,False,False,False,True,False,False
2026-05-18,1381.9782499438109,1386.4369958236643,1375.4849218452628,1379.9436677251165,5599874,1383.261975644563,1371.1965009422381,1285.945782681013,51.60998768660581,6.112003014119182,5.38301188084154,0.728991133277642,8467787.75,False,False,False,False,False,False,True,False,False
2026-05-19,1399.0413187384029,1400.462421005259,1398.6404682967973,1400.0615705636535,6927361,1384.7095584177255,1371.999755351507,1286.6159432392806,56.76209526809686,7.169701762230716,5.740349857119376,1.4293519051113401,8521484.15,False,False,False,False,False,False,True,False,False
2026-05-20,1428.0410855673208,1435.256054237531,1426.9710772849496,1434.18604595516,8869904,1385.9628855573487,1373.4919037021093,1287.4269852427542,63.80220281045679,10.638857487711903,6.720051383237881,3.9188061044740214,8635331.4,False,False,False,False,False,False,True,False,False
2026-05-21,1408.8594837555463,1418.4774350754428,1401.3612513918836,1410.97920271178,8650657,1386.0087181972433,1374.6583414417883,1288.1518739488174,57.004550503542745,11.384358296093069,7.652912765808919,3.73144553028415,8721479.5,False,False,False,False,False,False,True,False,False
2026-05-22,1408.3774187026545,1424.3175568601696,1387.3190605758678,1403.2591987333828,3109071,1386.6476807165448,1375.4819700514347,1288.8449963262372,54.908745215219405,11.222863075937767,8.36690282783469,2.8559602481030772,8567485.55,False,False,False,False,False,False,True,False,False
2026-05-25,1387.7187338246374,1396.5570333847272,1380.6979997072046,1389.5362992672945,7108966,1386.0697367871976,1375.7842643695467,1289.4221258585492,51.29832593331659,9.873735375376327,8.668269337343018,1.2054660380333093,8225122.55,False,False,False,False,False,False,True,False,False
2026-05-26,1375.4033263785293,1383.4545692102636,1360.5070368989059,1368.5582797306402,11914027,1384.6899977509015,1375.601522712822,1289.9822346910153,46.28777258551708,7.030745044372907,8.340764478748996,-1.3100194343760894,8457395.65,False,False,False,False,False,True,False,False,False
2026-05-27,1346.8311414665448,1364.1054433917138,1335.2123992762647,1352.4867012014338,9529405,1382.4162884527427,1374.7989344302994,1290.424273772376,42.83579430266622,3.441145272232916,7.36084063744578,-3.9196953652128643,8557650.75,False,False,False,False,False,False,False,False,False
2026-05-28,1347.5832119488223,1361.3185917011022,1335.6142092141351,1349.349588966415,10264655,1380.8294155005901,1374.2361286821197,1290.873970416821,42.17463020781982,0.3393114801874617,5.956534805994116,-5.617223325806655,8459548.25,False,False,False,False,False,False,False,False,False
2026-05-29,1364.4720328689962,1375.785664795633,1350.3877583637732,1361.70139029041,8241954,1379.5622112960361,1373.6832522483546,1291.3823125264266,45.72663935058333,-1.109438097195607,4.5433402253561725,-5.65277832255178,8332522.35,False,False,False,False,False,False,False,False,False
2026-06-01,1379.9995399978197,1385.19409460791,1366.8973384934532,1372.0918931035435,11158473,1379.3037212819606,1373.0466763967863,1291.9018798249722,48.58761622315231,-1.4029831189156994,3.3540755565017983,-4.757058675417498,8531816.6,False,False,False,False,False,False,False,False,False
2026-06-02,1390.0321865260528,1401.647411115575,1380.454306650667,1392.0695312401892,14057268,1380.552618094916,1373.0584742404449,1292.488992208965,53.64700123555973,-0.02332238008762033,2.678595969183915,-2.7019183492715353,9048751.65,False,False,False,False,False,False,True,False,False
2026-06-03,1406.7614756369826,1407.577913605644,1398.1318398816654,1398.9482778503268,8414375,1382.3006856076347,1373.6120369345417,1292.975017684223,55.27889675792617,1.6066061036217434,2.464197996071481,-0.8575918924497374,8894919.05,False,False,False,False,False,False,True,False,False
2026-06-04,1400.974665376498,1417.0887940167054,1394.2526586450072,1410.3667872852145,7873872,1385.789334715573,1374.2035309060666,1293.2693484792223,57.92681568937516,3.776184943457565,2.726595385548698,1.0495895579088672,8900080.85,False,False,False,False,True,False,True,False,False
2026-06-05,1408.1451196787787,1410.9856955308985,1395.2854445218545,1398.1260203739744,7538519,1387.8010527742128,1374.4446406844456,1293.4377082199428,54.220522506990164,4.456492543646846,3.0725748171683276,1.383917726478518,8847607.05,False,False,False,False,False,False,True,False,False
2026-06-08,1405.7447060403017,1419.2796401371909,1388.2525981030283,1401.7875321999175,11224040,1390.5333951887446,1374.967033214811,1293.6789906691376,55.145023214608216,5.230797247361124,3.504219303206887,1.7265779441542373,9027234.7,False,False,False,False,False,False,True,False,False
2026-06-09,1375.5376790757118,1383.0214641645448,1373.7653257497873,1381.2491108386203,12952476,1389.8594405976917,1374.9933466021885,1293.9326147108231,49.14925719217839,4.139443419485815,3.631264126462673,0.5081792930231419,9185600.55,False,False,False,False,False,False,True,False,False
2026-06-10,1385.5230824735738,1400.6213648615433,1378.4567258065738,1393.5550081945432,10107039,1389.6418750725597,1375.471876459907,1294.057947655259,52.48290091919563,4.218888005303825,3.7487889022309036,0.47009910307292113,8983913.9,False,False,False,False,False,False,True,False,False
2026-06-11,1414.677015862439,1428.4558938266705,1405.6494439918124,1419.4283219560439,6685805,1390.8733272643465,1376.3021673726253,1294.3788037424458,58.62458774133019,6.297020467984112,4.258435215381546,2.038585252602566,8976076.15,False,False,False,False,False,False,True,False,False
2026-06-12,1413.0728650949554,1415.2574973549793,1404.907575671619,1407.0922079316429,12362578,1391.2388318059652,1377.0138730859562,1294.4701193874284,54.97602289189204,6.869348538303029,4.780617879965843,2.0887306583371865,9129515.95,False,False,False,False,False,False,True,False,False
2026-06-15,1423.2015559114454,1433.8629393058666,1402.1986080444017,1412.8599914388228,7369786,1392.8846479916506,1378.3071775455653,1294.5470386802695,56.34406914284062,7.699578633418469,5.364410030656368,2.335168602762101,9218011.55,False,False,False,False,False,False,True,False,False
2026-06-16,1401.6468265348901,1415.5890841372584,1396.4186920616205,1410.3609496639888,9017401,1393.3996169466673,1379.6720691932348,1294.4942242110578,55.55640637035368,8.062945561987362,5.904117136922567,2.1588284250647956,9322513.55,False,False,False,False,False,False,True,False,False
2026-06-17,1433.9810129157174,1447.2819947420262,1408.665818665058,1421.9668004913665,14741950,1392.7886546734776,1381.9382074263572,1294.7392588251141,58.460693215154095,9.181572189551616,6.559608147448378,2.6219640421032384,9616115.85,False,False,False,False,False,False,True,False,False
2026-06-18,1442.7634742195225,1442.839056956798,1440.3379640308522,1440.4135467681276,4553368,1394.260371876295,1384.6394143479224,1295.04044144672,62.63965752358371,11.424891077219172,7.532664733402537,3.8922263438166347,9411251.4,False,False,False,False,False,False,True,False,False
2026-06-19,1451.2580511961714,1458.0938065425805,1447.6681084218005,1454.5038637682096,11938025,1396.8226051280362,1387.384658428123,1295.4319442885646,65.49511486289744,14.176292803150773,8.861390347352184,5.314902455798588,9852699.1,False,False,False,False,False,False,True,False,False
2026-06-22,1469.825677773096,1477.55835294166,1465.1089206627894,1472.8415958313533,7068474,1400.9878699562391,1390.4618318805944,1295.9665967474934,68.83368028725178,17.633235256673743,10.615759329216496,7.017475927457246,9850674.5,False,False,False,False,False,False,True,False,False
2026-06-23,1489.6549844822187,1491.4929692953256,1482.453025298052,1484.2910101111588,3875273,1406.774506475265,1393.1985469029783,1296.5263869530518,70.73744749435802,21.054060993217036,12.703419662016604,8.350641331200432,9448736.8,False,True,False,False,False,False,True,False,False
2026-06-24,1464.0572562294194,1484.3210900013362,1451.301894001774,1471.5657277736907,11674798,1412.728457803878,1395.3384929280908,1297.0700357098408,65.91795936530065,22.479140560531732,14.65856384171963,7.820576718812102,9556006.45,False,False,False,True,False,False,True,False,False
2026-06-25,1469.2217321166954,1482.5589165084443,1460.7139106522818,1474.0510950440307,5847680,1418.9635331077588,1397.840153640242,1297.6557307330293,66.39946956936407,23.537746265200894,16.434400326415883,7.1033459387850115,9335157.7,False,False,False,False,False,False,True,False,False
2026-06-26,1477.6936612655993,1478.179625116707,1473.7861656373177,1474.2721294884254,10499952,1424.5920700676595,1399.9170357834737,1298.2752149030189,66.44487343723036,24.116534151714404,17.970827091475588,6.145707060238816,9448057.6,False,False,False,False,False,False,True,False,False
2026-06-29,1477.8437523363357,1487.483131512353,1455.565888790858,1465.2052679668755,11090318,1429.247738810826,1401.8480891926301,1299.0076875794239,62.701961943275165,23.571885745962163,19.091038822372905,4.480846923589258,9444649.85,False,False,False,False,False,False,True,False,False
2026-06-30,1451.780075332529,1465.832243628272,1431.647831704257,1445.7,6010077,1431.9292622488167,1403.339890890622,1299.732564136975,55.46366692534685,21.32056563873084,19.536944185644494,1.7836214530863472,9042290.3,False,False,False,False,False,False,True,False,False
