Date,Open,High,Low,Close,Volume,DMA20,DMA50,DMA200,RSI,MACD,MACD_Signal,MACD_Hist,Vol_Avg20,RSI_Oversold,RSI_Overbought,RSI_Bull_Cross,RSI_Bear_Cross,MACD_Bull_Cross,MACD_Bear_Cross,Above_DMA50,Golden_Cross,Death_Cross
2024-07-01,2524.204645139921,2548.0844312735276,2515.934934565753,2539.8147206993594,8340917,,,,50.0,0.0,0.0,0.0,,False,False,False,False,False,False,False,False,False
2024-07-02,2535.631887957191,2537.3254203716774,2533.6296888403976,2535.323221254884,10099723,,,,50.0,-0.3582962519813009,-0.07165925039626019,-0.2866370015850407,,False,False,False,False,False,False,False,False,False
2024-07-03,2517.8568308155745,2536.20241998956,2509.093114361853,2527.4387035358386,5826327,,,,50.0,-1.2638939169960395,-0.31010618371621607,-0.9537877332798235,,False,False,False,False,False,False,False,False,False
2024-07-04,2493.876894506897,2521.3510710750625,2492.014685743965,2519.4888623121305,13547705,,,,50.0,-2.593179775898534,-0.7667209021526797,-1.8264588737458543,,False,False,False,False,False,False,False,False,False
2024-07-05,2532.371478122679,2533.139469394161,2530.6819084776484,2531.4498997491305,14940513,,,,50.0,-2.6509343168063424,-1.1435635850834123,-1.5073707317229301,10551037.0,False,False,False,False,False,False,False,False,False
2024-07-08,2550.772347194791,2556.288299393369,2541.5797829172707,2547.0957351158486,9187496,2533.435190444532,,,50.0,-1.4178726963341433,-1.1984254073335585,-0.21944728900058474,10323780.166666666,False,False,False,False,False,False,False,False,False
2024-07-09,2549.0062826100575,2565.2071338383817,2538.0303249262383,2554.2311761545625,11564083,2536.406045545965,,,50.0,0.1335682879939668,-0.9320266682680535,1.0655949562620202,10500966.285714285,False,False,False,False,True,False,False,False,False
2024-07-10,2560.8753077981514,2563.030370086783,2534.209032079865,2536.364094368497,7356825,2536.4008016487815,,,50.0,-0.07773169055781182,-0.7611676727260052,0.6834359821681933,10107948.625,False,False,False,False,False,False,False,False,False
2024-07-11,2515.7666616277725,2545.8371875498538,2497.938133300642,2528.0086592227235,5315836,2535.4683413792195,,,50.0,-0.908924714549812,-0.7907190810907666,-0.11820563345904544,9575491.666666666,False,False,False,False,False,True,False,False,False
2024-07-12,2525.355839034575,2544.6987865433216,2511.5903254388973,2530.9332729476437,6759996,2535.014834536062,,,50.0,-1.316483684468949,-0.895872001766403,-0.4206116827025459,9293942.1,False,False,False,False,False,False,False,False,False
2024-07-15,2552.2433930672914,2558.0772098890984,2541.323656926531,2547.157473748338,8685687,2536.118710828087,,,50.0,-0.32655536415722963,-0.7820086742445683,0.4554533100873387,9238646.181818182,False,False,False,False,True,False,False,False,False
2024-07-16,2548.2230152472266,2571.2954936727315,2522.5395829936033,2545.612061419108,4709003,2536.909823377339,,,50.0,0.32947017522747046,-0.5597129043501606,0.8891830795776311,8861175.916666666,False,False,False,False,False,False,False,False,False
2024-07-17,2529.7141987014757,2548.7315895067964,2524.1319087433894,2543.14929954871,15006855,2537.3897830828287,,,50.0,0.6432360164203601,-0.3191231201960565,0.9623591366164166,9333920.461538462,False,False,False,False,False,False,False,False,False
2024-07-18,2587.313487100929,2608.1116565018856,2578.3162131072877,2599.1143825082445,198732,2541.798683041787,,,50.0,5.346184692002225,0.8139384422436,4.532246249758625,8681407.0,False,False,False,False,False,False,False,False,False
2024-07-19,2606.565340978791,2614.5210251250255,2599.5831452915054,2607.53882943774,10420443,2546.181359468184,,,64.7772021352103,9.641941561070325,2.5795390660089454,7.06240249506138,8797342.733333332,False,False,False,False,False,False,False,False,False
2024-07-22,2603.612434781794,2604.7428911408474,2593.8542982110093,2594.9847545700627,11110846,2549.2315716620515,2549.2315716620515,,59.15512573616813,11.896218701966063,4.44287499320037,7.4533437087656935,8941936.6875,False,False,False,False,False,False,True,False,False
2024-07-23,2622.86402302963,2640.0279046620844,2617.561909928941,2634.7257915613955,11131570,2554.2606434208365,2554.2606434208365,,68.4809435904618,16.697045980301482,6.8937091906205925,9.80333678968089,9070738.647058824,False,False,False,False,False,False,True,False,False
2024-07-24,2650.9688937138703,2690.821533917036,2616.4012322968083,2656.253872499974,10352328,2559.926933925233,2559.926933925233,,72.18576509766639,21.985437957228896,9.912054943942254,12.073383013286643,9141938.055555556,False,True,False,False,False,False,True,False,False
2024-07-25,2620.832763312018,2655.7902492018557,2599.9417416849296,2634.8992275747673,10880738,2563.872844117314,2563.872844117314,,64.13296166464303,24.174714264693648,12.764586808092535,11.410127456601113,9233453.842105264,False,False,False,True,False,False,True,False,False
2024-07-26,2607.750514900422,2633.710069051986,2603.4668688898805,2629.4264230414447,15769494,2567.1505230635203,2567.1505230635203,,62.21734214037731,25.177886915864292,15.247246829646887,9.930640086217405,9560255.85,False,False,False,False,False,False,True,False,False
2024-07-29,2655.465537196006,2659.6301194319694,2644.483861649591,2648.648443885554,5767605,2572.5922092228298,2571.031376435998,,66.05270868767995,27.21030148863838,17.639857761445185,9.570443727193194,9431590.25,False,False,False,False,False,False,True,False,False
2024-07-30,2610.4041744235624,2626.930526753913,2597.8240752211673,2614.350427551518,5898660,2576.5435695376614,2573.000424213976,,55.271441605442504,25.756536087513723,19.263193426658894,6.493342660854829,9221537.1,False,False,False,False,False,False,True,False,False
2024-07-31,2620.7818509233157,2628.563825398218,2603.3705380159463,2611.1525124908485,13970853,2580.729259985412,2574.659210660797,,54.38018561178792,24.068919986778837,20.224338738682885,3.8445812480959525,9628763.4,False,False,False,False,False,False,True,False,False
2024-08-01,2623.0548875478926,2632.032502848751,2603.415155177057,2612.3927704779153,7512982,2585.3744553937013,2576.231442319843,,54.68537529640027,22.57136191267182,20.693743373480675,1.8776185391911433,9327027.25,False,False,False,False,False,False,True,False,False
2024-08-02,2619.7430725444015,2633.4561872582876,2608.360915219992,2622.074029933878,18772448,2589.905661902939,2578.0651458244047,,57.09804530986394,21.913132131295697,20.93762112504368,0.9755110062520167,9518624.0,False,False,False,False,False,False,True,False,False
2024-08-05,2589.4268336016726,2616.2035394498166,2572.747397047761,2599.524102895905,11714118,2592.5270802919413,2578.8904903271546,,50.37081246270745,19.348848155606447,20.619866531156234,-1.2710183755497866,9644955.1,False,False,False,False,False,True,True,False,False
2024-08-06,2562.013394717692,2610.1103909927283,2526.442364631969,2574.5393609070056,14302963,2593.5424895295637,2578.7293373856673,,44.16237824921682,15.126209233594182,19.521135071643826,-4.3949258380496445,9781899.1,False,False,False,False,False,False,False,False,False
2024-08-07,2568.235692629469,2582.5411972095794,2559.754245676358,2574.0597502564683,11570937,2595.427272323962,2578.562566416768,,44.0501378938467,11.60723590395719,17.9383552381065,-6.33111933414931,9992604.7,False,False,False,False,False,False,False,False,False
2024-08-08,2566.6424121457603,2582.0059810662187,2556.1135506246846,2571.477119545143,11136199,2597.6006953400833,2578.3182406625738,,43.41033254221032,8.511907501726,16.0530656908304,-7.541158189104401,10283622.85,False,False,False,False,False,False,False,False,False
2024-08-09,2568.2902304855634,2599.4790237462857,2537.8989153994676,2569.08770866019,11108167,2599.5084171257104,2578.0105562624944,,42.791081046066424,5.799182586058578,14.002289069876037,-8.203106483817459,10501031.4,False,False,False,False,False,False,False,False,False
2024-08-12,2548.318392341025,2566.9913223272056,2544.9083928478212,2563.5813228340016,4593679,2600.3296095799933,2577.5450971196396,,41.32796602886514,3.1684849071812096,11.835528237337071,-8.667043330155861,10296431.0,False,False,False,False,False,False,False,False,False
2024-08-13,2582.3976612860342,2592.523710367358,2553.309095615318,2563.4351446966416,9961478,2601.2207637438705,2577.104161106421,,41.287606565266834,1.0596279579899601,9.68034818146765,-8.62072022347769,10559054.75,False,False,False,False,False,False,False,False,False
2024-08-14,2556.643952018809,2557.0159664355724,2540.5131035966547,2540.885118013418,2186075,2601.107554667106,2576.006614346027,,35.52424883475072,-2.4035484522373736,7.263568854726646,-9.66711730696402,9918015.75,False,False,False,False,False,False,False,False,False
2024-08-15,2507.675537136988,2515.001306833547,2505.931109024999,2513.2568787215578,9722527,2596.8146794777713,2574.161033886484,,29.998982404218353,-7.293434546754725,4.352168174430372,-11.645602721185096,10394205.5,True,False,False,False,False,False,False,False,False
2024-08-16,2474.0751536494477,2500.485117080824,2461.0588269402774,2487.4687903716535,9982378,2590.811177524467,2571.6841126432028,,25.94297513549347,-13.098595263571951,0.8620154868299075,-13.960610750401859,10372302.25,True,False,False,False,False,False,False,False,False
2024-08-19,2491.419592160529,2505.8574493821975,2476.1174843548865,2490.555341576555,6329455,2585.589706874792,2569.4305356691293,,27.21148566547457,-17.251305754548866,-2.7606487614458475,-14.49065699310302,10133232.7,True,False,False,False,False,False,False,False,False
2024-08-20,2425.5211959585854,2434.4839198073323,2415.215878835349,2424.178602684096,7863675,2575.062347430927,2565.504807750615,,19.482791686441786,-25.60326829297992,-7.329172667752662,-18.274095625227258,9969837.95,True,False,False,False,False,False,False,False,False
2024-08-21,2407.5470770185675,2425.2591275673544,2378.684294827008,2396.396345375795,7232821,2562.069471074718,2561.054585056541,,17.271616530618743,-34.071301995342765,-12.677598533270682,-21.393703462072082,9813862.6,True,False,False,False,False,False,False,False,False
2024-08-22,2352.2185559522704,2375.1383989128626,2347.3759453579087,2370.295788318501,10362022,2548.8392991119044,2556.1633338581296,,15.492661676907431,-42.399620108654744,-18.6220028483475,-23.777617260307245,9787926.8,True,False,False,False,False,False,False,False,False
2024-08-23,2353.7168871593663,2395.2476112616378,2318.7088022210614,2360.239526323333,16463266,2535.379954275999,2551.2652386697596,,14.857689488492653,-49.24367804766007,-24.746337888210014,-24.497340159450054,9822615.4,True,False,False,False,False,False,False,False,False
2024-08-26,2353.1089702538834,2364.1860260561625,2340.617163922846,2351.694219725125,5638526,2520.5322430679776,2546.3976528418416,,14.320577373700544,-54.726327066992326,-30.74233572396648,-23.983991343025846,9816161.45,True,False,False,False,False,False,False,False,False
2024-08-27,2356.220369287292,2356.6946958683866,2351.832581625007,2352.3069082061015,9300482,2507.4300671007068,2541.776444636229,,14.559070783350833,-58.34931252163915,-36.263731083501014,-22.085581438138135,9986252.55,True,False,False,False,False,False,False,False,False
2024-08-28,2407.757415257657,2415.9412465971277,2402.412031118736,2410.5958624582067,10844534,2497.4022345990747,2538.725733422786,,33.518725361012685,-55.87305335036399,-40.185595536873606,-15.687457813490383,9829936.6,False,False,True,False,False,False,False,False,False
2024-08-29,2423.746217312138,2447.592074728753,2415.321572120759,2439.1674295373737,7992242,2488.7409675520476,2536.4630446981178,,40.489636425013764,-51.017020975096784,-42.351880624518245,-8.66514035057854,9853899.6,False,False,False,False,False,False,False,False,False
2024-08-30,2414.7527857929526,2449.9230221784514,2392.4569161055097,2427.6271524910085,14333573,2479.018623679904,2534.044469315738,,38.72347114862176,-47.5516385540127,-43.39183221041714,-4.159806343595555,9631955.85,False,False,False,False,False,False,False,False,False
2024-09-02,2418.3693076610884,2426.6693129912683,2416.89482959386,2425.1948349240397,14166350,2470.3021602813105,2531.6781729159184,,38.3438313835246,-44.48872736273324,-43.611211240880365,-0.877516121852878,9754567.45,False,False,False,False,False,False,False,False,False
2024-09-03,2398.9178302328473,2413.4954809055525,2371.166390280593,2385.7440409532983,2589072,2460.8623942836252,2528.5731913847985,,32.73767284548924,-44.72908845711481,-43.83478668412725,-0.8943017729875606,9168872.9,False,False,False,False,False,False,False,False,False
2024-09-04,2396.511877614381,2421.103335048543,2376.549951202692,2401.141408636854,12108588,2452.216477202645,2525.91836257755,,36.63185514136431,-43.17939230892944,-43.70370780908769,0.5243155001582522,9195755.45,False,False,False,False,True,False,False,False,False
2024-09-05,2404.3390368974397,2425.655629866508,2371.9631409251265,2393.279733894195,4431512,2443.306607920097,2523.2114517880937,,35.50167793659534,-42.100312202968325,-43.38302868786382,1.282716484895495,8860521.1,False,False,False,False,False,False,False,False,False
2024-09-06,2427.019097196651,2433.6776801936267,2415.622632088387,2422.281215085363,11086434,2435.9662832413555,2521.192847054039,,42.5439555976467,-38.46159496278642,-42.39874194284834,3.937146980061918,8859434.45,False,False,False,False,False,False,False,False,False
2024-09-09,2437.3028923380184,2462.520915002899,2400.979968078971,2426.1979907438517,12128019,2429.0971166368486,2518.920512454929,,43.442110254648306,-34.85999000740503,-40.890991555759676,6.031001548354645,9236151.45,False,False,False,False,False,False,False,False,False
2024-09-10,2435.7967849993847,2446.651045942402,2405.140653384747,2415.9949143277645,12382234,2421.7251051184044,2516.5339463163864,,41.61706363470818,-32.454875525612806,-39.20376834973031,6.748892824117505,9357189.25,False,False,False,False,False,False,False,False,False
2024-09-11,2422.0054780152286,2465.5232117439477,2392.65825706143,2436.175990790149,12453449,2416.4896487572414,2514.7086920614724,,46.4124623527013,-28.590783999851737,-37.0811714797546,8.490387479902864,9870557.95,False,False,False,False,False,False,False,False,False
2024-09-12,2467.915636325201,2477.921922507864,2466.8277562965404,2476.8340424792036,10248462,2414.6685069451237,2513.8555956648142,,54.517737596237104,-21.994163621284315,-34.06376990806055,12.069606286776235,9896854.7,False,False,False,False,False,False,False,False,False
2024-09-13,2478.185986551689,2498.1811770199124,2467.651816167295,2487.647006635518,8179434,2414.6774177583166,2512.979537802542,,56.406213475202904,-15.712652923370115,-30.393546511122466,14.680893587752351,9806707.5,False,False,False,False,False,False,False,False,False
2024-09-16,2496.0573402122095,2498.8480461434733,2480.119688609878,2482.9103945411416,14494657,2414.2951704065463,2511.695830991048,,55.32258701121859,-10.990029233975292,-26.512843055693033,15.52281382171774,10214967.6,False,False,False,False,False,False,False,False,False
2024-09-17,2472.515859435148,2485.9096725262452,2468.7106455230346,2482.104458614132,10354024,2417.1914632030475,2510.253296640239,,55.12852238141101,-7.229016625533859,-22.656077769661202,15.427061144127343,10339485.05,False,False,False,False,False,False,False,False,False
2024-09-18,2438.475569606391,2464.2290313393028,2429.644315861229,2455.3977775941407,11971318,2420.141534813965,2508.633970304752,,48.99512800355579,-6.330419858400546,-19.390946187409074,13.060526329008528,10576409.9,False,False,False,False,False,False,False,False,False
2024-09-19,2429.854372174151,2446.885075004587,2421.076459282505,2438.107162112941,6881784,2423.5321035036873,2506.8359403625564,,45.46811768022188,-6.933557872868732,-16.899468524501007,9.965910651632274,10402398.0,False,False,False,False,False,False,False,False,False
2024-09-20,2437.0963241922354,2468.316497632651,2402.970347581799,2434.190521022215,8021988,2427.2296532386313,2504.9010853240475,,44.6834450755167,-7.639525602291997,-15.047479940059205,7.407954337767208,9980334.1,False,False,False,False,False,False,False,False,False
2024-09-23,2398.035892407757,2405.473992054515,2393.182210047643,2400.620309694401,8094811,2429.675957737095,2501.970342042969,,38.54358341055976,-10.783539677394856,-14.194691887526336,3.4111522101314797,10103148.35,False,False,False,False,False,False,False,False,False
2024-09-24,2396.7685792561933,2407.516747636784,2393.03969773133,2403.7878661119207,10221552,2432.2500056323856,2499.133858136825,,39.38985973810763,-12.871226663870402,-13.92999884279515,1.0587721789247482,10149201.85,False,False,False,False,False,False,False,False,False
2024-09-25,2396.6227486391963,2415.8873549987525,2382.7405824236967,2402.005188783253,5382549,2431.820471948638,2496.3109759215163,,39.06383325267287,-14.502406093580248,-14.04448029295217,-0.45792580062807886,9876102.6,False,False,False,False,False,True,False,False,False
2024-09-26,2369.400887116425,2392.450606188431,2346.9030501560314,2369.952769228037,6410719,2428.3597389331712,2491.727743655912,,33.66799992344747,-18.17201425979647,-14.86998708632103,-3.302027173475439,9797026.45,False,False,False,False,False,False,False,False,False
2024-09-27,2338.1104150291867,2351.750546709082,2324.1675637723074,2337.8076954522026,2027358,2423.868766081231,2486.333120976201,,29.297312540232795,-23.40425430080404,-16.576840529217634,-6.827413771586407,9181715.7,True,False,False,False,False,False,False,False,False
2024-09-30,2370.249257243654,2385.6478927279163,2341.003421153334,2356.402056637596,16177498,2420.429127166909,2481.561467017552,2497.966340870764,34.58720284939669,-25.753561653746146,-18.412184754123338,-7.341376899622809,9282273.1,False,False,True,False,False,False,False,False,False
2024-10-01,2343.2218965167026,2345.6294061993967,2338.147862033892,2340.5553717165863,6292244,2418.1696937050733,2475.678058620656,2495.6169234207014,32.364786923843,-28.564822204265965,-20.442712244151863,-8.122109960114102,9467431.7,False,False,False,False,False,False,False,False,False
2024-10-02,2324.6673455307528,2336.4005379840723,2322.720298889345,2334.4534913426646,3866029,2414.8352978403636,2469.2420509975095,2493.246872948966,31.52480063364837,-30.92861141522235,-22.539892078365963,-8.388719336856386,9055303.75,False,False,False,False,False,False,False,False,False
2024-10-03,2290.876883136194,2312.433589164922,2279.2576856900114,2300.8143917187394,7780556,2410.212030731591,2462.5603542803888,2490.4579964093973,27.31580221642949,-35.11158114975797,-25.054229892644365,-10.057351257113602,9222755.95,True,False,False,False,False,False,False,False,False
2024-10-04,2339.595064137618,2349.0520700017314,2319.841868286083,2329.2988741501963,11224359,2405.562913684833,2456.557803302564,2488.1557232342657,35.20473631675884,-35.716438256075435,-27.18667156533058,-8.529766690744854,9229652.2,False,False,True,False,False,False,False,False,False
2024-10-07,2351.326050195312,2369.6574859830453,2308.3262113782184,2326.657647165952,13298201,2400.5858965059374,2450.117987368172,2485.8811024445713,34.82726859631914,-35.994000383630464,-28.948137328990562,-7.045863054639902,9288161.3,False,False,False,False,False,False,False,False,False
2024-10-08,2371.3711585257834,2372.3697989680077,2370.597009655874,2371.5956500980983,12776563,2398.3659332944544,2445.2628918191035,2484.2938044953144,45.52864473907407,-32.21647759571897,-29.601805382336245,-2.6146722133827254,9307877.75,False,False,False,False,False,False,False,False,False
2024-10-09,2388.048709170443,2413.5663404085994,2376.3937443759473,2401.9113756141037,9655944,2396.652702535652,2441.0780690815686,2483.1652780722843,51.3341127164016,-26.47139214983099,-28.975722735835195,2.5043305860042047,9168002.5,False,False,False,False,True,False,False,False,False
2024-10-10,2407.102610424601,2427.879008036807,2380.901605149301,2401.678002761507,11055226,2392.894900549767,2436.86377372724,2482.0640986761928,51.28879598172179,-21.687205180185174,-27.518019224705192,5.830814044520018,9208340.7,False,False,False,False,False,False,False,False,False
2024-10-11,2447.454530144544,2475.9810127352653,2404.6171614849554,2433.1436440756765,11999042,2390.1697324217753,2433.085166010076,2481.4118259481857,56.82323476110407,-15.181683259472265,-25.05075203165861,9.869068772186345,9399321.1,False,False,False,False,False,False,True,False,False
2024-10-14,2487.619271323494,2493.037086073157,2473.6378795301307,2479.0556942797934,10065678,2389.9769974087076,2430.675797837754,2481.380824215707,63.363987148070734,-6.2492540089047,-21.29045242710783,15.04119841820313,9177872.15,False,False,False,False,False,False,True,False,False
2024-10-15,2480.708012909228,2494.01498698389,2469.6374501891073,2482.9444242637696,4707708,2390.01899569119,2428.8438991048893,2481.4011307098376,63.863321702876654,1.1305166449219541,-16.806258612701875,17.93677525762383,8895556.35,False,False,False,False,False,False,True,False,False
2024-10-16,2496.577535997268,2505.269165797345,2491.6289245709618,2500.3205543710387,6929276,2392.265134530034,2427.369115187181,2481.6436874234428,66.08751720993189,8.285634896278225,-11.787879910905856,20.073514807184083,8643454.25,False,False,False,False,False,False,True,False,False
2024-10-17,2537.7315352086293,2566.282781774515,2500.358678866664,2528.9099254325497,4334584,2396.805272696015,2426.517771304929,2482.2419942336846,69.4222876659587,16.0777071733728,-6.214762494050125,22.292469667422925,8516094.25,False,False,False,False,False,False,True,False,False
2024-10-18,2528.667151671273,2541.0412475664175,2507.7502452726,2520.124341167744,8857511,2401.1019637032914,2425.53850395508,2482.7155235703603,67.23428483742977,21.29854104258311,-0.712101786723478,22.01064282930659,8557870.4,False,False,False,False,False,False,True,False,False
2024-10-21,2504.812649392352,2512.689335301054,2495.4358786626485,2503.312564571351,9294216,2406.2365764471388,2424.3331287898272,2482.969808027163,63.13377053721913,23.80510914846218,4.191340400313654,19.613768748148527,8617840.65,False,False,False,False,False,False,True,False,False
2024-10-22,2545.9097117930514,2552.397051505221,2526.117422974556,2532.6047626867257,8167683,2412.677421275879,2423.7165211496285,2483.5751123522796,66.91944577262817,27.83436082867138,8.9199444859852,18.91441634268618,8515147.2,False,False,False,False,False,False,True,False,False
2024-10-23,2503.951094223781,2530.159873568222,2494.168692777415,2520.3774721218556,10135966,2418.5960354428094,2423.306368231797,2484.018514277214,63.96666441529374,29.698584854103046,13.075672559608769,16.622912294494277,8752818.05,False,False,False,False,False,False,True,False,False
2024-10-24,2530.8655608130052,2549.4092001842414,2519.721226637075,2538.264866008311,9803940,2427.011640281823,2423.8065279775324,2484.6643041787747,66.30872397692832,32.24762843358485,16.910063734403987,15.337564699180863,8922479.1,False,False,False,False,False,False,True,False,False
2024-10-25,2535.074245583032,2559.567288967355,2523.841782171844,2548.3348255561673,6869026,2437.5379967870213,2425.0238486812227,2485.413369136156,67.58601889062163,34.68054962436281,20.464160912395755,14.216388711967056,9164562.5,False,False,False,False,False,False,True,False,False
2024-10-28,2570.2778064024615,2607.9944961522842,2543.779891061174,2581.496580810997,16647836,2448.7927229956913,2426.8426734659115,2486.530615783538,71.4276382414526,38.83684670727416,24.138698071371437,14.698148635902726,9188079.4,False,True,False,False,False,False,True,False,False
2024-10-29,2601.355360082577,2605.499410143025,2583.3243613199415,2587.4684113803896,12357638,2461.1383749788815,2430.1084696398375,2487.690820330628,72.06960665294733,42.127005017571264,27.736359460611403,14.39064555695986,9491349.1,False,True,False,False,False,False,True,False,False
2024-10-30,2570.1249753327997,2587.3778847040994,2558.732906575341,2575.9858159466407,8678234,2473.2149912090804,2433.7002590512548,2488.694172553537,68.86564430909439,43.308694029299204,30.850826374348966,12.457867654950238,9731959.35,False,False,False,True,False,False,True,False,False
2024-10-31,2534.5819530073536,2571.3511932280394,2532.3924888060305,2569.1617290267163,8245818,2486.6323580744793,2437.6775778654187,2489.5983024015504,66.96043503162005,43.19660077673507,33.31998125482619,9.876619521908879,9755222.45,False,False,False,False,False,False,True,False,False
2024-11-01,2553.0342213582367,2586.0918013995474,2509.3331806903307,2542.3907607316414,10464309,2497.2869524035514,2441.320602553585,2490.184885271885,59.95305597324646,40.48093365472914,34.75217173480678,5.728761919922363,9717219.95,False,False,False,False,False,False,True,False,False
2024-11-04,2588.0819533534195,2614.8336763367033,2549.378348189675,2576.1300711729587,10168627,2509.760573603902,2445.8093195825413,2491.129337864204,64.9336858515171,40.58340801138502,35.918418990122426,4.664989021262592,9560741.25,False,False,False,False,False,False,True,False,False
2024-11-05,2595.3774978966985,2599.8003923645124,2575.8243543396347,2580.2472488074486,13004289,2520.1931535393696,2450.3681263945687,2492.0980108092394,65.49759909226506,40.529641030760104,36.840663398249966,3.688977632510138,9572127.55,False,False,False,False,False,False,True,False,False
2024-11-06,2573.8738441935225,2592.7961360841077,2554.5872191527774,2573.5095110433626,8776468,2528.773060310832,2453.626399366272,2492.973403284875,63.69246522683081,39.48815629802675,37.370161978205324,2.1179943198214275,9528153.75,False,False,False,False,False,False,True,False,False
2024-11-07,2564.2375651094326,2586.0277412648165,2550.8296600130534,2572.6198361684374,7275724,2537.3201519811787,2456.295447498893,2493.82070576236,63.44382277372567,38.15119953679732,37.526369489923724,0.6248300468735977,9339178.65,False,False,False,False,False,False,True,False,False
2024-11-08,2529.50902294317,2566.9698113782883,2509.391611614923,2546.8524000500415,10105756,2543.0055897798966,2458.6799524500734,2494.3789341232828,56.55729336923919,34.61343281656809,36.9437821552526,-2.330349338684506,9244514.35,False,False,False,False,False,True,True,False,False
2024-11-11,2577.724918923985,2599.658553864334,2555.12088963974,2577.054524580089,5159347,2547.9055312949117,2461.7171462431947,2495.2401381905415,61.79225432052883,33.856509476146584,36.326327619431396,-2.4698181432848116,8999197.8,False,False,False,False,False,False,True,False,False
2024-11-12,2579.3503433939823,2581.990875652005,2560.9778096578266,2563.618341915849,7489497,2551.9392271775155,2465.2746322624457,2495.9450681258536,58.419552949455856,31.805816965835675,35.42222548871226,-3.6164085228765828,9138287.25,False,False,False,False,False,False,True,False,False
2024-11-13,2584.8136267583027,2592.707191788151,2571.8941200664613,2579.7876850963094,4517662,2555.9125837137794,2468.8475577916347,2496.800605033716,61.16650743518826,31.12655172610357,34.563090736190524,-3.4365390100869533,9017706.55,False,False,False,False,False,False,True,False,False
2024-11-14,2571.668558636547,2593.328487996579,2556.2085954460827,2577.8685248061147,9560541,2558.3605136824576,2472.539333609873,2497.6194729102044,60.654321542662935,30.086549914262378,33.6677825718049,-3.5812326575425217,9279004.4,False,False,False,False,False,False,True,False,False
2024-11-15,2553.2081237564066,2567.407836815089,2545.630191023997,2559.8299040826796,9820103,2560.3457918282043,2475.290307389819,2498.241577221929,55.91497137781239,27.489888722896012,32.432203802023125,-4.942315079127113,9327134.0,False,False,False,False,False,False,True,False,False
2024-11-18,2553.6070523382714,2562.8365522272697,2522.9292009652077,2532.158700854206,9179144,2561.788098642347,2477.4095215920265,2498.5773903271993,49.52249717201096,22.934803045076478,30.5327236506338,-7.59792060555732,9321380.4,False,False,False,False,False,False,True,False,False
2024-11-19,2524.65782038579,2552.5615748280607,2506.8832363983342,2534.786990840605,13602274,2561.897210050041,2479.7853631222833,2498.932386410664,50.105968333399225,19.314302606439924,28.289039441795026,-8.974736835355102,9593109.95,False,False,False,False,False,False,True,False,False
2024-11-20,2510.394528059539,2531.0704650426005,2492.473152765766,2513.1490897488275,14036533,2561.5357909313893,2481.324825101457,2499.0704126566657,45.44832771235068,14.531521804101885,25.537535914256402,-11.006014110154517,9788138.3,False,False,False,False,False,False,True,False,False
2024-11-21,2496.9510736271427,2503.0935740646723,2492.149054633178,2498.2915550707075,12541824,2559.5371253845096,2481.753975353287,2499.062923641416,42.52525418973679,9.433511038157121,22.316730939036546,-12.883219900879425,9925032.5,False,False,False,False,False,False,True,False,False
2024-11-22,2510.02215465473,2511.664681422282,2508.188324143903,2509.830850911455,7555050,2557.6119266522737,2482.197652238806,2499.165475329702,45.459254399211396,6.252352288167458,19.10385520886273,-12.851502920695271,9959333.7,False,False,False,False,False,False,True,False,False
2024-11-25,2492.115248929072,2515.9717929153185,2488.0578093295553,2511.9143533158017,8777162,2554.132815277514,2482.7777314142986,2499.2857477635334,45.99531501384793,3.854944886234989,16.05407314433718,-12.199128258102192,9565800.0,False,False,False,False,False,False,True,False,False
2024-11-26,2518.1421940466143,2531.320106053002,2509.76942991486,2522.9473419212477,6023809,2550.9067618045565,2483.5945890804414,2499.5068841575303,48.86162776948789,2.8128276949987594,13.405824054469498,-10.592996359470739,9249108.55,False,False,False,False,False,False,True,False,False
2024-11-27,2473.3846337958653,2509.3304430762837,2453.65136499631,2489.5971742767283,11060148,2546.587329721061,2484.278577014093,2499.41512758456,41.66324739398131,-0.6961131380962797,10.585436615956343,-11.281549754052623,9368204.25,False,False,False,False,False,False,True,False,False
2024-11-28,2503.178417740334,2504.789039142979,2495.3283992990523,2496.9390207016972,9593586,2542.97619430481,2485.4552141858685,2499.392411007653,43.63200130774509,-2.8516760345346484,7.8980140858581445,-10.749690120392792,9435592.65,False,False,False,False,False,False,True,False,False
2024-11-29,2530.0219516650322,2536.071712333489,2517.5295142956925,2523.579274964149,5569224,2542.0356200164356,2487.242989264707,2499.612291589076,50.19950862931766,-2.382861142892125,5.841839040108091,-8.224700183000216,9190838.4,False,False,False,False,False,False,True,False,False
2024-12-02,2588.455120599186,2599.5529304616025,2581.4764424448886,2592.574252307305,9310528,2542.857829073153,2491.082068116965,2500.449786730682,62.41362782323448,3.515471920872642,5.376565616261002,-1.8610936953883597,9147933.45,False,False,False,False,False,False,True,False,False
2024-12-03,2610.769620897085,2620.8797160249355,2587.977363322358,2598.0874584502085,11550148,2543.749839555291,2494.9680599637304,2501.3215516567484,63.190518070263785,8.536410601366242,6.00853461328205,2.527875988084192,9075226.4,False,False,False,False,True,False,True,False,False
2024-12-04,2595.5433223292703,2621.9123633792565,2594.1434634426787,2620.512504492665,8332342,2546.0999892277564,2499.3382062779187,2502.3763388499865,66.24657153211662,14.16180599714653,7.639188890054946,6.522617107091584,9053020.1,False,False,False,False,False,False,True,False,False
2024-12-05,2633.051153145257,2638.835810899944,2621.3370816003085,2627.1217393549955,12097675,2548.825084387084,2504.481585680458,2503.4705967491536,67.11318528879875,18.93501137035537,9.898353386115032,9.036657984240337,9294117.65,False,False,False,False,False,False,True,True,False
2024-12-06,2719.723931530374,2756.519830031896,2696.9410573674245,2733.7369558689466,12433507,2558.1693121780295,2512.400170888793,2505.472912915413,77.25711018706636,30.963836141129377,14.1114499371179,16.852386204011477,9410505.2,False,True,False,False,False,False,True,False,False
2024-12-09,2703.128598673013,2704.588078498303,2696.392744115708,2697.8522239409976,8840569,2564.209197146075,2519.229174234861,2507.1313552518404,69.48803312611712,37.17266512521974,18.72369297473827,18.448972150481467,9594566.3,False,False,False,True,False,False,True,False,False
2024-12-10,2749.1004159511326,2779.542209710898,2723.1947599746168,2753.6365537343822,10787934,2573.7101077370016,2527.4907978752167,2509.2382372901525,73.88461009943866,46.063544168919634,24.191663213574543,21.87188095534509,9759488.15,False,True,False,False,False,False,True,False,False
2024-12-11,2772.4741834954893,2785.513071383499,2755.643410467487,2768.6822983554966,11707770,2583.1548383999607,2536.1753740154736,2511.4369157737574,74.93371890458714,53.70462225932715,30.09425502272507,23.610367236602084,10118993.55,False,True,False,False,False,False,True,False,False
2024-12-12,2792.157072856264,2810.5827287934667,2775.1967622785314,2793.622418215734,4811843,2593.9425330704416,2546.0315345454133,2513.8082225169674,76.61099766958968,61.06872864653906,36.28914974748787,24.779578899051188,9881558.65,False,True,False,False,False,False,True,False,False
2024-12-13,2822.0772781546043,2823.8359431737103,2804.057608520823,2805.816273539929,2422935,2606.2418515433046,2555.561882533208,2516.2416229421583,77.40700370249586,67.11511693991451,42.4543431859732,24.660773753941314,9511700.25,False,True,False,False,False,False,True,False,False
2024-12-16,2776.665401579419,2808.0328881284895,2762.0285028759513,2793.395989425022,13076141,2619.303715971845,2564.8966493783896,2518.532154896562,74.62125221793289,70.09667921256732,47.98281039129203,22.113868821275297,9706550.1,False,True,False,False,False,False,True,False,False
2024-12-17,2746.8046747935537,2764.844413145735,2743.29862692247,2761.338365274651,7075093,2630.6312846935475,2572.6915036819205,2520.522369735727,67.83541999546986,69.07653514395997,52.201555341825625,16.874979802134348,9380191.05,False,False,False,True,False,False,True,False,False
2024-12-18,2737.6895713355984,2757.891569369707,2733.7223192302313,2753.92431726434,16071446,2642.6700460693232,2579.7317625149253,2522.4199465449024,66.33304189943765,66.89864595953941,55.14097346536839,11.757672494171018,9481936.7,False,False,False,False,False,False,True,False,False
2024-12-19,2772.11942405029,2829.069847071389,2733.2713540165105,2790.2217770376096,14113582,2657.266557167668,2587.5026380004474,2524.5796387262953,69.8532529639696,67.3254686492769,57.5778725021501,9.7475961471268,9560524.6,False,False,False,False,False,False,True,False,False
2024-12-20,2828.569902487151,2835.833299165877,2811.295925814124,2818.5593224928502,9491088,2672.702980746738,2595.2109515687907,2526.931476196428,72.28928624796114,69.15317701915592,59.89293340555126,9.260243613604658,9657326.5,False,True,False,False,False,False,True,False,False
2024-12-23,2797.7810602824998,2797.9390519198296,2786.246164823335,2786.404156460665,9686806,2686.427470903981,2601.3579208124083,2528.9907831826517,65.7925846569436,67.23198740302678,61.360744205046366,5.871243197980412,9702808.7,False,False,False,True,False,False,True,False,False
2024-12-24,2733.5095012673096,2734.3224792927585,2725.63221888257,2726.445196908019,12733125,2696.60236365332,2606.2279362652935,2530.545542345844,55.73418962118887,60.1775544642187,61.124106256880836,-0.9465517926621345,10038274.5,False,False,False,False,False,True,True,False,False
2024-12-25,2673.2174086587197,2720.2435322501547,2642.767171485439,2689.793295076874,9604495,2706.612169693327,2610.0173910794097,2531.789665414055,50.637895350431165,51.04099455737787,59.10748391698025,-8.066489359602379,9965491.85,False,False,False,False,False,False,True,False,False
2024-12-26,2733.1035821959545,2748.808098768747,2722.7837720374223,2738.488288610215,9533776,2718.689633088753,2614.2089583429633,2533.3919803225526,56.34876006290059,47.1855582790954,56.72309878940328,-9.537540510307878,9962501.35,False,False,False,False,False,False,True,False,False
2024-12-27,2689.0041295596766,2730.2057432399524,2664.207440516685,2705.409054196961,9667911,2727.7811220503936,2617.914652603548,2534.7151885831245,51.951687028793394,40.98839083403709,53.57615719833005,-12.58776636429296,10167435.7,False,False,False,False,False,False,True,False,False
2024-12-30,2713.285715332075,2729.8613639823016,2703.9772124254537,2720.55286107568,3915345,2734.180052488812,2622.259458533634,2536.133796770091,53.73171573723255,36.87400901602359,50.235727561868764,-13.361718545845171,9897676.55,False,False,False,False,False,False,True,False,False
2024-12-31,2733.321900843387,2734.187907859298,2730.6817565266642,2731.547763542575,9662405,2740.8530677434305,2626.2383185507515,2537.6142056092763,55.03419913936758,34.107360107348995,47.01005407096481,-12.902693963615818,9803289.4,False,False,False,False,False,False,True,False,False
2025-01-01,2712.1881899726227,2733.059299336308,2679.2971684089857,2700.168277772671,12142561,2744.8358564074306,2629.8341346637676,2538.836416678174,50.65169894544269,29.0478629795075,43.41761585267335,-14.36975287316585,9993800.35,False,False,False,False,False,False,True,False,False
2025-01-02,2659.3227352505846,2663.2091229744747,2654.228859013238,2658.115246737128,7802003,2746.3855317765374,2632.231142278344,2539.7265572010024,45.43047053296716,21.3981819793089,39.01372907800046,-17.615547098691557,9779016.75,False,False,False,False,False,False,True,False,False
2025-01-03,2656.5580415146555,2684.603628082355,2633.532868714456,2661.5784552821556,11961046,2742.7776067471978,2634.4960148728637,2540.629163853455,45.92482970431337,15.437255586969968,34.298434379794365,-18.861178792824397,9755393.7,False,False,False,False,False,False,True,False,False
2025-01-06,2714.769908363378,2728.2301464021884,2695.738832152277,2709.1990701910877,9682508,2743.3449490597022,2637.0500646604655,2541.868648458879,52.32100707083444,14.389886462209688,30.31672479627743,-15.926838334067742,9797490.65,False,False,False,False,False,False,True,False,False
2025-01-07,2660.2271553682945,2691.4075020989667,2632.4447653281745,2663.6251120588468,8950639,2738.844376975926,2638.5731986740343,2542.757381769827,46.63577456936468,9.76978138283448,26.20733611358884,-16.43755473075436,9705625.9,False,False,False,False,False,False,True,False,False
2025-01-08,2699.7578333271313,2711.38144207428,2678.070728779388,2689.694337526537,4524002,2734.8949789344774,2640.8473691056324,2543.8221423187892,49.98372877874087,8.118300729660405,22.589529036803157,-14.471228307142752,9346437.5,False,False,False,False,False,False,True,False,False
2025-01-09,2722.571731219227,2727.3198317741185,2694.351990439453,2699.1000909943446,6251617,2730.168862573408,2643.446136344985,2544.9392498632174,51.17395895723487,7.482205899338624,19.56806440931025,-12.085858509971626,9418426.2,False,False,False,False,False,False,True,False,False
2025-01-10,2697.3993280770933,2724.6207039032024,2657.2839947005946,2684.5053705267037,10504298,2724.103317422747,2646.2884285408863,2545.936150725099,49.216826901841344,5.734322494695334,16.80131602638727,-11.066993531691935,9822494.35,False,False,False,False,False,False,True,False,False
2025-01-13,2649.879516767039,2655.387344734968,2646.6153079166243,2652.123135884553,11117032,2717.039674745723,2647.8082898351186,2546.6892499106275,45.09582193418418,1.7163515652482602,13.784323134159468,-12.067971568911208,9724538.9,False,False,False,False,False,False,True,False,False
2025-01-14,2652.1642971879646,2654.3921667951463,2641.5210858840132,2643.748955491195,10219090,2711.1602042565505,2649.0783239687935,2547.372768964012,44.068196175888346,-2.1192167050453463,10.603615166318505,-12.722831871363852,9881738.75,False,False,False,False,False,False,False,False,False
2025-01-15,2670.105971032064,2676.917281138726,2659.9548631233215,2666.7661732299835,10534291,2706.8022970548327,2650.9434572125256,2548.207687874963,47.60250425285307,-3.2640096133768566,7.830090210379433,-11.09409982375629,9604881.0,False,False,False,False,False,False,True,False,False
2025-01-16,2669.8256286621427,2680.3080090871185,2653.830177947398,2664.312558372374,12853361,2700.5068361215713,2652.777311656604,2549.013971697861,47.25967759714726,-4.319460403549783,5.40018008759359,-9.719640491143373,9541869.95,False,False,False,False,False,False,True,False,False
2025-01-17,2692.7943807563065,2709.6563152834397,2653.3375398750454,2670.1994744021786,17809871,2693.088843717037,2655.244253143647,2549.8497337854774,48.22316581017441,-4.627544383176428,3.3946351934395866,-8.022179576616015,9957809.1,False,False,False,False,False,False,True,False,False
2025-01-20,2591.4694043742024,2614.07710380313,2590.7139264125835,2613.321625841511,10261256,2684.4347171860795,2655.9695951688755,2550.2844727721626,40.52083727552413,-9.353449444610305,0.8450182658296084,-10.198467710439914,9986531.6,False,False,False,False,False,False,False,False,False
2025-01-21,2588.9410629280665,2614.197495695887,2573.8108079131284,2599.067240680949,12924263,2678.0658193747263,2656.6785731441773,2550.616328336168,38.84625869715854,-14.086591548917568,-2.141303697119827,-11.94528785179774,9996088.5,False,False,False,False,False,False,False,False,False
2025-01-22,2634.101754272804,2682.386403991605,2589.252746310362,2637.537396029163,9325184,2675.4530244223406,2657.8335673628344,2551.203632847607,45.403916416718474,-14.565518508286914,-4.626146659353244,-9.93937184893367,9982122.95,False,False,False,False,False,False,False,False,False
2025-01-23,2637.5010536940435,2680.537515069504,2609.543080139615,2652.5795415150756,12065558,2671.1575870675833,2659.3277876970137,2551.884008073563,47.76264214103729,-13.57481413845153,-6.415880155172902,-7.158933983278628,10108712.05,False,False,False,False,False,False,False,False,False
2025-01-24,2613.8992757207984,2642.112823125289,2598.48098858904,2626.6945359935307,13111422,2667.221861157412,2660.6650803352304,2552.3827449263626,44.22203426732906,-14.708823244846826,-8.074468773107686,-6.63435447173914,10280887.6,False,False,False,False,False,False,False,False,False
2025-01-27,2637.5337319872338,2649.4582299763947,2620.707722205279,2632.63222019444,9356046,2662.82582911335,2662.6745507220353,2552.9141984049593,45.22508912239034,-14.956008582892082,-9.450776735064565,-5.505231847827517,10552922.65,False,False,False,False,False,False,False,False,False
2025-01-28,2634.056727138143,2646.6373883421975,2632.6745465832473,2645.255207787302,7692447,2658.5112013255866,2664.8839150609692,2553.5217050456326,47.39105374714101,-13.972271491811625,-10.355075686413977,-3.617195805397648,10454424.75,False,False,False,False,False,False,False,False,False
2025-01-29,2650.6456978189585,2660.773938123639,2641.9918652947854,2652.1201055994657,4010470,2656.108792716926,2667.663335377982,2554.1661390361805,48.58186412864427,-12.494681962594768,-10.782996941650136,-1.711685020944632,10047820.2,False,False,False,False,False,False,False,False,False
2025-01-30,2693.1565409045397,2707.4844682301705,2681.1143115989066,2695.4422389245374,9092348,2657.9751423262965,2671.6063490550587,2555.0835163081833,55.437024666916024,-7.738740134996988,-10.174145580319507,2.4354054453225196,10112337.45,False,False,False,False,True,False,True,False,False
2025-01-31,2667.5612722638207,2682.7328890895924,2649.426381825705,2664.5979986514767,11751858,2658.126119494763,2674.7016920098595,2555.790061355559,50.29563495819507,-6.384893310256757,-9.416295126306958,3.0314018160502005,10101878.05,False,False,False,False,False,False,False,False,False
2025-02-03,2624.797354475733,2655.4232498759457,2592.1035640618647,2622.7294594620776,10381695,2653.8026389583124,2676.9179941327848,2556.21916006137,44.290903809427874,-8.591365239768948,-9.251309148999356,0.6599439092304085,10136837.4,False,False,False,False,False,False,False,False,False
2025-02-04,2619.6979957470535,2621.311586098952,2600.726987571319,2602.3405779232176,12634503,2650.7384122515305,2678.5058588528236,2556.512927054121,41.68118561405569,-11.848638751862836,-9.770775069572052,-2.0778636822907846,10321030.6,False,False,False,False,False,True,False,False,False
2025-02-05,2645.304242793576,2654.781279808984,2636.565869800401,2646.0429068158087,10627219,2648.5558407159942,2681.634773503606,2557.07957249565,48.663525325184565,-10.779380779856183,-9.972496211628878,-0.8068845682273054,10626191.45,False,False,False,False,False,False,False,False,False
2025-02-06,2679.645416277787,2719.8844138617064,2651.075615073311,2691.3146126572306,8110716,2648.1665667991388,2685.522285342716,2557.9238180312577,54.71244876970933,-6.207382976491772,-9.219473564601458,3.012090588109686,10719146.4,False,False,False,False,True,False,True,False,False
2025-02-07,2671.199633500528,2699.4562905759767,2648.4199916118805,2676.6766486873294,5238762,2647.77513070717,2688.58423281718,2558.6660232228583,52.55612542474063,-3.7222948378189358,-8.120037819244953,4.397742981426017,10455869.6,False,False,False,False,False,False,False,False,False
2025-02-10,2627.56486321059,2680.5009704452627,2604.060679977755,2656.996787212428,4110243,2648.018813273564,2689.872683515283,2559.2767733097503,49.71901466023149,-3.3027726264540433,-7.156584780686771,3.8538121542327275,10105530.15,False,False,False,False,False,False,False,False,False
2025-02-11,2686.217783925318,2696.606840105313,2675.5289209883517,2685.9179771683466,7531766,2650.1272643574216,2691.629293889645,2560.0585091360376,53.67661590555038,-0.6293452264631014,-5.851136869842037,5.2217916433789355,9971163.95,False,False,False,False,False,False,False,False,False
2025-02-12,2612.444600843978,2625.037233537336,2611.2172447682324,2623.80987746159,11583007,2647.979449569001,2691.6952413490235,2560.4496218251516,45.4105029886345,-3.4820998586164933,-5.377329467596929,1.8952296089804355,10023599.75,False,False,False,False,False,False,False,False,False
2025-02-13,2627.421332573261,2649.758624776734,2587.699782436045,2610.037074639518,9223573,2645.2656753823585,2691.353548054714,2560.7519843423124,43.79968680991464,-6.776167104844262,-5.657096995046396,-1.1190701097978666,9842110.35,False,False,False,False,False,True,False,False,False
2025-02-14,2603.3676323002924,2606.9654554680706,2597.736449450956,2601.3342726187343,9047843,2641.8224152931866,2688.7054943897106,2560.997937604594,42.76734522916669,-9.974008360898097,-6.520479268216736,-3.453529092681361,9404008.95,False,False,False,False,False,False,False,False,False
2025-02-17,2623.827044624479,2647.4395702938373,2611.184530287912,2634.79705595727,12450948,2642.8961867989747,2687.444391030035,2561.4425106067183,47.85644209301382,-9.696379809594418,-7.155659376492273,-2.5407204331021456,9513493.55,False,False,False,False,False,False,False,False,False
2025-02-18,2666.476249714187,2678.4910228962804,2659.93959846842,2671.9543716505136,5203441,2646.5405433474525,2685.8107473883574,2562.1042582776395,52.86807192967469,-6.404248156437916,-7.005377132481402,0.6011289760434861,9127452.45,False,False,False,False,True,False,False,False,False
2025-02-19,2696.6395816576614,2712.3648372177963,2688.4144912263373,2704.139746786472,13716813,2649.870660885318,2684.5198963569774,2562.949707614001,56.7460309607916,-1.1844655323620827,-5.841194812457539,4.6567292800954565,9347033.9,False,False,False,False,False,False,True,False,False
2025-02-20,2704.5726074606096,2710.0498310351277,2694.854675814734,2700.331899389252,12109094,2652.258278779027,2682.654085980448,2563.76261999137,56.15732280939686,2.614846024983308,-4.1499866449693705,6.764832669952678,9349210.7,False,False,False,False,False,False,True,False,False
2025-02-21,2668.8303144449264,2697.7318272801363,2648.9390414019235,2677.8405542371333,6248032,2654.815579691207,2680.094571594392,2564.4336666634035,52.68085695719394,3.767534429287025,-2.5664824301180915,6.334016859405116,9006041.2,False,False,False,False,False,False,False,False,False
2025-02-24,2706.8479610325967,2720.0111947172727,2678.3648950457746,2691.5281287304506,10641305,2657.7603751180077,2678.057214380501,2565.176909131632,54.525838480620834,5.719589299028485,-0.9092680842887764,6.628857383317261,9070304.15,False,False,False,False,False,False,True,False,False
2025-02-25,2642.088184468152,2661.350130324502,2629.77644674903,2649.03839260538,7812224,2657.949534358912,2675.8112149271155,2565.664475896014,48.23818843949137,3.794301892990461,0.03144591116707118,3.7628559818233898,9076293.0,False,False,False,False,False,False,False,False,False
2025-02-26,2637.839410097395,2652.9810631109135,2615.406712537699,2630.5483655512176,14238849,2656.870947356499,2673.343695892853,2566.0395272813043,45.764997494002195,0.7676580133638709,0.17868833160643113,0.5889696817574397,9587711.95,False,False,False,False,False,False,False,False,False
2025-02-27,2635.165621752794,2640.906733247951,2606.8291619040065,2612.5702733991634,8341386,2652.7273490802304,2669.7906658200836,2566.3069453624416,43.433259140626596,-3.04654221230021,-0.4663577771748971,-2.5801844351253127,9550163.85,False,False,False,False,False,True,False,False,False
2025-02-28,2613.7003521731967,2615.8561662680863,2609.6417199369375,2611.797534031827,4886550,2650.087325849248,2665.6554300508633,2566.5668915834094,43.331066441422436,-6.061800319120266,-1.585446285563971,-4.476354033556295,9206898.45,False,False,False,False,False,False,False,False,False
2025-03-03,2634.643642999037,2641.897925563126,2631.9076921228307,2639.1619746869196,12699204,2650.90895161049,2662.710586415388,2566.9793636464974,47.99725160978972,-6.172183338369905,-2.502793696125158,-3.669389642244747,9322773.9,False,False,False,False,False,False,False,False,False
2025-03-04,2612.333105269777,2624.406185302459,2603.0944988416704,2615.1675788743523,9899094,2651.550301658047,2660.485034054715,2567.2516134500447,44.534499284188676,-8.10241034603996,-3.6227170261081185,-4.479693319931842,9186003.45,False,False,False,False,False,False,False,False,False
2025-03-05,2606.580919900853,2669.860543624204,2573.7847905731546,2637.0644142965057,11265085,2651.1013770320815,2659.4304564391077,2567.6438201963733,48.20676672477957,-7.775605200468817,-4.453294660980259,-3.3223105394885586,9217896.75,False,False,False,False,False,False,False,False,False
2025-03-06,2611.9307696211563,2621.2848704766507,2589.6307768884085,2598.984877743903,8227769,2646.484890286415,2656.6403882217814,2567.8189099033425,42.88874959158935,-10.468634225081132,-5.6563625738004335,-4.812271651280699,9223749.4,False,False,False,False,False,False,False,False,False
2025-03-07,2612.3067690958596,2623.864485625224,2607.0801666411517,2618.637883170516,7800979,2643.5829520105744,2654.9049648012524,2568.101237532605,46.18819746428088,-10.891495458479767,-6.703389150736301,-4.188106307743466,9351860.25,False,False,False,False,False,False,False,False,False
2025-03-10,2631.53181323894,2639.2953707702286,2619.9890957755474,2627.7526533068362,6731482,2642.120745315295,2653.048960645876,2568.4308033656116,47.697389140748044,-10.371573217835703,-7.437025964156183,-2.9345472536795203,9482922.2,False,False,False,False,False,False,False,False,False
2025-03-11,2584.3090003736634,2612.0666555643165,2571.6723872183948,2599.430042409048,13765576,2637.79634857733,2650.406606223205,2568.601128854861,43.60501311764206,-12.10538574230759,-8.370697919786465,-3.734687822521124,9794612.7,False,False,False,False,False,False,False,False,False
2025-03-12,2561.1204160571656,2604.2717731218095,2527.145453296686,2570.29681036133,13001406,2635.1206952223174,2647.809176874978,2568.610394874022,39.82035927376632,-15.649851265374764,-9.826528588904125,-5.823322676470639,9865532.65,False,False,False,False,False,False,False,False,False
2025-03-13,2625.5672174721067,2633.7836219450255,2608.068401312606,2616.284805785525,12289278,2635.433081779617,2646.972568055946,2568.8694949333235,47.55801432332023,-14.57995024515958,-10.777212920155216,-3.8027373250043635,10018817.9,False,False,False,False,False,False,False,False,False
2025-03-14,2640.4951942403713,2641.3747011632386,2621.6475347319283,2622.5270416547955,8356779,2636.49272023142,2646.191539783399,2569.1595357264127,48.525473204215835,-13.077599288237707,-11.237290193771715,-1.840309094465992,9984264.7,False,False,False,False,False,False,False,False,False
2025-03-17,2592.435664599814,2599.749781170208,2587.682411644824,2594.9965282152175,10154855,2634.502693844318,2643.9074889438816,2569.2984442881807,44.61612747339549,-13.947677538955304,-11.779367662808435,-2.1683098761468695,9869460.05,False,False,False,False,False,False,False,False,False
2025-03-18,2579.2307254438665,2597.1368821838505,2561.6445487260353,2579.5507054660193,12396541,2629.882510535093,2642.226000812025,2569.3532692142653,42.545193635212925,-15.702560290434121,-12.564006188333572,-3.1385541021005494,10229115.05,False,False,False,False,False,False,False,False,False
2025-03-19,2603.7135472186264,2620.5169061524552,2562.0710160962944,2578.8743750301232,9249075,2623.6192419472754,2640.0096015620966,2569.403913394137,42.452273918247066,-16.952474158525092,-13.441699782371876,-3.5107743761532166,10005728.15,False,False,False,False,False,False,False,False,False
2025-03-20,2591.0189086692144,2609.17806597557,2573.4178955717707,2591.5770528781263,13111472,2618.1814996217195,2637.8591407997724,2569.521231592465,44.88690525623239,-16.725241786293736,-14.098408183156248,-2.626833603137488,10055847.05,False,False,False,False,False,False,False,False,False
2025-03-21,2589.004394982006,2598.2565927213336,2579.5795836983334,2588.831781437661,8393092,2613.731060981746,2635.9456690179913,2569.622866065334,44.44923800478392,-16.575605691776218,-14.593847684880243,-1.9817580068959746,10163100.05,False,False,False,False,False,False,False,False,False
2025-03-24,2644.763144016205,2649.7207509667387,2603.592414197158,2608.550021147692,3007389,2609.582155602608,2635.074206723254,2569.8266731600065,48.34509901475582,-14.696508652914872,-14.614379878487169,-0.08212877442770328,9781404.25,False,False,False,False,False,False,False,False,False
2025-03-25,2624.9940203776414,2628.5399732062724,2618.4245070400057,2621.9704598686367,7675042,2608.228758965771,2634.638636810803,2570.098255382447,50.87054804739781,-11.986223739852448,-14.088748650760225,2.1025249109077766,9774545.15,False,False,False,False,True,False,False,False,False
2025-03-26,2605.7394811214517,2611.8011562305383,2596.5825589831843,2602.644234092271,18653159,2606.8335523928235,2633.3561980280488,2570.2668873964876,47.28530740922618,-11.26787922613903,-13.524574765835986,2.256695539696956,9995260.65,False,False,False,False,False,False,False,False,False
2025-03-27,2592.631427653988,2606.3346374703365,2577.004910773591,2590.7081205899394,10482567,2605.7404447523622,2631.8841092723997,2570.372254577897,45.16800273846453,-11.528833413858592,-13.125426495440507,1.596593081581915,10102319.7,False,False,False,False,False,False,False,False,False
2025-03-28,2576.3916442530503,2593.863209809682,2563.832373642029,2581.3039391986604,6086408,2604.2157650107038,2630.1061985683295,2570.428314499029,43.5147605562523,-12.3520930917025,-12.970759814692908,0.6186667229904081,10162312.6,False,False,False,False,False,False,False,False,False
2025-03-31,2625.4093953992588,2636.5989213899074,2605.0050180902053,2616.194544080854,11165102,2603.067393480401,2630.1636569331167,2570.6618156703653,50.72144838096701,-10.073036403209244,-12.391215132396177,2.3181787291869327,10085607.5,False,False,False,False,False,False,False,False,False
2025-04-01,2552.6268957073,2571.5836459068823,2516.257318416794,2535.2140686163766,7720867,2599.0697179675017,2628.886593491825,2570.4818778680606,38.457329189443385,-14.63263918969551,-12.839499943856044,-1.7931392458394662,9976696.15,False,False,False,False,False,True,False,False,False
2025-04-02,2557.840183106169,2563.542080047346,2543.5916470036354,2549.2935439448124,6856385,2594.6811744499173,2627.1217164501386,2570.3748660805695,41.12285146862404,-16.91507480316841,-13.654614915718518,-3.2604598874498905,9756261.15,False,False,False,False,False,False,False,False,False
2025-04-03,2559.3036672495336,2580.4188185136913,2530.7460622201265,2551.8612134842842,5216485,2592.3249912369365,2625.107349889522,2570.2818326504375,41.619456881972965,-18.30571510911477,-14.58483495439777,-3.720880154717001,9605696.95,False,False,False,False,False,False,False,False,False
2025-04-04,2493.7554437842664,2530.7081468139213,2470.3120214768337,2507.2647245064886,15518071,2586.756333303735,2622.7187536597817,2569.9667471097177,35.94810149091505,-22.74419065064467,-16.21670609364715,-6.527484556997518,9991551.55,False,False,False,False,False,False,False,False,False
2025-04-07,2521.286452294404,2569.2203983390896,2505.3270192610453,2553.2609653057307,4827503,2583.0317489036797,2621.131328562007,2570.0339783327495,44.36824626699228,-22.293219906882314,-17.432008856294182,-4.861211050588132,9896352.6,False,False,False,False,False,False,False,False,False
2025-04-08,2562.2528868058353,2572.5989267223117,2551.677983637097,2562.0240235535734,7002043,2581.161447960906,2619.4667048773326,2570.167482344243,45.829312626118835,-20.986794080381515,-18.14296590111165,-2.843828179269863,9558175.95,False,False,False,False,False,False,False,False,False
2025-04-09,2521.029683952567,2528.3238121666504,2514.4160910677588,2521.710219281842,9934710,2578.7321184069315,2616.85850715098,2570.138839922973,40.552758906094965,-22.939991348185686,-19.10237099052646,-3.837620357659226,9404841.15,False,False,False,False,False,False,False,False,False
2025-04-10,2496.6415114661922,2496.751173796653,2493.0433069659007,2493.1529692963613,11747716,2572.5755265824732,2612.812721758417,2570.007160457894,37.278501969673016,-26.486920928945892,-20.57928097821035,-5.907639950735543,9377763.05,False,False,False,False,False,False,False,False,False
2025-04-11,2468.7169047597936,2531.1186015901717,2439.093559421835,2501.495256252213,7136198,2566.5239373123445,2609.5506669104316,2569.8573872404095,38.832207049755716,-28.298527527890656,-22.12313028814641,-6.175397239744246,9316734.0,False,False,False,False,False,False,False,False,False
2025-04-14,2486.6670040200684,2491.4815883253013,2467.006292156179,2471.820876461412,11843644,2560.365154724654,2606.5324952504184,2569.4810129471375,35.4666741681509,-31.76257407700905,-24.051019045918938,-7.711555031090111,9401173.45,False,False,False,False,False,False,False,False,False
2025-04-15,2484.3994833399984,2503.3654360719597,2469.976510836634,2488.9424635685955,8987609,2555.834742629783,2604.2645329633256,2569.154569384207,38.76438736936408,-32.74877939238877,-25.790571115212906,-6.9582082771758635,9230726.85,False,False,False,False,False,False,False,False,False
2025-04-16,2436.39559578037,2462.1180946457753,2406.5891928537344,2432.3116917191396,8245092,2548.506608464234,2599.9899086613923,2568.634307370961,32.79500171501546,-37.66579636089227,-28.16561616434878,-9.500180196543493,9180527.7,False,False,False,False,False,False,False,False,False
2025-04-17,2442.8692342502345,2444.1941047467785,2433.662039366841,2434.986909863385,8189420,2540.6771013134967,2594.8633546055153,2568.169198624164,33.317398685915194,-40.87551252287494,-30.707595436054014,-10.167917086820928,8934425.1,False,False,False,False,False,False,False,False,False
2025-04-18,2485.8355162707794,2493.732466023096,2482.690197864352,2490.5871476166685,6366293,2535.764869622447,2591.1415645841025,2567.967467997509,43.19957875158477,-38.489082999689344,-32.26389294878108,-6.225190050908267,8833085.15,False,False,False,False,False,False,False,False,False
2025-04-21,2497.75851202021,2506.5661187098704,2492.7873827752064,2501.5949894648666,8023247,2530.4171180383055,2588.033528629151,2567.739655576092,44.93934856390792,-35.30263279278233,-32.87164091758133,-2.430991875201002,9083878.05,False,False,False,False,False,False,False,False,False
2025-04-22,2500.4185122524564,2505.244435670822,2494.3384660662236,2499.1643894845893,10506031,2524.276814519103,2584.298456875476,2567.507417216419,44.614402480130416,-32.59771103032426,-32.81685494012992,0.21914390980565912,9225427.5,False,False,False,False,True,False,False,False,False
2025-04-23,2511.623446857285,2521.8406905429138,2502.3520993297834,2512.569343015412,6759428,2519.77306996526,2582.073646186552,2567.354517433753,46.89503930501015,-29.03764542445424,-32.06101303699479,3.0233676125405466,8630740.95,False,False,False,False,False,False,False,False,False
2025-04-24,2547.3771916109845,2562.3187429710683,2545.221502480476,2560.1630538405598,9914554,2518.245816627791,2581.076165770573,2567.159760790414,54.118794867767654,-22.12085759990714,-30.072981949577258,7.952124349670118,8602340.3,False,False,False,False,False,False,False,False,False
2025-04-25,2563.2054303503373,2588.091301667033,2543.3858628777707,2568.2717341944663,10792745,2517.5942063775815,2580.4149150020876,2566.963425314198,55.23602312002367,-15.802785998597301,-27.218942759381267,11.416156760783966,8837657.15,False,False,False,False,False,False,False,False,False
2025-04-28,2594.378745806876,2611.8915403308133,2562.1715350302084,2579.6843295541457,8775172,2515.768695651246,2579.312660474025,2566.8869231891185,56.82938438995763,-9.762234703938248,-23.727601148292663,13.965366444354416,8718160.65,False,False,False,False,False,False,True,False,False
2025-04-29,2531.1141890033355,2533.708479096782,2525.178645806819,2527.7729359002656,8706682,2515.3966390154405,2576.4290317590203,2566.3521589108127,48.391763715561034,-9.059438343429974,-20.793968587320126,11.734530243890152,8767451.4,False,False,False,False,False,False,False,False,False
2025-04-30,2510.5076425382667,2520.2425925779035,2492.887247907842,2502.6221979474785,10003765,2513.0630717155736,2572.3986807822403,2565.58400053805,44.91250256438716,-10.4118996259499,-18.71755479504608,8.30565516909618,8924820.4,False,False,False,False,False,False,False,False,False
2025-05-01,2600.443274953773,2631.31107572897,2559.99177494017,2590.859575715367,4278587,2515.012989827128,2570.209234308763,2565.363802278753,56.68013758114138,-4.3139870239224365,-15.836841240821352,11.522854216898915,8877925.5,False,False,False,False,False,False,True,False,False
2025-05-02,2575.9783630484408,2587.5224321664587,2566.6508763670918,2578.1949454851097,10505572,2518.559500876059,2568.2163221337223,2565.1076448909716,54.868449453240494,-0.49754181820708254,-12.768981356298498,12.271439538091416,8627300.55,False,False,False,False,False,False,True,False,False
2025-05-05,2562.4607100092758,2570.8734115805855,2548.541240395966,2556.9539419672756,12500876,2518.7441497091363,2565.5248383984585,2564.64917238138,51.87365779098997,0.8037815445995875,-10.05442877611888,10.858210320718468,9010969.2,False,False,False,False,False,False,False,False,False
2025-05-06,2544.034606335866,2558.314028694377,2517.8161676881205,2532.0955900466315,10751909,2517.247728033789,2563.1859823472837,2564.2378981938555,48.534934978426364,-0.16882545022781414,-8.077308110940669,7.908482660712854,9198462.5,False,False,False,False,False,False,False,False,True
2025-05-07,2499.9509684280088,2514.0558037041224,2472.7990622195102,2486.903897495624,11610450,2515.5074119444785,2560.313092986172,2563.6166551188794,43.10347332385103,-4.533950843974253,-7.368636657547386,2.8346858135731328,9282249.5,False,False,False,False,False,False,False,False,False
2025-05-08,2517.646588324142,2534.4771482381107,2486.712233210539,2503.5427931245076,14207667,2516.0269031358857,2558.1325433806787,2563.0724052321125,45.52084379024683,-6.574932616896149,-7.209895849417139,0.63496323252099,9405247.05,False,False,False,False,False,False,False,False,False
2025-05-09,2423.1765075308394,2443.359838150667,2417.2852359334047,2437.4685665532324,8083469,2512.8255686509365,2554.6459640311073,2562.1493779152092,38.52156007380181,-13.369942876387995,-8.44190525481131,-4.928037621576685,9452610.6,False,False,False,False,False,True,False,False,False
2025-05-12,2388.616736440969,2410.9302857724465,2381.161637424537,2403.4751867560144,8208238,2509.4082841656664,2549.932228272489,2561.1691333345098,35.497515466529165,-21.25302744669216,-11.00412969318748,-10.248897753504679,9270840.3,False,False,False,False,False,False,False,False,False
2025-05-13,2401.9377581291988,2405.4089737468926,2394.6868795747687,2398.1580951924625,8534325,2504.86906574686,2545.592038598851,2560.287227005937,35.03423768314633,-27.611189015998207,-14.325541557749627,-13.28564745824858,9248176.1,False,False,False,False,False,False,False,False,False
2025-05-14,2406.0083044302605,2419.980876049781,2389.381083945956,2403.3536555654764,2641900,2503.421163939177,2540.9178234242304,2559.433696532482,35.91436829491049,-31.863536551755715,-17.833140556550845,-14.03039599520487,8968016.5,False,False,False,False,False,False,False,False,False
2025-05-15,2388.62258862265,2396.0785666756174,2375.2088750629687,2382.6648531159362,8593373,2500.8050611018048,2536.591422931671,2558.489635200336,33.94243069588808,-36.48241944267693,-21.562996333776063,-14.919423108900865,8988214.15,False,False,False,False,False,False,False,False,False
2025-05-16,2338.2551213998386,2370.4533838283123,2334.3836910192017,2366.5819534476755,9334334,2494.604801393355,2531.550304337214,2557.4771064242736,32.45079108495672,-40.968414622004275,-25.44407999142171,-15.524334630582565,9136616.2,False,False,False,False,False,False,False,False,False
2025-05-19,2374.904188310311,2389.607323748969,2355.181317870433,2369.884453309091,12554241,2488.019274585566,2526.392940337259,2556.508622076649,33.100927071594796,-43.75275940749543,-29.105815874636455,-14.646943532858977,9363165.9,False,False,False,False,False,False,False,False,False
2025-05-20,2330.6283679976736,2355.5923447541986,2325.7271935170047,2350.6911702735297,17842407,2480.595613625013,2521.418162894549,2555.4449022045337,31.220261320679413,-46.96670728036088,-32.67799415578134,-14.288713124579537,9729984.7,False,False,False,False,False,False,False,False,False
2025-05-21,2316.439080282776,2321.6025281528323,2309.974054495033,2315.1375023650894,9092544,2470.7240215924967,2516.314976734624,2554.316164126292,28.0419298775751,-51.78571450928666,-36.49953822648241,-15.286176282804256,9846640.5,True,False,False,False,False,False,False,False,False
2025-05-22,2375.116165128252,2385.4432585104714,2369.383210492451,2379.7103038746704,10059596,2461.7013840942027,2511.583486696407,2553.6484312520574,39.990881398821436,-49.82003270771702,-39.163637122729334,-10.656395584987685,9853892.6,False,False,True,False,False,False,False,False,False
2025-05-23,2427.2623619772558,2432.3852427141787,2410.5764197320195,2415.6993004689425,10292481,2454.0727624079263,2507.44693187269,2553.289583802544,45.42977803138192,-44.84130185044569,-40.29917006827261,-4.54213178217308,9828879.4,False,False,False,False,False,False,False,False,False
2025-05-26,2490.231067528724,2491.450360571383,2480.7727244267094,2481.9920174693684,12190744,2449.1881468036872,2505.1868416577727,2553.2467671820077,53.74596014520272,-35.14126689556497,-39.26758943373108,4.126322538166114,9999658.0,False,False,False,False,True,False,False,False,False
2025-05-27,2540.79348250165,2546.4182086204473,2533.25349948759,2538.8782256063873,9432960,2449.7434112889937,2504.3733920605805,2553.8202652966197,59.45578766047352,-22.60312299809766,-35.9346961466044,13.331573148506742,10035971.9,False,False,False,False,False,False,True,False,False
2025-05-28,2523.708082396268,2531.5244501196735,2522.629300527983,2530.4456682513887,15895676,2451.1345848041888,2503.404817925006,2554.4905119109976,58.306763254677605,-13.194888075431209,-31.386734532369765,18.191846456938556,10330567.45,False,False,False,False,False,False,True,False,False
2025-05-29,2534.9616428442705,2549.8601047991997,2528.192133903805,2543.090595858734,12429726,2448.7461358113574,2502.4350887846176,2555.3544859486988,59.568578736016384,-4.664682579588771,-26.042324141813566,21.377641562224795,10738124.4,False,False,False,False,False,False,True,False,False
2025-05-30,2548.018568158543,2551.177959385481,2547.923429115055,2551.082820341993,10174901,2447.3905295542017,2501.6801095627043,2556.308702418792,60.38465305869087,2.709241999346432,-20.292010913581567,23.001252912928,10721590.85,False,False,False,False,False,False,True,False,False
2025-06-02,2567.8206453536136,2570.2618214173385,2552.8150628060316,2555.2562388697565,3660868,2447.3056443993255,2500.6142339171456,2557.326512514515,60.82926525561535,8.788581059138778,-14.475892519037497,23.264473578176275,10279590.45,False,False,False,False,False,False,True,False,False
2025-06-03,2548.6080072545283,2562.606349422481,2542.270021319027,2556.2683634869795,7693953,2448.514283071343,2499.3001919895128,2558.3463197909196,60.94374673124425,13.532180507824705,-8.874277913665058,22.406458421489763,10126692.65,False,False,False,False,False,False,True,False,False
2025-06-04,2577.566445703981,2583.4677628819713,2572.59295341691,2578.4942705949,12453508,2453.0938017263065,2498.8171927195654,2559.1858118316027,63.46867538525435,18.867469753918613,-3.325928380148324,22.193398134066936,10168845.55,False,False,False,False,False,False,True,False,False
2025-06-05,2556.765587394993,2562.9966965253175,2543.0643448340493,2549.295453964374,11326623,2455.3814347683,2497.988939387054,2559.736451953738,58.150053790606975,20.503275446241332,1.439912385129607,19.063363061111726,10024793.35,False,False,False,False,False,False,True,False,False
2025-06-06,2607.6172241885406,2628.81728585859,2576.797449852171,2597.9975115222205,11407865,2463.4078820167497,2498.3228108335256,2560.588303748894,63.6253237487209,25.436298452576466,6.239189598618979,19.197108853957488,10191013.15,False,False,False,False,False,False,True,False,False
2025-06-09,2556.542312361115,2578.603327499708,2546.8421324507267,2568.90314758932,10989401,2471.679280058415,2497.3769829036946,2561.30684531222,58.68574938259779,26.690412249757628,10.32943412884671,16.360978120910918,10330071.3,False,False,False,False,False,False,True,False,False
2025-06-10,2581.912038642913,2582.0836082146534,2578.8998535366877,2579.071423108428,7372839,2480.7249464542133,2498.2541299935356,2562.273482222996,59.85868517310041,28.179960283264336,13.899539359730236,14.2804209235341,10271997.0,False,False,False,False,False,False,True,False,False
2025-06-11,2565.865348127983,2576.5768084914944,2552.895496848666,2563.6069572121773,9982590,2488.7376115365482,2498.5403982588828,2563.085809965872,57.19897152479983,27.792213340205308,16.67807415582525,11.114139184380058,10639031.5,False,False,False,False,False,False,True,False,False
2025-06-12,2546.7921402051256,2549.569031971408,2544.5845886454017,2547.361480411684,9463375,2496.9724429013354,2498.450403597431,2563.85621869846,54.46132044099424,25.875767148992054,18.51761275445861,7.358154394533443,10682531.6,False,False,False,False,False,False,True,False,False
2025-06-13,2565.0076672747487,2581.0356528293337,2538.0854216985235,2554.1134072531086,11341370,2506.349015591607,2499.3873772523634,2564.515379659299,55.41641164486203,24.618012677140996,19.73769273899509,4.880319938145906,10782883.4,False,False,False,False,False,False,True,False,False
2025-06-16,2557.7065080099924,2563.811289747118,2545.2444696430152,2551.3492513801407,7437966,2515.42225549516,2499.3491429738515,2565.1411359624803,54.9086908098363,23.13154289107024,20.41646276941012,2.715080121660119,10527069.65,False,False,False,False,False,False,True,False,False
2025-06-17,2544.5934491691933,2559.4815404505316,2535.3685098854107,2550.256601166749,13161433,2525.4005270398206,2499.113794526115,2565.812444396675,54.69536646028468,21.616159504435927,20.656402116415283,0.9597573880206447,10293020.95,False,False,False,False,False,False,True,False,False
2025-06-18,2518.2587922848816,2522.6127823810225,2506.069084476659,2510.4230745728,6360162,2535.1648056502063,2498.888051631934,2566.183679815588,47.456835986352324,17.00495205722018,19.926112104576262,-2.921160047356082,10156401.85,False,False,False,False,False,True,True,False,False
2025-06-19,2541.7593169637726,2558.9741058631184,2511.5871486621686,2528.8019375615145,8821755,2542.6193873345483,2499.601030997237,2566.4435192909996,50.69882617499253,14.66451418676661,18.873792521014334,-4.209278334247724,10094509.8,False,False,False,False,False,False,True,False,False
2025-06-20,2497.885146159147,2502.6549076311503,2490.999812598212,2495.769574070215,6797677,2546.6229010146117,2499.4865173535973,2566.4841321281733,45.2899948485698,10.028660486259014,17.10476611406327,-7.076105627804257,9919769.6,False,False,False,False,False,False,False,False,False
2025-06-23,2501.4870623236375,2539.528610739671,2475.5679869358373,2513.609535351871,9880839,2548.203776908737,2500.3222905314065,2566.637627832227,48.48643156886888,7.7054254614777165,15.22489798354616,-7.519472522068444,9804274.35,False,False,False,False,False,False,True,False,False
2025-06-24,2465.052341280672,2487.4067605424425,2447.0648694607776,2469.419288722548,10115175,2544.730830064545,2499.9318270344857,2566.574201982769,41.94859609159031,2.2722680846063668,12.634372003758203,-10.362103919151837,9838385.1,False,False,False,False,False,False,False,False,False
2025-06-25,2458.9965537230364,2460.1872760470765,2448.767002384072,2449.957724708112,5513286,2540.706432887381,2500.284747694265,2566.5470017183393,39.42717477650838,-3.5628633780206656,9.394924927402432,-12.957788305423097,9319265.6,False,False,False,False,False,False,False,False,False
2025-06-26,2466.461393778623,2467.512188640461,2454.117430234981,2455.168225096819,3282829,2536.3103143492854,2500.6883739989335,2566.6323070332583,40.459056868955,-7.678292688068268,5.980281404308292,-13.658574092376561,8861920.75,False,False,False,False,False,False,False,False,False
2025-06-27,2461.478595112231,2462.59881278598,2447.347159989329,2448.4673776630784,10575865,2531.17954221534,2499.845978599862,2566.7036913164625,39.52649945316306,-11.349670516146944,2.5142910202172457,-13.86396153636419,8881968.95,False,False,False,False,False,False,False,False,False
2025-06-30,2409.901464202791,2450.8949223090403,2394.455747434501,2435.4492055407504,13234662,2525.189190548889,2498.5230629213793,2566.8778357956944,37.708059472508644,-15.13525182692274,-1.0156175492107518,-14.119634277711988,9360658.65,False,False,False,False,False,False,False,False,False
2025-07-01,2446.7696045479934,2454.3185117365874,2427.510665064101,2435.059572252695,8205084,2519.1287509871754,2497.2409665767414,2567.0341943263984,37.652226338601054,-17.95976346572934,-4.40444673251447,-13.55531673321487,9386215.2,False,False,False,False,False,False,False,False,False
2025-07-02,2453.9817000765306,2479.2590141919864,2412.735735830887,2438.0130499463426,11797293,2512.1046899547473,2495.7498407153603,2567.2142336322136,38.39682668065933,-19.73242520757185,-7.4700424275259465,-12.262382780045904,9353404.45,False,False,False,False,False,False,False,False,False
2025-07-03,2473.31597465125,2508.2150163446736,2430.3378539975074,2465.236895690931,10607523,2507.901762041075,2493.8513175523676,2567.6906542645283,44.925881290370704,-18.724689017623405,-9.72097174554544,-9.003717272077965,9317449.45,False,False,False,False,False,False,False,False,False
2025-07-04,2443.5968809867863,2468.254960655637,2435.7697694072713,2460.427849076122,14414227,2501.0232789187703,2491.694439850001,2568.303755032648,44.03797175432572,-18.10539299741913,-11.397855995920178,-6.707537001498952,9467767.55,False,False,False,False,False,False,False,False,False
2025-07-07,2465.927822978393,2476.216544831027,2458.212294228404,2468.501016081038,8112038,2496.0031723433563,2489.4707735805387,2568.864249829865,45.96855413158404,-16.769846975528708,-12.472254191841884,-4.297592783686824,9323899.4,False,False,False,False,False,False,False,False,False
2025-07-08,2480.1601739717826,2508.6125789285875,2467.390950948565,2495.84335590537,15706852,2491.841768983203,2488.8321819806406,2569.640689750809,52.007296846443296,-13.351214328796232,-12.648046219232754,-0.7031681095634781,9740600.05,False,False,False,False,False,False,True,False,False
2025-07-09,2466.815208735894,2479.1078908851787,2466.1833642808624,2478.476046430147,3401781,2487.5852234441018,2488.349258950294,2570.3608025262465,48.31368186970417,-11.906074243723197,-12.499651824130842,0.5935775804076453,9411559.6,False,False,False,False,True,False,False,False,False
2025-07-10,2476.4954094316586,2484.923895242766,2465.0305033771506,2473.458989188258,8197751,2483.890098882931,2486.001247219752,2571.224025513594,47.26928027272575,-11.038381316096093,-12.207397722523892,1.169016406427799,9348278.4,False,False,False,False,False,False,False,False,False
2025-07-11,2514.429016141522,2525.0894918019058,2512.1562244619054,2522.816700122289,15637278,2482.32526352639,2484.8936823124955,2572.191614643454,57.09558106139583,-6.295404146538658,-11.024999007326844,4.729594860788186,9563073.8,False,False,False,False,False,False,True,False,False
2025-07-14,2513.0355345171574,2539.392101077834,2498.853413244501,2525.2099798051777,13502147,2481.018299947641,2484.2588030692536,2573.1843763066504,57.509052860577306,-2.316736997434873,-9.28334660534845,6.966609607913577,9866282.85,False,False,False,False,False,False,True,False,False
2025-07-15,2499.6320895056783,2521.157946774183,2485.523672243881,2507.0495295123856,6476999,2478.857946364923,2483.7578818585685,2573.861645703722,53.3107254557472,-0.6218429638306588,-7.551045877044892,6.929202913214233,9532061.15,False,False,False,False,False,False,True,False,False
2025-07-16,2493.3445686004775,2510.5386570726096,2485.4477479874304,2502.6418364595625,9639949,2478.468884459261,2484.072640637847,2574.365298007949,52.3125308155026,0.36154115473755155,-5.968528470688404,6.330069625425955,9696050.5,False,False,False,False,False,False,True,False,False
2025-07-17,2490.615696737386,2503.8655024455743,2478.1611497349277,2491.410955443116,11038451,2476.5993353533418,2483.8300038842194,2574.813962771357,49.75609946419034,0.23196793401575633,-4.7284291897475725,4.960397123763329,9806885.3,False,False,False,False,False,False,True,False,False
2025-07-18,2485.971975184472,2518.4952549786544,2474.1737711030664,2506.697050897249,6355712,2477.145709194693,2485.2145735710997,2575.1817298054652,53.114513634512555,1.3472105701448527,-3.5133012377690878,4.860511807913941,9784787.05,False,False,False,False,False,False,True,False,False
2025-07-21,2499.5670711292883,2524.229216341932,2497.613258045317,2522.2754032579605,11513222,2477.579002589998,2487.5905779011387,2575.3978283503557,56.318963494506825,3.4483409084773484,-2.1209728085198005,5.569313716997149,9866406.2,False,False,False,False,False,False,True,False,False
2025-07-22,2496.9133319504012,2525.3001539867932,2489.9324462685063,2518.3192683048983,11543929,2480.024001569115,2489.993801363388,2575.5747025705614,55.285580786699185,4.739639201131922,-0.7488504065894561,5.4884896077213785,9937843.9,False,False,False,False,False,False,True,False,False
2025-07-23,2520.1588812465156,2520.5745647584254,2511.728493740463,2512.1441772523726,6817541,2483.1333241963284,2492.169611797125,2575.633820684968,53.6314012951032,5.204727304279459,0.4418651355843267,4.762862168695132,10003056.65,False,False,False,False,False,False,True,False,False
2025-07-24,2511.245108345007,2524.1543454893517,2484.189376156476,2497.098613300821,7029125,2485.229843606528,2494.458287000823,2575.47476412431,49.72734712137486,4.309583510846551,1.2154088106367715,3.0941747002097792,10190371.45,False,False,False,False,False,False,True,False,False
2025-07-25,2481.0354053983374,2492.2164451719104,2475.854149733468,2487.035189507041,6815082,2487.1582341987264,2496.8673517220104,2575.309318366006,47.249817796378245,2.756367717503963,1.5236005920102098,1.2327671254937531,10002332.3,False,False,False,False,False,False,False,False,False
2025-07-28,2468.4236599648284,2491.713713004477,2446.1396677955645,2469.429720835213,9495199,2488.8572599634495,2498.8582570725325,2575.1399041473255,43.195237624303346,0.10362430767372643,1.2396053351429133,-1.1359810274691868,9815359.15,False,False,False,False,False,True,False,False,False
2025-07-29,2469.734223855569,2481.79969562961,2451.7323219264536,2463.797793700495,9289576,2490.2941710358396,2501.120389541072,2574.7958693023943,41.95494813729216,-2.425187358155199,0.5066467964832908,-2.93183415463849,9869583.75,False,False,False,False,False,False,False,False,False
2025-07-30,2462.8995155480548,2478.0694071064163,2448.9330793284607,2464.1029708868223,13802794,2491.5986670828634,2504.099698911507,2574.514496796219,42.05204496255542,-4.354467977680542,-0.4655761583494759,-3.8888918193310666,9969858.8,False,False,False,False,False,False,False,False,False
2025-07-31,2465.736034553937,2468.1323294540475,2459.6008860129896,2461.9971809131002,4118079,2491.436681343972,2505.7454364522755,2574.133158370743,41.53573629898098,-5.9843723016774675,-1.5693353870150744,-4.415036914662393,9645386.6,False,False,False,False,False,False,False,False,False
2025-08-01,2473.2103835064704,2473.471246250317,2462.597217563782,2462.858080307629,8640350,2491.558192905547,2506.688612049049,2573.7057746445003,41.85007185360519,-7.124489158787583,-2.6803661413695763,-4.444123017418006,9356692.75,False,False,False,False,False,False,False,False,False
2025-08-04,2428.8847350385904,2434.6502480798445,2415.0129221118536,2420.7784351531077,9294720,2489.1720638591505,2505.4643404027242,2572.902183916211,32.61857118045265,-11.293333157068446,-4.402959544509351,-6.890373612559095,9415826.85,False,False,False,False,False,False,False,False,False
2025-08-05,2417.673371731137,2426.944300784469,2412.614011052018,2421.88494010535,10213940,2485.4741430691497,2503.124474692703,2572.074266559836,33.036861558162244,-14.342554320134695,-6.39087849963442,-7.9516758205002755,9141181.25,False,False,False,False,False,False,False,False,False
2025-08-06,2456.7621093358657,2460.2023820871955,2438.507848431132,2441.948121182462,9250577,2483.647746806765,2501.3545237513245,2571.404078086015,40.276457568253214,-14.967615666014353,-8.106225932910407,-6.861389733103946,9433621.05,False,False,False,False,False,False,False,False,False
2025-08-07,2452.787512856969,2486.2196537338546,2419.9774810712197,2453.4096219481053,9221986,2482.645278444758,2499.560904273112,2570.8253175506215,44.00109855148664,-14.372457221611967,-9.359472190650719,-5.012985030961248,9484832.8,False,False,False,False,False,False,False,False,False
2025-08-08,2496.5600289437616,2506.7402625599593,2463.8592199871905,2474.039453603388,707607,2480.2064161188127,2498.02003693834,2570.4835610149803,50.040523848261536,-12.096691730315797,-9.906916098583736,-2.1897756317320614,8738349.25,False,False,False,False,False,False,False,False,False
2025-08-11,2410.66685181107,2427.6453829376064,2399.151013387685,2416.1295445142214,216606,2474.752394354265,2495.2375030512294,2569.683558381687,37.73708876253335,-14.795424429657487,-10.884617764798486,-3.9108066648590007,8074072.2,False,False,False,False,False,False,False,False,False
2025-08-12,2390.9271227032455,2407.8283479626602,2384.6242889739488,2401.5255142333635,7281922,2469.476193590314,2492.142646066157,2568.7899497088165,35.374952610325735,-17.906201188814975,-12.288934449601786,-5.617266739213189,8114318.35,False,False,False,False,False,False,False,False,False
2025-08-13,2429.225403041365,2445.4263139199234,2412.687302661272,2428.8882135398303,12467167,2465.7885124443274,2489.1505249250554,2568.0668432212988,42.62187754302702,-17.956580742752067,-13.422463708231843,-4.534117034520223,8255679.25,False,False,False,False,False,False,False,False,False
2025-08-14,2482.830669395234,2504.407374913685,2453.6896708355744,2475.2663763540254,10366434,2464.9812834898726,2487.6699433728486,2567.5800759222266,52.370964823513546,-14.091736000769743,-13.556318166739423,-0.5354178340303193,8222078.4,False,False,False,False,False,False,False,False,False
2025-08-15,2469.4655095733833,2481.2314206663,2455.071061670403,2466.83697276332,17231556,2462.9882795831763,2485.04673259767,2567.179998785793,50.685313473632434,-11.575565210147488,-13.160167575421038,1.5846023652735504,8765870.6,False,False,False,False,True,False,False,False,False
2025-08-18,2421.6173678876467,2462.60996462013,2403.6306203624663,2444.6232170949497,8612913,2459.1056702750257,2482.5611339877833,2566.5178422483673,46.44295960541978,-11.244328544770724,-12.776999769290978,1.5326712245202536,8620855.15,False,False,False,False,False,False,False,False,False
2025-08-19,2428.4612615448655,2462.657980390982,2384.871268596352,2419.0679874424686,9345541,2454.1431062319043,2479.3610652744637,2565.7950904760005,42.07943767461721,-12.895265961043151,-12.800653007641412,-0.09461295340173947,8510935.75,False,False,False,False,False,True,False,False,False
2025-08-20,2426.354450877437,2432.093623390803,2396.462492280056,2402.2016647934215,6400074,2448.6459806089565,2476.1329594260887,2564.907160374486,39.44530359168411,-15.387242484701801,-13.317970903053489,-2.0692715816483123,8490062.4,False,False,False,False,False,False,False,False,False
2025-08-21,2365.651600533889,2422.3690969727813,2336.67106245782,2393.3885588967123,9991879,2443.4604778887515,2473.0535009957894,2563.984760544939,38.10309064988374,-17.867332339902077,-14.227843190423206,-3.6394891494788713,8638200.1,False,False,False,False,False,False,False,False,False
2025-08-22,2418.7013426920284,2439.465842820896,2407.109462924,2427.8739630528676,8036337,2440.5024165660425,2470.5287121117844,2563.32498083979,45.86541750009111,-16.85583394801597,-14.753441341941759,-2.1023926060742113,8699262.85,False,False,False,False,False,False,False,False,False
2025-08-25,2437.9612520842506,2462.9610080371194,2421.40485682387,2446.4046127767388,10490902,2439.351161163119,2468.4298193397162,2562.8962103994027,49.52820498919143,-14.393031709186744,-14.681359415390757,0.28832770620401327,8749048.0,False,False,False,False,True,False,False,False,False
2025-08-26,2432.154960460214,2438.188635538131,2419.2804168365196,2425.3140919144366,12136073,2437.426976073816,2465.9309691546705,2562.3488459047717,45.735317415197976,-13.981897354854937,-14.541467003283593,0.5595696484286563,8891372.85,False,False,False,False,False,False,False,False,False
2025-08-27,2415.370550914217,2427.0525243449274,2400.927272570463,2412.6092460011737,6564587,2434.8522898295337,2463.974692583238,2561.8461466860335,43.57071163036012,-14.51393766457204,-14.535961135541283,0.022023470969243064,8529462.5,False,False,False,False,False,False,False,False,False
2025-08-28,2401.39897089067,2427.1418480069615,2381.515768640487,2407.258645756778,10972315,2432.115363071717,2461.5438267471427,2561.390982139464,42.655090573215006,-15.192205873566309,-14.667210083146289,-0.5249957904200198,8872174.3,False,False,False,False,False,True,False,False,False
2025-08-29,2472.5526489666445,2495.343457064221,2457.206003562155,2479.9968116597315,11309100,2432.9722996393225,2461.2283714989335,2561.2418119432054,56.146798896898886,-9.748007265863635,-13.683369519689759,3.935362253826124,9005611.8,False,False,False,False,True,False,True,False,False
2025-09-01,2401.448660658282,2420.23439692882,2395.9754371834583,2414.7611734539964,10703408,2432.671436554367,2459.251404260976,2560.7560460438963,45.75056996905746,-10.575503629336254,-13.061796341619058,2.486292712282804,9076046.2,False,False,False,False,False,False,False,False,False
2025-09-02,2392.8311250428615,2412.5038131241713,2381.0585207484405,2400.7312088297504,14063498,2431.613749990587,2457.87764266312,2560.144965378439,43.86923038735022,-12.22250788835754,-12.893938650966755,0.671430762609214,9268524.1,False,False,False,False,False,False,False,False,False
2025-09-03,2336.375337120695,2337.098613121633,2328.5642938314077,2329.287569832346,7860050,2425.9807224230813,2455.464239565604,2559.343417356217,35.79676579425151,-19.07281567070777,-14.12971405491496,-4.943101615792809,9198997.75,False,False,False,False,False,True,False,False,False
2025-09-04,2330.522603296088,2371.8686213559813,2305.406147710238,2346.7521657701313,9274849,2420.6478496141826,2453.295918379071,2558.592483081559,38.76322318866805,-22.82932476246151,-15.86963619642427,-6.95968856603724,9201640.9,False,False,False,False,False,False,False,False,False
2025-09-05,2384.7732839870673,2385.130337909706,2373.0902574226843,2373.447311345323,12235672,2415.6182425012794,2451.7955170527157,2557.841823263465,43.091516250050276,-23.382768138748816,-17.372262584889178,-6.0105055538596375,9778044.15,False,False,False,False,False,False,False,False,False
2025-09-08,2397.068872623573,2402.2789658977968,2391.5453950047176,2396.7554882789414,11655704,2414.649539689515,2451.0216427074793,2556.862729443323,46.63799353074477,-21.690565579725444,-18.235923183856432,-3.454642395869012,10349999.05,False,False,False,False,False,False,False,False,False
2025-09-09,2448.292206964958,2448.302427850871,2439.5075187946904,2439.5177396806034,10960833,2416.5491509618773,2451.1108060560377,2556.0698808494753,52.48804884940715,-16.706346191414923,-17.930007785368133,1.22366159395321,10533944.6,False,False,False,False,True,False,False,False,False
2025-09-10,2451.1172172701254,2469.383039391198,2432.3963346051646,2450.6621567262373,4082809,2417.6378481211977,2451.3637881916356,2555.220629110643,53.90629279180722,-11.721931963983025,-16.68839262109111,4.966460657108087,10114726.7,False,False,False,False,False,False,False,False,False
2025-09-11,2527.58790855334,2528.9571063523376,2510.0536872837865,2511.422885082784,5005263,2419.445673557636,2452.2875079794726,2554.642134839282,60.78020107348074,-2.8361711822644793,-13.917948333325786,11.081777151061306,9846668.15,False,False,False,False,False,False,True,False,False
2025-09-12,2520.6345262631894,2527.5164919984577,2516.923803509013,2523.8057692442812,7730245,2422.2941133816835,2453.555066382836,2553.5924789061582,62.02318123908618,5.1457366702243235,-10.105211332615765,15.250948002840088,9371602.6,False,False,False,False,False,False,True,False,False
2025-09-15,2506.9327117638773,2517.510653690386,2487.159952099755,2497.737894026264,17088053,2424.9498472282494,2454.1398039417404,2552.591907256585,57.865536952889514,9.261238683468946,-6.231921329398823,15.493160012867769,9795359.6,False,False,False,False,False,False,True,False,False
2025-09-16,2499.56284014061,2536.0122119303987,2482.037707238861,2518.4870790286495,13227923,2429.9208018075583,2454.592678404206,2551.416159883056,60.15506768899869,14.035299307330206,-2.178477202053017,16.213776509383223,9989478.7,False,False,False,False,False,False,True,False,False
2025-09-17,2534.301918992892,2547.4610384410153,2519.6217193858633,2532.7808388339868,14196809,2436.4497605095867,2455.678774252283,2550.2366525854486,61.699071736268344,18.755956711552244,2.008409580668035,16.747547130884207,10379315.45,False,False,False,False,False,False,True,False,False
2025-09-18,2548.984670152877,2552.704911570038,2544.600225006186,2548.320466423347,10470580,2444.196355885918,2457.1760037969843,2549.0101428264866,63.36131297716824,23.480362785104717,6.302800221555371,17.177562563549344,10403250.5,False,False,False,False,False,False,True,False,False
2025-09-19,2524.5055509132526,2529.2454076341396,2516.780055552703,2521.51991227359,16374717,2448.8786533469547,2457.1500680400104,2547.588661020155,58.634928935465425,24.77630210958705,9.997500599161707,14.778801510425343,10820169.5,False,False,False,False,False,False,True,False,False
2025-09-22,2468.569055243597,2469.608681975308,2466.013772449666,2467.053399181377,10939671,2449.9110926671865,2455.9869364275346,2545.956948068937,50.40576796923966,21.164381138682074,12.230876707065782,8.933504431616292,10842607.95,False,False,False,False,False,False,True,False,False
2025-09-23,2443.2099346327363,2470.0206781055613,2423.2563199939973,2450.067063466822,10761598,2451.148741244806,2454.8472871066233,2544.4005915598977,48.13678593493104,16.738303669846573,13.132362099621941,3.6059415702246316,10773884.2,False,False,False,False,False,False,False,False,False
2025-09-24,2393.6366544551897,2408.139218732902,2379.8625171440913,2394.3650814218036,6443924,2450.236533015837,2452.681752005868,2542.6027953806847,41.53422311520601,8.636366302696842,12.233162940236921,-3.596796637540079,10767851.05,False,False,False,False,False,True,False,False,False
2025-09-25,2418.6041739412176,2431.8644673588883,2380.5539168840473,2393.814210301718,7151522,2449.5643112430844,2450.72981710304,2540.6207575470053,41.473637207895116,2.146330312556074,10.215796414700751,-8.069466102144677,10576811.4,False,False,False,False,False,False,False,False,False
2025-09-26,2362.226053517428,2366.779324844955,2359.7158476022423,2364.2691189297693,3803228,2443.7779266065863,2447.8812584636903,2538.34930652919,38.250884221003986,-5.319788710103694,7.108679389739862,-12.428468099843556,10201517.8,False,False,False,False,False,False,False,False,False
2025-09-29,2387.981856132063,2392.8119501174942,2368.8774030300565,2373.7074970154877,8706129,2441.7252427846606,2444.909900338841,2536.2858232319645,39.85865722440073,-10.355768738567804,3.6157897640783294,-13.971558502646133,10101653.85,False,False,False,False,False,False,False,False,False
2025-09-30,2366.038035624329,2371.860962360312,2350.8336512806745,2356.6565780166575,8939849,2439.521511244006,2441.676646533076,2534.4368801375076,37.936931963997715,-15.543509948939572,-0.2160701785252508,-15.327439770414323,9845471.4,False,False,False,False,False,False,False,False,False
2025-10-01,2341.6702781725953,2359.0153764129504,2315.422553237648,2332.7676514780032,5547062,2439.695515326289,2438.089116017589,2532.651751919513,35.36435761169534,-21.33651489520389,-4.440159121860979,-16.89635577334291,9729822.0,False,False,False,False,False,False,False,False,False
2025-10-02,2372.455303660968,2391.031344499006,2341.991698385039,2360.567739223077,9167777,2440.3862939989363,2435.358498536034,2530.762149172577,40.42713070278671,-23.414371999989726,-8.235001697486728,-15.179370302502997,9724468.4,False,False,False,False,False,False,False,False,False
2025-10-03,2378.860010474275,2387.039187278323,2370.8972293939396,2379.0764061979876,5585176,2440.6677487415695,2433.199322869853,2529.1304859325824,43.594864640178486,-23.299017414572518,-11.247804840903887,-12.05121257366863,9391943.6,False,False,False,False,False,False,False,False,False
2025-10-06,2341.898013419105,2359.3586509040206,2340.671087632645,2358.1317251175606,8487283,2438.7365605835002,2430.9733629555,2527.3183802527915,40.94178523128174,-24.613924792362013,-13.921028831195514,-10.6928959611665,9233522.55,False,False,False,False,False,False,False,False,False
2025-10-07,2374.479143001225,2394.709969886771,2364.4893654125176,2384.7201922980635,407916,2435.9966832143737,2429.391810927451,2525.584242396569,45.47797414074055,-23.242604987998675,-15.785344062556145,-7.4572609254425295,8705876.7,False,False,False,False,False,False,False,False,False
2025-10-08,2409.912683601178,2417.8695523486376,2402.5628920945787,2410.5197608420385,7284409,2433.989563420163,2428.3201467265553,2524.1359998119165,49.52892692679213,-19.845250898587892,-16.597325429762495,-3.2479254688253967,8865956.7,False,False,False,False,False,False,False,False,False
2025-10-09,2410.831332940941,2425.0154585453233,2407.5802118794463,2421.7643374838285,10982483,2429.506636040215,2427.51548985797,2522.9542452656497,51.229736335666715,-16.060346271372964,-16.48992959808459,0.4295833267116258,9164817.7,False,False,False,False,True,False,False,False,False
2025-10-10,2394.764708192853,2397.848118915599,2378.4750615184935,2381.5584722412395,7673615,2422.394271190063,2425.889497696642,2521.554145350445,45.34564168131986,-16.119246753489733,-16.41579302916562,0.29654627567588676,9161986.2,False,False,False,False,False,False,False,False,False
2025-10-13,2388.8520851852545,2407.930424694965,2383.0015423575232,2402.079881867234,13562363,2417.611370582112,2425.515526630925,2520.018549408826,48.59125650973861,-14.344663209445116,-16.001567065221522,1.656903855776406,8985701.7,False,False,False,False,False,False,False,False,False
2025-10-14,2351.7974611402938,2351.8816222906835,2345.719507224371,2345.8036683747605,7785152,2408.9772000494177,2423.993901196313,2518.4294421904056,41.34096950032163,-17.280118623516046,-16.257277376880428,-1.0228412466356183,8713563.15,False,False,False,False,False,True,False,False,False
2025-10-15,2335.2499959551565,2349.5688070720944,2332.355040337412,2346.67385145435,15175902,2399.6718506804355,2422.088415801751,2516.7143397600444,41.48635619468705,-19.313636111114647,-16.86854912372727,-2.445086987387377,8762517.8,False,False,False,False,False,False,False,False,False
2025-10-16,2330.2038401980453,2339.1661760376946,2314.716175389877,2323.6785112295265,4832358,2388.4397529207445,2419.493793587379,2514.8372318612205,38.752924933257226,-22.52113551550292,-17.9990664020824,-4.522069113420521,8480606.7,False,False,False,False,False,False,False,False,False
2025-10-17,2306.111455102471,2335.850870931918,2303.305317409105,2333.044733238552,4339831,2379.0159939689925,2416.6738991800826,2513.0799286747797,40.47330317301353,-24.030319498101107,-19.20531702128614,-4.825002476814966,7878862.4,False,False,False,False,False,False,False,False,False
2025-10-20,2312.9349960982263,2329.996733601678,2311.4389306947437,2328.5006681981954,6527042,2372.0883574198338,2414.9213216537623,2511.461816336348,39.88791399849839,-25.301368325314797,-20.424527282091873,-4.8768410432229246,7658230.95,False,False,False,False,False,False,False,False,False
2025-10-21,2313.7457048396627,2317.2120995897026,2308.7399076223905,2312.2063023724304,10577125,2365.1953193651143,2413.1349374165434,2509.804103070754,37.77787184017094,-27.30870506977044,-21.80136283962759,-5.50734223014285,7649007.3,False,False,False,False,False,False,False,False,False
2025-10-22,2333.6208942078306,2336.9287957497722,2326.1214455802437,2329.4293471221854,9116217,2361.9485326501335,2411.1457600881904,2508.117418940215,41.31180024323011,-27.196276384452176,-22.88034554859251,-4.3159308358596675,7782621.95,False,False,False,False,False,False,False,False,False
2025-10-23,2371.505527047989,2374.634346440189,2361.2167965405756,2364.3456159327757,6869502,2360.475102931686,2408.9273448797653,2506.617584228017,47.78621667773705,-24.012918775628805,-23.106860193999772,-0.9060585816290327,7768520.95,False,False,False,False,False,False,False,False,False
2025-10-24,2335.988347515997,2380.829247196101,2297.1879627487974,2342.0288624289014,10929414,2359.3630901066426,2406.431182673077,2504.9767311681508,44.41369594247157,-23.025437523718665,-23.09057565994355,0.06513813622488485,8124830.25,False,False,False,False,True,False,False,False,False
2025-10-27,2320.922142902489,2336.083532110255,2307.637009269995,2322.7983984777607,8510178,2356.8176351797565,2403.9946863007335,2503.524115031332,41.68370194985094,-23.523425832157045,-23.17714569438625,-0.346280137770794,8115032.7,False,False,False,False,False,True,False,False,False
2025-10-28,2342.857339508881,2350.4267359529754,2325.659075456354,2333.2284719004483,13163603,2355.6462298739457,2402.277895989893,2502.1949211874294,43.70484962691076,-22.813485734312962,-23.104413702371595,0.2909279680586323,8326220.4,False,False,False,False,True,False,False,False,False
2025-10-29,2368.3255724190667,2394.778696179476,2360.9343016995076,2387.387425459917,3746094,2358.377218573042,2401.9816112032227,2500.944171334583,52.844120182823744,-17.676909752804022,-22.01891291245808,4.342003159654059,8236172.0,False,False,False,False,False,False,False,False,False
2025-10-30,2269.2877907879283,2306.3498876365643,2259.1530967033764,2296.2151935520124,12889196,2355.159591289488,2400.038143896329,2499.162349594768,40.827756329268034,-20.724079153074854,-21.759946160581435,1.0358670075065817,8422242.95,False,False,False,False,False,False,False,False,False
2025-10-31,2347.0954137859267,2380.15443714476,2332.9279983671654,2365.9870217259986,4644885,2354.505122065889,2398.8004050697914,2497.8588120234303,50.16670886691827,-17.30944690119668,-20.86984630870449,3.560399407507809,8375228.4,False,False,False,False,False,False,False,False,False
2025-11-03,2447.8978998764746,2460.2388243654345,2429.0380085551114,2441.3789330440713,12618671,2358.6674824622146,2398.699891475138,2496.902545587678,57.8989049302777,-8.422737004395003,-18.380424447842593,9.95768744344759,8581797.8,False,False,False,False,False,False,True,False,False
2025-11-04,2386.6736378501237,2400.947244184527,2370.0138652628575,2384.2874715972607,14581472,2358.645846427174,2397.8793590687947,2495.5977069067285,51.39551758205472,-5.918534015428122,-15.888046361359699,9.969512345931577,9290475.6,False,False,False,False,False,False,False,False,False
2025-11-05,2426.177302137896,2432.1866158479697,2421.1425060812794,2427.1518197913533,15626776,2359.47744937464,2398.1702105445984,2494.4728654776877,55.44223106303865,-0.4697257320603967,-12.804382235499839,12.334656503439442,9707593.95,False,False,False,False,False,False,True,False,False
2025-11-06,2448.8334325974365,2496.392555716875,2415.6916614307816,2463.25078455022,9508872,2361.5517717279595,2399.290053320467,2493.311908205816,58.57060012645645,6.684326102989871,-8.906640567801897,15.590966670791769,9633913.4,False,False,False,False,False,False,True,False,False
2025-11-07,2511.6406285455146,2520.1343521626536,2494.4656165773695,2502.9593401945085,5741251,2367.621815125623,2399.7493038911625,2492.503714913531,61.75172302182068,15.380811881528643,-4.049150077935789,19.429961959464432,9537295.2,False,False,False,False,False,False,True,False,False
2025-11-10,2497.309218445217,2511.4474460280685,2488.199195292858,2502.3374228757093,6732863,2372.634692176047,2401.500828879597,2491.9017547305994,61.67185148591936,21.969406344906474,1.1545612066326636,20.81484513827381,9195820.2,False,False,False,False,False,False,True,False,False
2025-11-11,2477.695642915183,2506.1476903788275,2431.660172347206,2460.1122198108505,7424678,2378.3501197478513,2402.688449099219,2491.190612940037,56.3433016982057,23.512654681753247,5.626179901656781,17.886474780096467,9177796.5,False,False,False,False,False,False,True,False,False
2025-11-12,2492.182376215755,2497.949931204234,2480.6107626434678,2486.3783176319466,11911269,2385.3353430567313,2405.830264055211,2490.3922899941185,58.73190982681842,26.54910315154393,9.810764551634211,16.73833859990972,9014564.85,False,False,False,False,False,False,True,False,False
2025-11-13,2453.743453008844,2478.8778720394507,2439.693786688986,2464.828205719593,4071273,2392.3928277812347,2408.1917848542003,2489.25985795943,56.02356822681676,26.90643586675924,13.229898814659217,13.676537052100022,8976510.6,False,False,False,False,False,False,True,False,False
2025-11-14,2555.8561377669675,2577.0865743836016,2534.732477226554,2555.962913843188,10853634,2403.5387368114666,2411.842096904157,2488.6562892852094,63.65626246598359,34.14977655245093,17.413874362217562,16.735902190233368,9302200.75,False,False,False,False,False,False,True,False,False
2025-11-17,2505.8699020303093,2556.8288968372503,2475.078314835667,2526.037309642608,7935210,2413.415568883687,2414.4277333314308,2488.00149189736,59.97519841289442,37.048359642875766,21.340771418349206,15.70758822452656,9372609.15,False,False,False,False,False,False,True,False,False
2025-11-18,2492.2483476256402,2525.695872787375,2484.5278408506133,2517.975366012348,9507584,2423.7040220656827,2415.9968858580655,2487.16177884158,58.985598289908026,38.25400776153083,24.723418686985532,13.530589074545297,9319132.1,False,False,False,False,False,False,True,False,False
2025-11-19,2533.0735988601587,2535.3820250665203,2522.931621560309,2525.2400477666706,10246217,2433.494557097907,2417.4884436788743,2486.668929693106,59.63197700619695,39.34217952992094,27.647170855572615,11.695008674348326,9375632.1,False,False,False,False,False,False,True,False,False
2025-11-20,2544.222615308833,2551.475500299505,2539.3594024230924,2546.612287413764,10999292,2442.6078906719567,2418.192231725494,2486.351805756977,61.55173101702597,41.45129983848619,30.407996652155333,11.04330318633086,9582121.6,False,False,False,False,False,False,True,False,False
2025-11-21,2505.2519498315123,2532.371504681145,2497.6946398134637,2524.8141946630963,13745330,2451.747157283666,2418.21240023387,2485.9692053671984,58.49618525487957,40.89248584555935,32.504894490836136,8.387591354723213,9722917.4,False,False,False,False,False,False,True,False,False
2025-11-24,2467.505541177221,2505.6192073465195,2440.516341637864,2478.6300078071627,15604530,2459.5387377501365,2417.830242509488,2485.188370126448,52.54455763844402,36.304448741846954,33.264805341038304,3.03964340080865,10077635.0,False,False,False,False,False,False,True,False,False
2025-11-25,2492.9595265806847,2502.4128427415185,2482.6562362378145,2492.1095523986482,14052553,2467.4827917750467,2417.3026919768877,2484.289146030189,54.01514105871887,33.371398172254885,33.28612390728162,0.08527426497326474,10122082.5,False,False,False,False,False,False,True,False,False
2025-11-26,2521.8284383605296,2523.4070223338986,2518.304073897201,2519.88265787057,10843608,2474.1075533955786,2417.04472835762,2483.3678605856094,56.97364468323219,32.90864163062224,33.21062745194975,-0.30198582132750573,10476958.2,False,False,False,False,False,True,True,False,False
2025-11-27,2531.5879868287802,2545.250956609298,2522.8152916880294,2536.4782614685473,14772758,2486.120706791406,2416.8078842585237,2482.548592396006,58.68416060209088,33.494921645641625,33.267486290688126,0.2274353549534993,10571136.3,False,False,False,False,True,False,True,False,False
2025-11-28,2534.964331628102,2548.2720795874034,2531.371012954624,2544.678760913925,7940387,2495.055293750802,2417.2710612313303,2481.8827834293897,59.540112127058,34.22672022689039,33.459333077928584,0.7673871489618094,10735911.4,False,False,False,False,False,False,True,False,False
2025-12-01,2524.98916732991,2557.4767591700734,2498.682071960264,2531.1696638004273,11876693,2499.54483028862,2418.553386523711,2481.0809911047395,57.429359841362576,33.3323698273407,33.43394042781101,-0.10157060047031052,10698812.5,False,False,False,False,False,True,True,False,False
2025-12-02,2571.4321057824873,2587.2411898374235,2535.5393619522633,2551.3484460071995,8848051,2507.897879009117,2420.579014174519,2480.5925413717487,59.72606375707383,33.8615153048454,33.51945540321789,0.34205990162750766,10412141.45,False,False,False,False,True,False,True,False,False
2025-12-03,2541.344083605161,2563.0225635293377,2508.1693570902416,2529.8478370144185,13916064,2513.03267987027,2423.2886692863713,2480.0890387290647,56.244190245715615,32.17505346238477,33.25057501505127,-1.0755215526665012,10326605.85,False,False,False,False,False,True,True,False,False
2025-12-04,2530.377751785043,2548.779255145538,2490.341531246321,2508.7430346068163,5412416,2515.3072923731,2425.587245772473,2479.569902535103,52.97928627227045,28.80351019190357,32.361162050421726,-3.557651858518156,10121783.05,False,False,False,False,False,False,True,False,False
2025-12-05,2438.799781858756,2461.2270808633966,2431.886902990608,2454.314201995249,5973420,2512.875035463137,2427.3881474337827,2478.78248587492,45.62372383644366,21.491841379157904,30.187297916168962,-8.695456537011058,10133391.5,False,False,False,False,False,False,True,False,False
2025-12-08,2475.5946372566273,2477.5584961174227,2454.373972668299,2456.3378315290943,15972047,2510.575055895806,2429.040754124055,2477.868365159131,45.924330333032444,15.679833794901697,27.285805091915513,-11.605971297013816,10595350.7,False,False,False,False,False,False,True,False,False
2025-12-09,2454.9959324469396,2492.570904618016,2425.8949818495,2463.469954020576,10025683,2510.7429426062927,2431.1770216441337,2477.109877034862,47.03566507300645,11.516523278979093,24.131948729328233,-12.61542545034914,10725400.95,False,False,False,False,False,False,True,False,False
2025-12-10,2447.9228932548253,2471.3862650003043,2428.7761315267376,2452.2395032722166,12419187,2509.036001888306,2433.5664586800176,2476.1857524797406,45.45166266892618,7.227551467160083,20.751069276894604,-13.523517809734521,10750796.85,False,False,False,False,False,False,True,False,False
2025-12-11,2430.3093204004754,2438.7267436589777,2422.3245142493843,2430.7419375078866,15718068,2507.3316884777205,2434.969942645714,2475.3445377785606,42.501095830612975,2.0699751266465682,17.014850446845,-14.944875320198431,11333136.6,False,False,False,False,False,False,False,False,False
2025-12-12,2367.81803439793,2387.417689242827,2357.050140476371,2376.6497953212674,7996596,2498.3660325516244,2434.9214104281796,2474.134597339314,36.14321925638704,-6.309493179259789,12.349981721624042,-18.65947490088383,11190284.7,False,False,False,False,False,False,False,False,False
2025-12-15,2381.33528824465,2384.84915711927,2380.4214294713793,2383.935298345999,4818940,2491.2609319867943,2435.437481892748,2472.91551056451,37.499365227997096,-12.22152089069732,7.43568119915977,-19.65720208985709,11034471.2,False,False,False,False,False,False,False,False,False
2025-12-16,2368.5587662069424,2393.191314161642,2366.8151870021466,2391.447734956846,11204383,2484.934550434019,2435.572032745924,2471.875599027249,38.93937883849876,-16.114892149896605,2.7255665293484954,-18.8404586792451,11119311.15,False,False,False,False,False,False,False,False,False
2025-12-17,2367.9435805079047,2400.5064514014366,2340.0144409202085,2372.5773118137404,10448846,2477.3014136363727,2434.8131837653577,2470.887001534511,36.65483775803982,-20.486941653279246,-1.9169351071770526,-18.570006546102192,11129442.6,False,False,False,False,False,False,False,False,False
2025-12-18,2325.9689570305763,2348.079905916381,2306.0738720649692,2328.184820950774,8542729,2466.380040313223,2432.9415934346966,2469.4465016103372,31.91163616722187,-27.22014846518823,-6.977577778779288,-20.242570686408943,11006614.45,False,False,False,False,False,False,False,False,False
2025-12-19,2345.3929393386165,2352.5818322228843,2328.144347386387,2335.3332402706546,7964507,2456.905992593601,2432.017088795285,2468.010532603417,33.40601421702378,-31.61500754911276,-11.905063732845985,-19.709943816266776,10717573.3,False,False,False,False,False,False,False,False,False
2025-12-22,2323.1279396122995,2361.8686154224247,2281.6226626970615,2320.3633385071867,6387160,2448.992659128602,2430.382757928084,2466.6373666548766,31.830491947195554,-35.89216842449696,-16.70248467117618,-19.18968375332078,10256704.8,False,False,False,False,False,False,False,False,False
2025-12-23,2330.2821319793943,2359.182409477061,2299.323129878571,2328.2234073762374,6303517,2440.7983518774813,2430.0311527081135,2465.380730164428,33.601220798427505,-38.20717879116137,-21.00342349517322,-17.20375529598815,9869253.0,False,False,False,False,False,False,False,False,False
2025-12-24,2323.3246797274255,2350.5332522949407,2309.730709795381,2336.939282362896,12709360,2431.6511831020975,2429.8364613262847,2464.1710547010916,35.59889449196716,-38.8902404323062,-24.580786882599817,-14.309453549706383,9962540.6,False,False,False,False,False,False,False,False,False
2025-12-25,2326.1517202720183,2348.016024366757,2310.1493934394407,2332.0136975341793,5974611,2421.4279549053795,2430.003165052378,2462.8732379243716,34.95878787617863,-39.37513320948483,-27.53965614797682,-11.835477061508008,9522633.25,False,False,False,False,False,False,False,False,False
2025-12-26,2331.2920324713555,2340.268363424183,2330.8139824448394,2339.790313397667,14090092,2411.1835325295665,2430.13807665556,2461.628030584172,36.88828145719441,-38.68595867019303,-29.768916652420064,-8.917042017772967,9830118.5,False,False,False,False,False,False,False,False,False
2025-12-29,2353.6671000428832,2396.1816264111576,2296.2190993557597,2338.733625724034,8117093,2401.5617306257473,2430.3427358060767,2460.2789486070533,36.728839507585626,-37.789435655593024,-31.373020453054657,-6.416415202538367,9642138.5,False,False,False,False,False,False,False,False,False
2025-12-30,2341.7425422621905,2342.5426306384734,2331.4546178601545,2332.2547062364374,9546228,2390.607043637209,2430.743703883357,2458.8303698388927,35.7096832022533,-37.17321962714732,-32.53306028787319,-4.640159339274128,9677047.35,False,False,False,False,False,False,False,False,False
2025-12-31,2290.0708228401495,2303.008522505085,2288.3622764525708,2301.299976117506,5203183,2379.1796505923635,2430.181116463263,2457.3236485490183,31.248303783527206,-38.73612605734343,-33.773673441767244,-4.962452615576183,9241403.3,False,False,False,False,False,False,False,False,False
2026-01-01,2286.098579553264,2294.9563065656007,2259.8721645066603,2268.729891518997,17408725,2367.178993437972,2428.2688019749876,2455.713757403664,27.373184817998677,-42.11737145002917,-35.44241304341963,-6.674958406609541,9841218.75,True,False,False,False,False,False,False,False,False
2026-01-02,2311.5257811203287,2321.504450890126,2299.1600685624276,2309.138738332225,7983803,2359.920220254821,2427.610999493054,2454.3529313993317,37.69637974793613,-41.0630275366907,-36.56653594207384,-4.496491594616856,9941737.9,False,False,True,False,False,False,False,False,False
2026-01-05,2304.9981324063633,2316.620219371909,2304.6546961540403,2316.276783119586,8184429,2352.9171678343455,2427.480567185891,2452.853342594525,39.33670738474531,-39.19960320517794,-37.09314939469466,-2.1064538104832735,9552357.0,False,False,False,False,False,False,False,False,False
2026-01-06,2287.4799224668236,2307.507183859353,2264.2165293642274,2284.243790756757,10554306,2343.955859671155,2426.5008735630167,2451.598491205227,34.896510336065106,-39.848274664358996,-37.64417444862753,-2.204100215731465,9578788.15,False,False,False,False,False,False,False,False,False
2026-01-07,2247.147553216536,2270.942411210851,2236.745150440757,2260.5400084350717,9436921,2334.370884929297,2423.96392522252,2450.1547235276785,32.0165677200402,-41.79328166613868,-38.473995892129764,-3.319285774008918,9429674.85,False,False,False,False,False,False,False,False,False
2026-01-08,2227.563859991368,2252.4525066464657,2225.1357090304828,2250.0243556855803,7261575,2325.335005838182,2423.040108465191,2448.6455392386847,30.80210146684439,-43.67972632656756,-39.51514197901732,-4.164584347550239,9006850.2,False,False,False,False,False,False,False,False,False
2026-01-09,2221.484394060971,2240.0902759135392,2216.914069894829,2235.519951747397,10590703,2318.278513659489,2420.4307670656194,2447.2868153748896,29.15911727497435,-45.816981843891426,-40.77550995199214,-5.041471891899285,9136555.55,True,False,False,False,False,False,False,False,False
2026-01-12,2284.728123789857,2287.163935956412,2277.000460218423,2279.436272384978,11973884,2313.053562361438,2417.191913852437,2445.9176919102856,39.65471393443009,-43.4660427043932,-41.31361650247236,-2.1524262019208464,9494302.75,False,False,True,False,False,False,False,False,False
2026-01-13,2243.810558729485,2256.9418960335543,2226.6881831274627,2239.819520431532,7799062,2305.472151635172,2414.302554829123,2444.3066693946753,34.665237749813855,-44.289109999313496,-41.908715201840586,-2.38039479747291,9324036.7,False,False,False,False,False,False,False,False,False
2026-01-14,2206.0539118997935,2214.743593123324,2202.540975907127,2211.2306571306576,8696851,2297.4048189010177,2409.984131575909,2442.7542715839195,31.57749887097117,-46.70983717461377,-42.86893959639522,-3.840897578218545,9236436.95,False,False,False,False,False,False,False,False,False
2026-01-15,2201.9123111289837,2211.1507503272614,2196.9093479235835,2206.1477871218613,11841105,2291.3029672095718,2404.8420716273417,2441.319245673047,31.047985887012004,-48.47958356992831,-43.99106839110184,-4.488515178826468,9401355.75,False,False,False,False,False,False,False,False,False
2026-01-16,2229.359257447018,2229.3862844969585,2221.814352400754,2221.8413794506946,10656961,2285.628374168574,2399.2197124124655,2439.9209762890396,34.68948366908015,-48.06175262754823,-44.805205238391125,-3.256547389157106,9535978.45,False,False,False,False,False,False,False,False,False
2026-01-19,2235.585954182417,2252.2351919671005,2205.508203301353,2222.1574410860367,6286173,2280.718079297517,2393.616112776672,2438.672659112163,34.764206469909396,-47.16146702796277,-45.276457596305455,-1.8850094316573163,9530929.1,False,False,False,False,False,False,False,False,False
2026-01-20,2205.9710434479025,2230.5496341203084,2197.5491679193447,2222.1277585917505,11093037,2275.413296858292,2388.85642355229,2437.3385855872784,34.76018425391942,-45.92103028107431,-45.40537213325923,-0.5156581478150812,9770405.1,False,False,False,False,False,False,False,False,False
2026-01-21,2266.527378744944,2272.6081749429636,2250.500123653737,2256.5809198517563,3815382,2271.3953787327355,2384.2604755966863,2436.4599317279412,43.00337874109359,-41.67746121612072,-44.65978994983153,2.9823287337108084,9325706.2,False,False,False,False,True,False,False,False,False
2026-01-22,2251.7720882989966,2259.771321310622,2238.5165483606534,2246.515781372279,9582888,2267.1204829246403,2379.89422710974,2435.5175760854863,41.359268150008326,-38.68068782494856,-43.46396952485493,4.783281699906368,9506120.05,False,False,False,False,False,False,False,False,False
2026-01-23,2251.6098706376742,2272.874860872082,2226.2527470127916,2247.5177372471994,7691408,2262.5068541171167,2373.7253235778203,2434.302229033639,41.59863553035621,-35.81205478115953,-41.93358657611586,6.121531794956326,9186185.85,False,False,False,False,False,False,False,False,False
2026-01-26,2248.6420846062238,2257.8754720980837,2240.013638605976,2249.247026097836,12125577,2258.032524135807,2368.1895179069247,2433.0404892168035,42.038389388885776,-33.018486707129796,-40.15056660231865,7.132079895188852,9386610.05,False,False,False,False,False,False,False,False,False
2026-01-27,2252.0633456509095,2260.8450387987355,2228.824794533962,2237.606487681788,9702148,2253.3001132080744,2362.5821403403133,2431.7326997077894,39.86247817836275,-31.382104679958047,-38.39687421784653,7.014769537888483,9394406.05,False,False,False,False,False,False,False,False,False
2026-01-28,2236.9878905768314,2243.960046480441,2224.5931217389907,2231.5652776426004,11594383,2249.8133782843292,2356.708644937832,2430.3276793809255,38.74172593710734,-30.22432805575636,-36.7623649854285,6.538036929672138,9713966.05,False,False,False,False,False,False,False,False,False
2026-01-29,2254.3888749891817,2257.5169063242033,2253.1804998711577,2256.3085312061794,7662491,2249.1923102686883,2350.90256981368,2428.8084067677537,45.50032643788992,-26.998980523965656,-34.80968809313593,7.810707569170276,9226654.35,False,False,False,False,False,False,False,False,False
2026-01-30,2242.146395445065,2268.563842937121,2224.303428023644,2250.7208755157,10895728,2246.271417127862,2345.4207034307324,2427.22065247436,44.31137328133331,-24.610057065262026,-32.76976188756115,8.159704822299126,9372250.6,False,False,False,False,False,False,False,False,False
2026-02-02,2234.3664310294084,2240.0064746524754,2224.4124908678486,2230.0525344909156,15391098,2241.9602046964287,2340.4491539644073,2425.4724934990436,40.13382524886967,-24.106693445003657,-31.037148199049657,6.930454754046,9732584.05,False,False,False,False,False,False,False,False,False
2026-02-03,2276.818612773028,2294.3794639862554,2260.878369688612,2278.4392209018397,16812987,2241.669976203683,2336.1757473344715,2424.2258249240517,51.630725477363264,-19.577693476750483,-28.745257254589824,9.16756377783934,10045518.1,False,False,False,False,False,False,False,False,False
2026-02-04,2325.0425523262284,2337.8974191934244,2286.3247153775187,2299.1795822447148,14582661,2243.601954894165,2331.761685821954,2423.208611845538,55.56945379590048,-14.151722300747224,-25.826550263821304,11.67482796307408,10302805.1,False,False,False,False,False,False,False,False,False
2026-02-05,2298.788554818698,2315.032380905614,2287.904860823768,2304.1486869106843,5854109,2246.30817145542,2327.115094330797,2421.775057401514,56.483744861249875,-9.342936280088907,-22.529827467074828,13.186891186985921,10232431.8,False,False,False,False,False,False,False,False,False
2026-02-06,2296.897332127848,2320.3675454154013,2285.880957562284,2309.351170849837,9377356,2249.9997324105416,2322.408542529515,2420.430838528338,57.47050219990237,-5.053883712858806,-19.034638716231623,13.980755003372817,10171764.45,False,False,False,False,False,False,False,False,False
2026-02-09,2335.297529933059,2354.799885285608,2300.2891491475953,2319.791504500144,5144711,2252.0174940163006,2318.1809793435095,2419.2450263410024,59.45732686932611,-0.8030736471946511,-15.388325702424229,14.585252055229578,9830305.8,False,False,False,False,False,False,True,False,False
2026-02-10,2323.1460576179593,2341.0910340487058,2307.1796237465055,2325.124600177252,12386132,2256.2827480035867,2313.6565024269107,2418.210171391655,60.473134214573705,2.9619170696305446,-11.718277148013275,14.68019421764382,10059659.3,False,False,False,False,False,False,True,False,False
2026-02-11,2320.801249222263,2333.5822324233072,2306.476046884574,2319.257030085618,5274821,2261.6840666513344,2309.4446862883347,2417.3719370546055,58.72964237245089,5.409873811176112,-8.292646956175398,13.70252076735151,9888557.8,False,False,False,False,False,False,True,False,False
2026-02-12,2272.7587181048443,2295.2870824835054,2258.980151367079,2281.50851574574,7505898,2265.452103082528,2304.8999959111134,2416.2617656677116,48.951624784786425,4.254860156372615,-5.783145533665795,10.03800569003841,9671797.45,False,False,False,False,False,False,False,False,False
2026-02-13,2329.512994135086,2333.791421368762,2316.465304338228,2320.743731571904,9891713,2270.397220688589,2302.228586502646,2415.678141492805,56.97061155509859,6.43132126017872,-3.340252174896892,9.771573435075613,9633535.05,False,False,False,False,False,False,True,False,False
2026-02-16,2346.578575739188,2381.7984059565943,2319.604998493996,2354.824828711402,8154262,2277.030590069857,2300.1983264462924,2415.434889702582,62.48353196962846,10.781954418047917,-0.5158108563079304,11.297765274355847,9726939.5,False,False,False,False,False,False,True,False,False
2026-02-17,2321.603322891939,2333.2841446077523,2320.558692816651,2332.239514532464,3783826,2282.536177866893,2297.57371765653,2415.105296799282,57.24895748084665,12.266021380246002,2.0405555910028563,10.225465789243145,9361478.95,False,False,False,False,False,False,True,False,False
2026-02-18,2294.759024679871,2309.0578080111886,2285.8181583662877,2300.1169416976054,12286823,2284.712978959185,2294.5312664250378,2414.5891132299425,50.73835650713286,10.726483744084817,3.777741221619249,6.948742522465568,9785051.0,False,False,False,False,False,False,True,False,False
2026-02-19,2314.6729161026583,2324.3508118782197,2306.0540044781196,2315.731900253681,6763562,2288.173784903255,2292.2310656799536,2414.254448465631,53.50633357946167,10.643691876989124,5.150931352693224,5.4927605242959,9644084.7,False,False,False,False,False,False,True,False,False
2026-02-20,2289.2867435033227,2307.4300342585448,2272.587017484737,2290.730308239959,9162096,2290.3344134528934,2290.5126759383274,2413.8751902395925,48.78017334039305,8.463101827577248,5.813365447670029,2.6497363799072184,9717619.1,False,False,False,False,False,False,True,False,False
2026-02-23,2261.6823317164885,2274.82389205528,2258.7914758286192,2271.9330361674106,7981322,2291.468713956372,2288.272630694756,2413.385433153884,45.5243638688312,5.158719238033427,5.682436205742709,-0.5237169677092819,9510406.35,False,False,False,False,False,True,False,False,False
2026-02-24,2285.0880698896667,2301.113438165266,2280.635979353272,2296.661347628871,15038541,2294.421456953726,2286.3769029481964,2413.1152840406608,50.2304876568684,4.4836555110941845,5.442680066813004,-0.9590245557188197,9777226.0,False,False,False,False,False,False,True,False,False
2026-02-25,2296.5226430407056,2324.4798931024047,2272.8647067178485,2300.8219567795477,6895481,2297.884290910574,2284.9417958475124,2413.0437063127333,50.99754184187018,4.23556408450213,5.20125687035083,-0.9656927858487006,9542280.9,False,False,False,False,False,False,True,False,False
2026-02-26,2289.935600566505,2310.2243797862066,2277.9956860993343,2298.284465319036,8899670,2299.9830876162164,2284.3437887348778,2412.636577119955,50.486483905672635,3.7905009518949555,4.919105686659656,-1.1286047347647008,9604139.85,False,False,False,False,False,False,True,False,False
2026-02-27,2278.1472419497563,2282.103176711423,2264.5931956290165,2268.5491303906833,8394458,2300.8745003599656,2283.0081065372783,2411.900826269564,44.81847067163214,1.0265586633809107,4.140596282003908,-3.114037618622997,9479076.35,False,False,False,False,False,False,False,False,False
2026-03-02,2192.0769341663663,2206.3789627130295,2183.1278600157166,2197.42988856238,2899710,2299.2433680635386,2280.5494375383823,2410.4780156250285,34.76534268655048,-6.823951693278104,1.9476866869475051,-8.77163838022561,8854506.95,False,False,False,False,False,False,False,False,False
2026-03-03,2223.4818701390864,2230.6092365693044,2218.4712002774017,2225.5985667076197,10881145,2296.601335353828,2278.4969407250096,2408.9116173305347,40.4617888007283,-10.649796574307857,-0.5718099653035673,-10.07798660900429,8557914.85,False,False,False,False,False,False,False,False,False
2026-03-04,2275.2019643007357,2287.0904272583575,2269.277390344976,2281.165853302598,9546452,2295.7006489067217,2277.381472143804,2407.665218255791,49.77832014622133,-9.093170167830976,-2.2760820058090494,-6.817088162021927,8306104.4,False,False,False,False,False,False,True,False,False
2026-03-05,2294.5753466867454,2305.3728970071297,2292.4934150127146,2303.290965333099,5707227,2295.6577628278424,2276.8070174997824,2406.4662201031624,52.93620562785239,-6.004999001715532,-3.021865404990346,-2.983133596725186,8298760.3,False,False,False,False,False,False,True,False,False
2026-03-06,2321.669619928981,2347.2782861641645,2304.9515794357003,2330.560245670884,10562477,2296.718216568895,2276.6224161452465,2405.3636072298073,56.56157370289349,-1.341731434346002,-2.685838610861478,1.3441071765154757,8358016.35,False,False,False,False,True,False,True,False,False
2026-03-09,2306.0852243563504,2337.7716331285783,2303.308138276481,2334.9945470487087,12231178,2297.478368696323,2276.54763457174,2404.262298770702,57.139744480437244,2.680849606517313,-1.6125009673857198,4.293350573903033,8712339.7,False,False,False,False,False,False,True,False,False
2026-03-10,2337.9558015304037,2377.1165465178815,2313.6679391111165,2352.8286840985943,8261866,2298.86357289239,2276.9591141289834,2403.24510037376,59.47592674438032,7.224559649845105,0.15491115606044525,7.06964849378466,8506126.4,False,False,False,False,False,False,True,False,False
2026-03-11,2338.40559827577,2347.8744412730657,2335.378006577062,2344.8468495743577,10441655,2300.143063866827,2277.8300515981205,2402.0768632686577,57.953395694845035,10.065387731432565,2.1370064711348697,7.928381260297696,8764468.1,False,False,False,False,False,False,True,False,False
2026-03-12,2363.270058114594,2370.7524358655796,2358.076074053893,2365.5584518048786,9143901,2304.3455606697844,2279.766622803838,2401.1581782578596,60.76041262715473,13.828610050422412,4.475327186992379,9.353282863430033,8846368.25,False,False,False,False,False,False,True,False,False
2026-03-13,2356.1523547970046,2370.1482414135953,2338.143698442994,2352.1395850595845,14477641,2305.915353344168,2280.626639738385,2399.9288886255467,58.05614823169713,15.54896169900394,6.690054089394692,8.858907609609247,9075664.65,False,False,False,False,False,False,True,False,False
2026-03-16,2318.1185608062556,2342.953222692099,2280.659741985143,2305.4944038709864,11927296,2303.448832102147,2280.410992153413,2398.611844906955,49.76478084200557,12.998636295252254,7.951770530566205,5.046865764686049,9264316.35,False,False,False,False,False,False,True,False,False
2026-03-17,2321.592560488754,2330.386554654611,2310.615187695663,2319.4091818615198,11261126,2302.8073154686,2281.1142999755084,2397.3135337007207,51.96850981583359,11.962396273948343,8.753895679242634,3.2085005947057095,9638181.35,False,False,False,False,False,False,True,False,False
2026-03-18,2381.293950613417,2413.8953129772017,2351.0813578546226,2383.682720218407,9172076,2306.98560439464,2283.5771542111747,2396.4139125157517,60.57233453739441,16.141437536165995,10.231404050627306,5.910033485538689,9482444.0,False,False,False,False,False,False,True,False,False
2026-03-19,2345.156144659691,2387.8037213296748,2309.6342084902494,2352.281785160233,11091687,2308.813098639968,2285.622302800668,2395.4385140394943,55.35534341474056,16.726749260771157,11.530473092656077,5.19627616811508,9698850.25,False,False,False,False,False,False,True,False,False
2026-03-20,2333.815016857273,2357.0209244655794,2319.626212694005,2342.8321203023115,6362601,2311.418189243085,2287.7685461717665,2394.38210760474,53.852175333250536,16.240889178724046,12.47255630986967,3.768332868854376,9558875.5,False,False,False,False,False,False,True,False,False
2026-03-23,2329.80959707852,2332.4694930004193,2325.961186393315,2328.6210823152146,13175051,2314.2525915504757,2288.7522423703713,2393.268466759416,51.583597417803354,14.541504156170049,12.886345879129747,1.655158277040302,9818561.95,False,False,False,False,False,False,True,False,False
2026-03-24,2339.3874149663516,2356.131791550022,2316.5988161564255,2333.343192740096,5679552,2316.086683806037,2290.6227158165425,2392.1838997172827,52.3026158640245,13.421054566624662,12.99328761662873,0.4277669499959309,9350612.5,False,False,False,False,False,False,True,False,False
2026-03-25,2308.831994070895,2342.232316838468,2302.2890988507365,2335.6894216183096,13331485,2317.830057047975,2293.1118911062954,2391.31023145251,52.67864681275206,12.577426513059436,12.910115395914874,-0.33268888285543774,9672412.7,False,False,False,False,False,True,True,False,False
2026-03-26,2310.251665335218,2310.8467795696424,2303.9175293489016,2304.512643583326,9250377,2318.1414659611896,2295.0791882355247,2390.1887849826194,47.33810371675127,9.286095442511396,12.185311405234179,-2.899215962722783,9689948.05,False,False,False,False,False,False,True,False,False
2026-03-27,2276.547409270014,2288.2116776224875,2271.9913216724644,2283.6555900249377,9121904,2318.8967889429023,2296.3154724470096,2389.128215062393,44.1159043448716,4.937782263577901,10.735805576902925,-5.798023313325023,9726320.35,False,False,False,False,False,False,False,False,False
2026-03-30,2265.412044161338,2267.711369167159,2262.1448891358345,2264.4442141416553,7264878,2322.247505221866,2297.161207908122,2387.8823884563417,41.325603968864066,-0.057818243524707214,8.5770808128174,-8.634899056342107,9944578.75,False,False,False,False,False,False,False,False,False
2026-03-31,2237.4528333598973,2239.418468590518,2236.284527816699,2238.25016304732,7492523,2322.880085038851,2297.483655997233,2386.7265428279657,37.8137651271572,-6.060645300847227,5.649535590084475,-11.710180890931703,9775147.65,False,False,False,False,False,False,False,False,False
2026-04-01,2210.6038695643433,2223.144686174777,2206.0408624146876,2218.581679025121,10047355,2319.750876324977,2296.723671180701,2385.5696625995506,35.38237185162673,-12.263643626152316,2.0668997468371164,-14.330543372989432,9800192.8,False,False,False,False,False,False,False,False,False
2026-04-02,2233.7252123842736,2242.581540530107,2227.249635476949,2236.1059636227824,6631202,2316.3916262394614,2296.5154748257105,2384.4743512921805,39.13737301769118,-15.585837347575762,-1.4636476720454592,-14.122189675530302,9846391.55,False,False,False,False,False,False,False,False,False
2026-04-03,2227.374804000077,2242.8633278776983,2204.403543388913,2219.8920672665345,10521318,2310.8582173192435,2295.9629614260975,2383.331474740198,36.99528543255448,-19.30449552984419,-5.0318172436052055,-14.272678286238984,9844333.6,False,False,False,False,False,False,False,False,False
2026-04-06,2205.0426067665353,2221.0749436682645,2187.915026009547,2203.9473629112763,7159505,2304.3058581123723,2295.056968162366,2382.1739655270503,34.968374085407106,-23.269922139392747,-8.679438222762714,-14.590483916630033,9590749.95,False,False,False,False,False,False,False,False,False
2026-04-07,2204.04188866832,2222.601670458535,2192.928398851461,2211.488180641676,2395787,2297.238832939526,2294.534602021564,2381.056108568995,36.733789243708834,-25.510006847703607,-12.045551947750894,-13.464454899952713,9297446.0,False,False,False,False,False,False,False,False,False
2026-04-08,2231.640222274028,2266.5756602345677,2200.3730679517694,2235.308505912309,6087976,2291.7619157564236,2294.609466586958,2380.042585848825,42.08246460379093,-25.074149753164875,-14.651271508833691,-10.422878244331184,9079762.05,False,False,False,False,False,False,False,False,False
2026-04-09,2205.7842605310834,2213.762530309669,2197.7342852935335,2205.712555072119,13910872,2283.769620919786,2293.597547064277,2378.744964145731,37.805826993776584,-26.807851529559684,-17.08258751297889,-9.725264016580795,9318110.6,False,False,False,False,False,False,False,False,False
2026-04-10,2206.113557191028,2216.83994813872,2193.932789143965,2204.6591800916567,11465341,2276.3956006713897,2292.676313155796,2377.4661208008083,37.659134798745114,-27.944692218572072,-19.255008454097528,-8.689683764474545,9167495.6,False,False,False,False,False,False,False,False,False
2026-04-13,2154.1344702662664,2171.4681663469905,2141.067430713854,2158.401126794578,8291575,2269.040936817569,2291.2432850018695,2375.915621354376,31.820125243442376,-32.20702245481789,-21.8454112542416,-10.361611200576288,8985709.55,False,False,False,False,False,False,False,False,False
2026-04-14,2109.3020839728238,2111.766513583271,2109.113404499548,2111.577834109995,7174007,2258.649369429993,2287.9060572660323,2373.9942937453993,27.219577794275907,-38.91461482039222,-25.259251967471727,-13.65536285292049,8781353.6,True,False,False,False,False,False,False,False,False
2026-04-15,2110.343846495514,2115.847445714458,2098.1682915900537,2103.671890808998,8223836,2244.6488279595224,2283.9959034373182,2372.1202729672937,26.522316573047775,-44.35705314996267,-29.078812203969918,-15.27824094599275,8733941.6,True,False,False,False,False,False,False,False,False
2026-04-16,2061.1384825472614,2071.5998696098636,2055.5958054079283,2066.0571924705305,14208733,2230.337598325037,2279.234073548515,2370.0832639837054,23.44512050902854,-51.116181017509916,-33.48628596667792,-17.629895050831998,8889793.9,True,False,False,False,False,False,False,False,False
2026-04-17,2059.5229863514423,2081.071094069041,2046.965523320315,2068.5136310379135,8763412,2216.6216738618177,2274.4173227522765,2367.811748638283,24.064733115149153,-55.63331822440068,-37.91569241822248,-17.717625806178205,9009834.45,True,False,False,False,False,False,False,False,False
2026-04-20,2081.5258498162075,2101.2020365817834,2067.983886659756,2087.660073425332,5415121,2204.5736234173232,2269.7746941307805,2365.623999106384,28.89545041493197,-57.01103637867345,-41.734761210312676,-15.276275168360776,8621837.95,True,False,False,False,False,False,False,False,False
2026-04-21,2067.9620467265568,2081.6684175687683,2029.7366364284214,2043.443007270633,6577881,2190.0786141438502,2264.141062272648,2363.305966495175,24.9482066357495,-60.968034097311374,-45.581415787712416,-15.386618309598958,8666754.4,True,False,False,False,False,False,False,False,False
2026-04-22,2033.8900393972128,2046.3377666666506,2010.972124721513,2023.4198519909507,8298344,2174.465135662482,2258.2243187107542,2360.9098565728323,23.390010333205268,-64.97074231402758,-49.459281092975445,-15.51146122105213,8415097.35,True,False,False,False,False,False,False,False,False
2026-04-23,2030.7376961752868,2038.7222041879675,2023.7374336889823,2031.721941701663,8812683,2160.825600568399,2253.228587229873,2358.611411504125,25.468567136965888,-66.70408498764846,-52.90824187191005,-13.795843115738407,8393212.65,True,False,False,False,False,False,False,False,False
2026-04-24,2012.9798650090115,2015.2880885427887,2001.1018818346854,2003.4101053684626,6968466,2146.8133263355753,2246.8819147058043,2356.094976776481,23.160783734342303,-69.56045055068171,-56.238683607664385,-13.321766943017323,8285540.75,True,False,False,False,False,False,False,False,False
2026-04-27,1979.221190651207,2000.0471830656018,1961.9350205311557,1982.7610129455504,5383658,2132.72916627577,2239.4406383904875,2353.3974048249192,21.62191259998596,-72.65285315886695,-59.5215175179049,-13.13133564096205,8191479.75,True,False,False,False,False,False,False,False,False
2026-04-28,1952.3110928994029,1989.1455819017792,1940.3830948845393,1977.2175838869157,8989734,2119.6775373177497,2232.3401997775763,2350.691896402829,21.214399149989774,-74.68993383766201,-62.55520078185632,-12.13473305580569,8266340.3,True,False,False,False,False,False,False,False,False
2026-04-29,2016.6587027579865,2021.5180935658004,2007.5465895171285,2012.4059803249424,10041394,2109.3687523827407,2226.585980550123,2348.1932054181916,30.20663415318333,-72.6277183135976,-64.56970428820458,-8.058014025393021,8266042.25,False,False,True,False,False,False,False,False,False
2026-04-30,1975.0372170213761,1982.1313589561923,1971.999876503751,1979.0940184385672,7971539,2096.51815512353,2219.853222913821,2345.6031824438805,27.058131796205856,-72.84172056558168,-66.22410754368,-6.6176130219016756,8333059.1,True,False,False,False,False,False,False,False,False
2026-05-01,1980.9272360381299,1992.9498788223455,1974.288630861837,1986.3112736460525,7927898,2084.839115442506,2213.7648422219427,2343.0995628645755,28.789939148007363,-71.60354561180293,-67.2999951573046,-4.303550454498335,8203388.1,True,False,False,False,False,False,False,False,False
2026-05-04,1991.4327926462022,1998.3394044385016,1971.2651745723683,1978.1717863646677,14067955,2073.5503366151756,2207.8896172258874,2340.643273192223,27.983025548003624,-70.46677452673839,-67.93335103119135,-2.5334234955470407,8548810.6,True,False,False,False,False,False,False,False,False
2026-05-05,1999.5226799770105,2002.88045643346,1999.2222092048355,2002.579985661285,1082895,2063.1049268661563,2202.007989986536,2338.337184152027,33.960445873097356,-66.82600892330561,-67.71188260961421,0.8858736863085994,8483166.0,False,False,True,False,True,False,False,False,False
2026-05-06,2011.2824108595712,2032.5268761585119,2005.7596775719605,2027.0041428709012,8200014,2052.689708714086,2196.531633708363,2336.1516900119473,39.38228944001675,-61.26364146317337,-66.42223438032605,5.158592917152674,8588767.9,False,False,False,False,False,False,False,False,False
2026-05-07,2043.7705363948594,2044.7677088089267,2039.7349198752163,2040.7320922892836,12578448,2044.440685574944,2191.380586247768,2334.045364568828,42.252078495867586,-55.11239302698027,-64.1602661096569,9.047873082676631,8522146.7,False,False,False,False,False,False,False,False,False
2026-05-08,2058.7648043495,2077.598377064616,2033.9619658821243,2052.7955385972405,11025116,2036.8475035002234,2187.065514411899,2331.9950518602764,44.72837741538725,-48.702651178878114,-61.06874312350115,12.366091944623037,8500135.45,False,False,False,False,False,False,False,False,False
2026-05-11,2060.8734233436962,2069.5230873399983,2052.4977767093487,2061.1474407056508,10158379,2031.9848191957767,2184.3398654547645,2330.1968968880387,46.44075616909322,-42.45950909346743,-57.346896317494405,14.887387224026973,8593475.65,False,False,False,False,False,False,False,False,False
2026-05-12,2056.9203964961516,2094.0543745412774,2044.1971165912666,2081.3310946363927,10630464,2030.4724822220967,2181.4545160133403,2328.494127660694,50.43701960829134,-35.47419735579615,-52.97235652515476,17.49815916935861,8766298.5,False,False,False,False,False,False,False,False,False
2026-05-13,2103.30162656981,2120.498652835721,2080.2150244164686,2097.4120506823792,3523977,2030.1594902157656,2177.7794399609356,2326.7714473081937,53.419131997930464,-28.314299103459234,-48.04074504081566,19.726445937356424,8531305.55,False,False,False,False,False,False,False,False,False
2026-05-14,2093.0941268628108,2096.1498873533124,2084.735043403854,2087.7908038943556,9431908,2031.246170786957,2173.469436732161,2324.943353217925,51.425481026097835,-23.149529001630526,-43.06250183297863,19.912972831348107,8292464.3,False,False,False,False,False,False,False,False,False
2026-05-15,2069.657344524194,2071.3996112312575,2054.8307811410073,2056.573047848071,12593865,2030.6491416274646,2167.9896927757045,2322.8560211891486,45.49281230333222,-21.32954972894231,-38.71591141217137,17.38636168322906,8483986.95,False,False,False,False,False,False,False,False,False
2026-05-18,2062.7339460489775,2082.377803022019,2034.6164251856546,2054.2602821586966,12619528,2028.9791520641331,2162.3750074779045,2321.0466748773706,45.07790593082082,-19.845062379647516,-34.94174160566661,15.096679226019091,8844207.3,False,False,False,False,False,False,False,False,False
2026-05-19,2046.2455610838188,2057.0205774843116,2044.8517236877988,2055.6267400882916,8743025,2029.5883387050162,2156.430968597698,2319.317181006645,45.39478296918441,-18.34684274260144,-31.622761833053577,13.275919090452138,8952464.5,False,False,False,False,False,False,False,False,False
2026-05-20,2057.1463405039253,2061.617968269547,2045.576343437359,2050.0479712029805,9650250,2030.9197446656174,2150.5349910302707,2317.422979794961,44.27173826270896,-17.408973106220856,-28.780004087687033,11.371030981466177,9020059.8,False,False,False,False,False,False,False,False,False
2026-05-21,2062.073480384045,2081.8752654672035,2027.5485007435516,2047.35028582671,10731900,2031.7011618718698,2144.1708277107073,2315.2833993423246,43.70862487143679,-16.690982075184365,-26.3621996851865,9.671217610002135,9116020.65,False,False,False,False,False,False,False,False,False
2026-05-22,2043.601609340222,2082.003931616134,2018.4173424878413,2056.8196647637533,7245939,2034.371639841634,2138.2644293047906,2313.2333128023265,46.291067508014095,-15.182850815716847,-24.126329911292572,8.943479095575725,9129894.3,False,False,False,False,False,False,False,False,False
2026-05-25,2039.66734128223,2044.6382302256234,2027.4261853813566,2032.39707432475,10030708,2036.8534429105944,2132.8024827138656,2311.172182088476,41.059226873213625,-15.776483387442113,-22.45636060652248,6.6798772190803675,9362246.8,False,False,False,False,False,False,False,False,False
2026-05-26,2010.4104187866124,2025.3174166978185,1994.9713342750204,2009.8783321862265,6259932,2038.48648032556,2126.61186572036,2309.1262338121946,36.916254591425506,-17.85815804144022,-21.53672009350603,3.6785620520658107,9225756.7,False,False,False,False,False,False,False,False,False
2026-05-27,2003.3682359511006,2025.171238783803,1988.529557335312,2010.3325601680142,15790069,2038.3828093177137,2119.144862519352,2307.1668882890676,37.05422383817685,-19.24935323857335,-21.079246722519496,1.8298934839461474,9513190.45,False,False,False,False,False,False,False,False,False
2026-05-28,2008.9867583707855,2028.2909935555954,2001.0307254196346,2020.3349606044444,8928219,2040.4448564260074,2112.5059260282364,2305.301620297606,40.1579698700542,-19.32204285121543,-20.727805948258684,1.4057630970432555,9561024.45,False,False,False,False,False,False,False,False,False
2026-05-29,2009.6390863051881,2050.9889667464204,1970.7958581256867,2012.145738566919,8332699,2041.7365796720508,2105.8921983935284,2303.2229791751765,38.48482999583443,-19.812070455552657,-20.54465884971748,0.7325883941648215,9581264.5,False,False,False,False,False,False,False,False,False
2026-06-01,2009.599881108473,2024.6924503964935,2004.4360050758241,2019.5285743638447,8615958,2043.8044190720095,2099.710348234501,2301.088598983112,40.87641862238309,-19.381272469958958,-20.311981573765774,0.9307091038068158,9308664.65,False,False,False,False,False,False,False,False,False
2026-06-02,2007.814231604511,2012.9526450817064,1998.6408010752689,2003.7792145524643,9427261,2043.8643805165684,2093.1190686707487,2298.980924596302,37.524853691140294,-20.079242665971833,-20.265433792206984,0.18619112623515122,9725882.95,False,False,False,False,False,False,False,False,False
2026-06-03,2047.4133467700694,2054.7278204964095,2042.493371999701,2049.8078457260413,1226639,2045.0045656593254,2087.4014371529033,2297.1669175949264,50.34018257337191,-16.725462496113096,-19.55743953298821,2.831977036875113,9377214.2,False,False,False,False,False,False,False,False,False
2026-06-04,2060.029605745025,2081.6829500162626,2046.2390373681515,2067.892381639389,10928421,2046.3625801268306,2082.6690319140243,2295.47008627434,54.30610861605743,-12.464612347197544,-18.138874095830076,5.6742617486325315,9294712.85,False,False,False,False,False,False,False,False,False
2026-06-05,2049.8914431162366,2076.787523199623,2039.8505088051204,2066.7465888885067,10837162,2047.060132641394,2078.330851891296,2293.403835160483,54.01179423576899,-9.07569484487317,-16.326238245638695,7.250543400765526,9285315.15,False,False,False,False,False,False,False,False,False
2026-06-08,2083.5825644889965,2110.539555809668,2047.9207951319815,2074.877786452653,9964258,2047.7466499287443,2074.539523337516,2291.7044182254763,55.84080828068065,-5.668490786996244,-14.194688753910205,8.52619796691396,9275609.1,False,False,False,False,False,False,True,False,False
2026-06-09,2080.1626022217574,2094.2525925714936,2077.571260269383,2091.661250619119,11390676,2048.2631577278803,2071.6077450889516,2290.1590684344237,59.427652285135544,-1.5955788903429493,-11.674866781196753,10.079287890853804,9313619.7,False,False,False,False,False,False,True,False,False
2026-06-10,2104.1458465041665,2111.981018120554,2099.521607769199,2107.3567793855864,7692467,2048.760394163041,2069.383247096161,2289.0494144821896,62.495630499168165,2.86569715695623,-8.766753993566157,11.632451150522387,9522044.2,False,False,False,False,False,False,True,False,False
2026-06-11,2106.466422576189,2123.0484899876615,2098.5667017782043,2115.148769189677,7088974,2050.1282924278066,2066.964103207499,2287.8913974992875,63.952931270667996,6.949924618192654,-5.623418271214395,12.573342889407048,9404897.5,False,False,False,False,False,False,True,False,False
2026-06-12,2127.564597458475,2158.3913657220023,2073.2741769944664,2104.1009452579938,13059684,2052.504687298303,2064.6482807673283,2286.5446656688505,60.37106618338897,9.189308616141716,-2.660872893743173,11.850181509884889,9428188.45,False,False,False,False,False,False,True,False,False
2026-06-15,2114.352228764381,2135.0616249565896,2098.8848753629886,2119.5942715551973,10545435,2055.771386768128,2062.9612189402064,2285.1588595852318,63.46171417544816,12.075025144042229,0.2863067138139077,11.788718430228322,9324483.8,False,False,False,False,False,False,True,False,False
2026-06-16,2124.048119454715,2146.3443790085385,2097.0970022270153,2119.3932617808387,11524309,2058.9597128527557,2061.11932056299,2283.5582371957335,63.392637223264195,14.182272069724604,3.065499784996047,11.116772284728558,9463548.0,False,False,False,False,False,False,True,False,False
2026-06-17,2085.015482136442,2106.374763325393,2074.376872832527,2095.736154021478,12103482,2061.2441219936804,2058.3278735251733,2281.7836071822094,55.70730458374402,13.784450984316209,5.2092900248600795,8.575160959456129,9586209.6,False,False,False,False,False,False,True,False,False
2026-06-18,2095.964804727129,2100.361113888344,2092.1612636518526,2096.5575728130675,12825419,2063.7044863429983,2056.144773879992,2279.7092806208607,55.907189169512215,13.381206322606886,6.843673284409441,6.537533038197445,9690885.55,False,False,False,False,False,False,True,False,False
2026-06-19,2045.2478645324807,2080.2998624954107,2014.9655472798888,2050.017545242819,9375539,2063.364380366952,2053.0519411830155,2277.3403395008536,43.83655044105089,9.20018672366814,7.314975972261181,1.8852107514069578,9797365.55,False,False,False,False,False,False,False,False,False
2026-06-22,2008.456203800006,2027.312654229418,1995.2341022459289,2014.0905526753409,11333326,2062.449054284481,2050.165729700631,2274.922102794099,37.16566590454673,2.953642767849942,6.442709331378934,-3.4890665635289917,9862496.45,False,False,False,False,False,True,False,False,False
2026-06-23,2039.2330704985109,2041.9333555591713,2032.3289775880469,2035.0292626487073,8412726,2063.706600807605,2048.6347582714047,2272.504813712199,42.64389792173212,-0.30370845627339804,5.093425773848468,-5.397134230121866,9970136.15,False,False,False,False,False,False,False,False,False
2026-06-24,2042.768607303709,2056.4926028132154,2028.5553084364565,2042.2793039459632,4302931,2065.303937996502,2047.4069065341441,2270.052306037759,44.449840580999705,-2.2739523209047547,3.6199501548978232,-5.893902475802578,9395779.25,False,False,False,False,False,False,False,False,False
2026-06-25,2057.2677352377605,2066.939015512126,2026.0505453585788,2035.7218256329443,7402611,2066.0732812479278,2046.8001991973924,2267.489312833807,43.12715622843212,-4.314780372912082,2.033004049335842,-6.3477844222479245,9319498.85,False,False,False,False,False,False,False,False,False
2026-06-26,2002.7908402647085,2002.794113585772,1986.2584949447432,1986.2617682658067,12078360,2064.7790827328718,2045.1551619419506,2264.813022113768,34.73216417295117,-9.81008008541994,-0.3356127776153144,-9.474467307804627,9506781.9,False,False,False,False,False,False,False,False,False
2026-06-29,1955.3794914501434,1958.2017049793715,1945.6614060306572,1948.4836195598853,11026462,2061.2268349926735,2042.3716328646415,2262.220173215661,29.93847489689138,-17.017360040872063,-3.6719622302666646,-13.345397810605398,9627307.1,True,False,False,False,False,False,False,False,False
2026-06-30,1953.3757628893713,1964.3363769779442,1944.0393859114272,1955.0,13813110,2058.7878742650505,2040.6027727192288,2259.7448378983268,31.689828551951067,-21.95033410144947,-7.327636604503226,-14.622697496946245,9846599.55,False,False,True,False,False,False,False,False,False
