Date,Open,High,Low,Close,Volume,DMA20,DMA50,DMA200,RSI,MACD,MACD_Signal,MACD_Hist,Vol_Avg20,RSI_Oversold,RSI_Overbought,RSI_Bull_Cross,RSI_Bear_Cross,MACD_Bull_Cross,MACD_Bear_Cross,Above_DMA50,Golden_Cross,Death_Cross
2024-07-01,601.9684387468718,605.7102255140006,599.1430459417447,602.8848327088735,3357983,,,,50.0,0.0,0.0,0.0,,False,False,False,False,False,False,False,False,False
2024-07-02,597.3401385361167,604.0780273117559,586.2260262557255,592.9639150313648,12274606,,,,50.0,-0.7914122363824845,-0.1582824472764969,-0.6331297891059876,,False,False,False,False,False,False,False,False,False
2024-07-03,593.2403879512491,599.120537569599,588.8958996571806,594.7760492755306,4766476,,,,50.0,-1.2578878979865067,-0.3782035374184989,-0.8796843605680078,,False,False,False,False,False,False,False,False,False
2024-07-04,601.8995985540123,606.0863332914298,596.9864667764019,601.1732015138194,5995190,,,,50.0,-1.0987112389467484,-0.5223050777241488,-0.5764061612225996,,False,False,False,False,False,False,False,False,False
2024-07-05,592.8881796191675,605.3971584463719,585.0818860473404,597.5908648745448,7695928,,,,50.0,-1.2472496996532527,-0.6672940021099696,-0.5799556975432831,6818036.6,False,False,False,False,False,False,False,False,False
2024-07-08,593.8221490003343,594.7304072256604,585.5137532190416,586.4220114443677,9495015,595.9684791414169,,,50.0,-2.2403749815354104,-0.9819101979950577,-1.2584647835403526,7264199.666666667,False,False,False,False,False,False,False,False,False
2024-07-09,588.757755778347,592.7260933865438,581.7650120716793,585.733349679876,15107504,594.5063177897681,,,50.0,-3.0478692322398047,-1.3951020048440073,-1.6527672273957974,8384671.714285715,False,False,False,False,False,False,False,False,False
2024-07-10,589.4513952928662,599.5949655053781,584.0166388010831,594.160209013595,7110789,594.4630541927465,,,50.0,-2.973559775460899,-1.7107935589673857,-1.2627662164935132,8225436.375,False,False,False,False,False,False,False,False,False
2024-07-11,606.4424551372891,609.1324455020635,600.5900111385569,603.2800015033313,5128520,595.4427150050337,,,50.0,-2.1539485805075174,-1.7994245632754122,-0.35452401723210514,7881334.555555556,False,False,False,False,False,False,False,False,False
2024-07-12,604.781445153943,607.0669682732729,598.2984091126242,600.5839322319541,4889174,595.9568367277258,,,50.0,-1.7023276878132947,-1.7800051881829888,0.07767750036969412,7582118.5,False,False,False,False,True,False,False,False,False
2024-07-15,586.3315074541863,590.1322322981068,583.3066837574381,587.1074086013587,9019395,595.1523432616924,,,50.0,-2.404144227455845,-1.9048329960375603,-0.4993112314182846,7712780.0,False,False,False,False,False,True,False,False,False
2024-07-16,582.7122604263087,588.1510968816319,580.9825112508702,586.4213477061934,15186108,594.4247602987341,,,50.0,-2.981331340152451,-2.1201326648605385,-0.8611986752919125,8335557.333333333,False,False,False,False,False,False,False,False,False
2024-07-17,579.5264332056705,586.0390620346938,578.8979593835343,585.4105882125575,7090244,593.7313624459513,,,50.0,-3.480198566513536,-2.392145845191138,-1.088052721322398,8239764.0,False,False,False,False,False,False,False,False,False
2024-07-18,581.9212601572419,585.1108831309878,581.5615433574386,584.7511663311844,2519957,593.0899198663252,,,50.0,-3.883992029937076,-2.6905150821403256,-1.1934769477967504,7831206.357142857,False,False,False,False,False,False,False,False,False
2024-07-19,580.5044247191539,588.9405148949025,574.0968195831448,582.5329097588934,13392361,592.3861191924964,,,15.798263145104613,-4.333047352859808,-3.019021536284222,-1.3140258165755858,8201950.0,True,False,False,False,False,False,False,False,False
2024-07-22,594.555487186157,596.3254468168865,591.430298146602,593.2002577773314,15170688,592.4370028540485,592.4370028540485,,25.20059013804915,-3.7845353297146858,-3.172124294970315,-0.6124110347443708,8637496.125,True,False,False,False,False,False,True,False,False
2024-07-23,594.2672879760456,594.57541376817,592.9213071560523,593.2294329481767,11392243,592.4836163889972,592.4836163889972,,25.22518312539796,-3.309333470833053,-3.199566130142863,-0.10976734069019001,8799540.05882353,True,False,False,False,False,False,True,False,False
2024-07-24,598.0887021561092,603.0323085997973,594.9016459317957,599.8452523754837,5748063,592.8925961660243,592.8925961660243,,30.782722481708447,-2.3715534450770974,-3.03396359312971,0.6624101480526128,8630013.555555556,False,False,True,False,True,False,True,False,False
2024-07-25,604.920650415416,605.9354966344542,603.5189222395909,604.5337684586291,8071973,593.5052894445824,593.5052894445824,,34.49821810311255,-1.2357865755863031,-2.674328189621029,1.438541614034726,8600643.0,False,False,False,False,False,False,True,False,False
2024-07-26,613.8131495158344,616.6054347017722,607.8575705263307,610.6498557122685,8031272,594.3625177579668,594.3625177579668,,39.091303218617114,0.1560353005226034,-2.1082554915923026,2.264290792114906,8572174.45,False,False,False,False,False,False,True,False,False
2024-07-29,594.9058062972853,599.5396731076265,588.5274334145713,593.1613002249126,12339635,593.8763411337687,594.3053169230594,,32.14926004146787,-0.15038258813297034,-1.7166809109004362,1.5662983227674658,9021257.05,False,False,False,False,False,False,False,False,False
2024-07-30,599.170293137067,602.3323026121163,597.0549186413224,600.2169281163717,13483723,594.238991788019,594.5740265227554,,37.00940564206848,0.17410228916924098,-1.3385242708865008,1.5126265600557418,9081712.9,False,False,False,False,False,False,True,False,False
2024-07-31,590.4960524305899,595.3028736940264,585.548582962499,590.3554042259356,16205632,594.0179595355391,594.3906081620241,,33.40750461553665,-0.3603300094938504,-1.1428854186079707,0.7825554091141202,9653670.7,False,False,False,False,False,False,False,False,False
2024-08-01,570.2121752956922,574.0869875300492,567.8783005285869,571.7531127629439,1165045,592.5469550979955,593.4473791870624,,27.892835845751108,-2.2588819270384874,-1.366084720294074,-0.8927972067444134,9412163.45,True,False,False,False,False,True,False,False,False
2024-08-02,571.0074253540938,579.3180804521437,567.5362240857773,575.8468791838272,16205334,591.4597558134597,592.743359186933,,30.607578917746082,-3.3940408724284907,-1.7716759507209574,-1.6223649217075333,9837633.75,False,False,True,False,False,False,False,False,False
2024-08-05,585.7482748587324,590.3941091524935,581.4737080693242,586.1195423630852,7381105,591.4446323593954,592.4885970014004,,37.015654305739446,-3.4252601814691843,-2.102392796870603,-1.3228673845985814,9731938.25,False,False,False,False,False,False,False,False,False
2024-08-06,596.4964568830162,600.4899744118239,594.1683876264533,598.161905155261,11992520,592.0660601331647,592.6987195256174,,43.59179632162848,-2.4500411247153124,-2.171922462439545,-0.27811866227576765,9576189.05,False,False,False,False,False,False,True,False,False
2024-08-07,592.9627826415506,593.8372606118712,591.2829731251554,592.1574510954761,6959709,591.9659222372587,592.6793885102553,,41.277603513676674,-2.137047701831534,-2.1649475103179427,0.027899808486408606,9568635.05,False,False,False,False,True,False,False,False,False
2024-08-08,598.8662273077438,604.2576651209714,595.5481455876388,600.9395834008665,9691311,591.8489013321355,592.964222816828,,45.80900970675996,-1.1669021558165014,-1.9653384394176545,0.7984362836011532,9796774.6,False,False,False,False,False,False,True,False,False
2024-08-09,595.3021432890628,598.1826895358498,589.9157904891154,592.7963367359024,19031300,591.4595215573329,592.9586266141306,,42.53165250788874,-1.0431223063621928,-1.7808952128065623,0.7377729064443694,10503880.9,False,False,False,False,False,False,False,False,False
2024-08-12,602.6309278963379,604.27821933191,601.6279370276359,603.275228463208,10873915,592.2679125504254,593.2914202221654,,47.71545725324296,-0.09833337134830344,-1.4443828445149107,1.3460494731666073,10596606.9,False,False,False,False,False,False,True,False,False
2024-08-13,614.7773947993427,616.5223107701252,612.9074452437654,614.6523612145479,16791677,593.6794632258432,593.9589496281773,,52.703717341586454,1.5505840293689062,-0.8453894697381472,2.395973499107053,10676885.35,False,False,False,False,False,False,True,False,False
2024-08-14,624.02142067423,627.419572929087,619.7184024495374,623.1165547043945,10005960,595.564761550435,594.8425134183656,,56.062260442116354,3.5000067267918666,0.023689769567855512,3.476316957224011,10822671.15,False,False,False,False,False,False,True,False,False
2024-08-15,637.0081891793557,639.1888109727704,632.874322759788,635.0549445532027,16423869,598.0799504615359,596.025231981155,,60.34006353066828,5.939796272805438,1.2069110702153723,4.732885202590066,11517866.75,False,False,False,False,False,False,True,False,False
2024-08-16,619.1404609130043,626.3325097550837,615.2583898771461,622.4504387192255,19047977,600.0758269095525,596.780237887957,,54.32615525198575,6.778134667993982,2.3211557897710944,4.456978878222888,11800647.55,False,False,False,False,False,False,True,False,False
2024-08-19,620.3137913631086,624.3286486959869,616.7348772735775,620.7497346064557,13556997,601.4533007510088,597.4460572412486,,53.550617150707126,7.222040094909403,3.301332650798756,3.9207074441106466,11719963.0,False,False,False,False,False,False,True,False,False
2024-08-20,621.6429455426254,630.5262605961709,612.2067058582095,621.090020911755,11924999,602.8463301491877,598.0850832863974,,53.69305999757427,7.514672142118684,4.144000549062742,3.370671593055942,11746600.8,False,False,False,False,False,False,True,False,False
2024-08-21,628.3362162576282,628.9332359979403,628.2363939122199,628.833413652532,12296505,604.2957382130401,598.8942498749799,,56.92980879648106,8.276011518631208,4.970402742976436,3.305608775654772,12074022.9,False,False,False,False,False,False,True,False,False
2024-08-22,619.5363888435596,629.2324200351534,611.646600760124,621.3426319517177,15133816,605.1361813876945,599.469849415409,,53.065633642677724,8.180633726162796,5.612448939613708,2.5681847865490877,12427115.05,False,False,False,False,False,False,True,False,False
2024-08-23,610.546732457574,613.5051338936591,608.8460377419069,611.8044391779921,8156200,605.1939105609806,599.7782141594737,,48.547038239354364,7.2517994654853055,5.940319044788028,1.3114804206972774,12433361.45,False,False,False,False,False,False,True,False,False
2024-08-26,613.1106125624149,617.8658501314203,608.7424903603919,613.4977279293973,10730474,606.210731946205,600.112836446545,,49.371246471993786,6.576515891385952,6.067558414107613,0.5089574772783392,12352903.4,False,False,False,False,False,False,True,False,False
2024-08-27,605.6536699856825,611.9779981586903,602.5309586115212,608.855286784529,14886773,606.6426498796128,600.3209900260208,,47.14162477132742,5.60216432871016,5.974479597028123,-0.3723152683179629,12423055.9,False,False,False,False,False,True,True,False,False
2024-08-28,618.3642910818173,620.8912231662099,617.8265127773594,620.353444861752,12387559,608.1425519114035,600.7868610687123,,52.82417340089869,5.692173129597904,5.9180183035420795,-0.22584517394417514,12232152.25,False,False,False,False,False,False,True,False,False
2024-08-29,646.1020096194691,648.5177588155454,643.9763473456204,646.3920965416968,15045808,611.8745011003413,601.8233436930982,,62.62361888624976,7.774982174510114,6.289411077735687,1.4855710967744278,12926190.4,False,False,False,False,True,False,True,False,False
2024-08-30,640.6727325268872,644.7760693937312,637.6654383284964,641.7687751953404,12226335,615.1705959009169,602.7110199487037,,60.23127127119414,8.94939687808494,6.821408237805538,2.127988640279402,12727240.45,False,False,False,False,False,False,True,False,False
2024-09-02,640.1793606989094,641.4146268817036,640.1650759772511,641.4003421600454,13694662,617.9346358907649,603.5520921706893,,60.03444828617454,9.738144259801516,7.404755442204734,2.3333888175967816,13042918.3,False,False,False,False,False,False,True,False,False
2024-09-03,640.7796679414693,645.9792659397483,640.52478916814,645.7243871664191,6403134,620.3127599913229,604.4493750429389,,61.61963074555639,10.590070792882216,8.041818512340232,2.548252280541984,12763449.0,False,False,False,False,False,False,True,False,False
2024-09-04,638.5908661584353,647.9958312492935,637.0198117285554,646.4247768194135,3522054,623.0261262775197,605.3238625799488,,61.883350319459055,11.192721572681307,8.671999124408448,2.52072244827286,12591566.25,False,False,False,False,False,False,True,False,False
2024-09-05,655.040560958442,658.7824947356088,652.9660610661848,656.7079948433516,10209955,625.8145468496439,606.3725183404264,,65.61868643962373,12.357645170471415,9.409128333621041,2.9485168368503736,12617498.45,False,False,False,False,False,False,True,False,False
2024-09-06,655.3641934688993,659.2812674968748,652.9741079506049,656.8911819785803,3587376,629.0192891117779,607.3828916131895,,65.68320316570673,13.144119952513506,10.156126657399534,2.987993295113972,11845302.25,False,False,False,False,False,False,True,False,False
2024-09-09,663.0334757538219,664.2804729870776,659.8202824584355,661.0672796916912,8513009,631.908891673202,608.5465405528457,,67.19452364810914,13.943649357694767,10.913631197458582,3.0300181602361853,11727256.95,False,False,False,False,False,False,True,False,False
2024-09-10,663.2060916360674,664.7960352525185,658.196103744147,659.7860473605981,17734953,634.1655759805045,609.8829831994304,,66.23080168316358,14.308952730126293,11.592695503992125,2.716257226134168,11774420.75,False,False,False,False,False,False,True,False,False
2024-09-11,658.7323767191797,662.3520703186464,651.6681258550153,655.287819454482,8498545,635.7741392180089,611.0932186030095,,62.82403825482832,14.073261092311213,12.088808621655943,1.9844524706552704,11699050.0,False,False,False,False,False,False,True,False,False
2024-09-12,655.7859428569527,661.4772330822334,653.1482826572709,658.8395728825516,11845008,636.9633706344764,612.2465460303841,,64.38193380676606,14.01155411572313,12.473357720469382,1.5381963952537472,11470106.95,False,False,False,False,False,False,True,False,False
2024-09-13,653.3066691828617,658.1794976597395,649.9767316508841,654.8495601277618,10134999,638.5833267049031,613.3917199354485,,61.275383969999574,13.485240747749572,12.67573432592542,0.8095064218241514,11024458.05,False,False,False,False,False,False,True,False,False
2024-09-16,658.6899909702627,660.449826286875,654.1538339332254,655.9136692498378,6480555,640.3415234370723,614.781553091558,,61.80470691531263,13.004095209955722,12.741406502731481,0.26268870722424076,10670635.95,False,False,False,False,False,False,True,False,False
2024-09-17,654.7211572114558,656.0502653738964,652.0180208331725,653.3471289956132,18291456,641.9543788412651,616.1338286778725,,59.685614641217455,12.274196261661132,12.647964454517412,-0.3737681928562804,10988958.8,False,False,False,False,False,True,True,False,False
2024-09-18,650.7063542913189,652.2734449038978,647.4452246170271,649.012315229606,14911590,642.9633239201188,617.2308708021928,,56.18187677546011,11.216664121273993,12.361704387868729,-1.1450402665947355,11119713.05,False,False,False,False,False,False,True,False,False
2024-09-19,649.0987837789944,649.4726447370247,647.6311810818352,648.0050420398654,12967754,644.2964444245262,618.1253716129236,,55.368510261179054,10.179935789637852,11.925350668222555,-1.7454148785847021,11011409.95,False,False,False,False,False,False,True,False,False
2024-09-20,633.2638295665171,641.3440234204511,628.0104462698444,636.0906401237784,7039878,645.5107544718155,618.8355057707599,,46.74750118448188,8.30123696340172,11.200527927258388,-2.899290963856668,10955593.85,False,False,False,False,False,False,True,False,False
2024-09-23,643.6878838073418,647.1060048099914,640.3395417581434,643.757662760793,17286363,647.0237512133853,619.9685108539487,,51.9339800085833,7.346335278979609,10.429689397602633,-3.083354118623024,11283388.3,False,False,False,False,False,False,True,False,False
2024-09-24,652.4295815657512,654.4607656577728,644.6796609156445,646.7108450076661,12938767,648.9165291245422,621.1743007999781,,53.800439830141414,6.750055502855503,9.693762618653206,-2.9437071157977037,11185988.0,False,False,False,False,False,False,True,False,False
2024-09-25,647.6936315796966,651.2583532847041,640.9324024366764,644.4971241416839,12530275,650.1237130885388,622.3560315185607,,52.165210237963876,6.029367911137456,8.960883677150056,-2.9315157660126,11193123.8,False,False,False,False,False,False,True,False,False
2024-09-26,639.6656259866286,647.1023073684215,633.4045270668182,640.8412084486112,15459976,649.8461686838845,623.4778323609092,,49.48993896119063,5.104375891840959,8.189582120088238,-3.0852062282472783,11213832.2,False,False,False,False,False,False,True,False,False
2024-09-27,639.7732725760975,641.433983878941,638.7390561217142,640.3997674245577,11987067,649.7777182953454,624.6351695142225,,49.162086556343965,4.28628285039531,7.408922266149652,-3.1226394157543425,11201868.8,False,False,False,False,False,False,True,False,False
2024-09-30,630.528249154652,638.754699677329,626.4318160600799,634.6582665827568,4286635,649.440614516481,625.4643296903309,617.4577050027474,44.98769992667186,3.1384687724195146,6.554831567403625,-3.41636279498411,10731467.45,False,False,False,False,False,False,True,False,False
2024-10-01,635.6466215089205,637.9895300916096,632.9996548267364,635.3425634094256,5389832,648.9215233286312,626.306592299556,617.7246431879216,45.58078691700115,2.2580059935411327,5.695466452631127,-3.437460459089994,10680802.35,False,False,False,False,False,False,True,False,False
2024-10-02,634.2555368611404,635.5074100686398,633.3554335782052,634.6073067857046,5741909,648.3306498269458,627.0018333877604,617.972917652595,45.019176386016305,1.4837995159630282,4.8531330652975075,-3.3693335493344794,10791795.1,False,False,False,False,False,False,True,False,False
2024-10-03,630.5122020338532,639.2366256893409,623.7897686275873,632.514192283075,13786425,647.120959698932,627.5614418642493,618.1836607631816,43.38052360861215,0.6933459961012431,4.021175651458255,-3.3278296553570117,10970618.6,False,False,False,False,False,False,True,False,False
2024-10-04,635.008373239015,640.2314431808182,630.8798867843288,636.1029567261321,10981851,646.0815484363095,628.0705038845266,618.4396507055095,46.94620471748032,0.3524266298883276,3.2874258471442697,-2.934999217255942,11340342.35,False,False,False,False,False,False,True,False,False
2024-10-07,639.140632790326,645.7463822433027,630.5429322944779,637.1486817474546,15237535,644.8856185390977,628.9502515149775,618.7031581849735,47.97434282370582,0.16472796427262892,2.6628862705699414,-2.4981583062973125,11676568.65,False,False,False,False,False,False,True,False,False
2024-10-08,634.817965799596,636.1255842937455,633.1655758973603,634.4731943915099,7231062,643.6199758906433,629.6353768404801,618.9221864656198,45.542572024852205,-0.1976358273736878,2.0907818509812155,-2.2884176783549033,11151374.1,False,False,False,False,False,False,True,False,False
2024-10-09,634.3266071258746,635.4371566597594,632.3473085293662,633.4578580632509,7152269,642.5284778210818,630.4974259172265,619.1213052546285,44.618261381486654,-0.5602823133694983,1.560569018111073,-2.120851331480571,11084060.3,False,False,False,False,False,False,True,False,False
2024-10-10,640.6592773178887,646.9923883504179,634.9571108926974,641.2902219252265,16277606,641.6510102732155,631.8881681004721,619.4208852096366,52.60863726806021,-0.2132181146801031,1.205811591552838,-1.4190297062329411,11305690.2,False,False,False,False,False,False,True,False,False
2024-10-11,636.7552488194756,644.4352217093442,632.9793667708254,640.6593396606941,6934306,640.9414992498621,633.1844173100095,619.7040646023173,51.958363499342816,0.010801326036130376,0.9668095384494966,-0.9560082124133662,11145655.55,False,False,False,False,False,False,True,False,False
2024-10-14,638.7371750896849,639.6230995979441,638.509788344626,639.3957128528853,9895284,640.1156014300144,634.2499407198055,619.9631652371933,50.60902064984113,0.08538990231579646,0.7905256112227567,-0.7051357089069602,11316392.0,False,False,False,False,False,False,True,False,False
2024-10-15,633.775555633144,640.4036875628886,632.28328445662,638.9114163863646,9159858,639.393815799552,635.0649309444276,620.2092464209487,50.072308269553815,0.10422180489445054,0.6532648499570954,-0.5490430450626449,10859812.1,False,False,False,False,False,False,True,False,False
2024-10-16,642.2506515164462,643.479243431502,642.1058772673144,643.3344691823703,16502828,639.1099234971904,636.0884713061655,620.5057236358388,54.78817205757305,0.4706245521242636,0.6167367903905291,-0.14611223826626552,10939374.0,False,False,False,False,False,False,True,False,False
2024-10-17,647.5267083156366,649.0633350391839,646.5552686445386,648.0918953680859,9429909,639.1142661636013,637.0315175455098,620.8549156830824,59.246937566286654,1.1318387700152925,0.7197571863154818,0.41208158369981074,10762481.75,False,False,False,False,True,False,True,False,False
2024-10-18,661.8660213455514,663.1671053872594,656.1598953284155,657.4609793701235,5029825,640.1827831259186,638.3248103981942,621.3124914791704,66.29630087064649,2.38437696630308,1.0526811423130016,1.3316958239900782,10661979.1,False,False,False,False,False,False,True,False,False
2024-10-21,654.4362641764325,657.6978609999352,651.2203663676712,654.4819631911739,7603626,640.7189981474377,639.3489450927535,621.7219911299358,62.58907869019976,3.1008956076232153,1.4623240353750444,1.6385715722481708,10177842.25,False,False,False,False,False,False,True,False,False
2024-10-22,665.1641031059972,668.4798128127354,657.5848979201818,660.90060762692,9764864,641.4284862784003,640.273910021001,622.1997791359967,66.88572591100282,4.1389613857810446,1.9976515054562445,2.1413098803248003,10019147.1,False,False,False,False,False,False,True,False,False
2024-10-23,661.1361530498141,667.0666252197253,655.7118171823962,661.6422893523074,12935810,642.2857445389315,641.0444247139593,622.6749901024582,67.35232352641566,4.964258627265735,2.5909729298181428,2.3732856974475927,10039423.85,False,False,False,False,False,False,True,False,False
2024-10-24,653.8644135747053,659.9358035226069,649.8426588853483,655.9140488332499,11735330,643.0393865581634,641.4616067995603,623.0706931825868,60.2868944904931,5.097332622609315,3.092244868376377,2.005087754232938,9853191.55,False,False,False,False,False,False,True,False,False
2024-10-25,660.4607978453148,660.6954787530397,659.6474172632868,659.8820981710116,14999924,644.0135030954862,642.210239988596,623.5037685353917,63.169185217428655,5.460043163026398,3.5658045273063816,1.8942386357200167,10003834.4,False,False,False,False,False,False,True,False,False
2024-10-28,651.8467835449648,652.5417433040543,650.9071495814446,651.6021093405342,15662811,644.860695233375,642.8272874832776,623.8304934284747,54.31127447282941,5.02148344424927,3.85694031069496,1.1645431335543104,10572643.2,False,False,False,False,False,False,True,False,False
2024-10-29,637.453138790971,641.5370259029551,637.0924242230793,641.1763113350634,10422246,645.1523826296568,643.2290132917437,624.0298706457918,45.634076105268136,3.788970052243826,3.8433462590047336,-0.054376206760907486,10824263.9,False,False,False,False,False,True,False,False,False
2024-10-30,635.4070125681608,642.2775625789421,629.1440638510796,636.014613861861,5063328,645.2227479834647,643.3726372959303,624.1660609096108,42.051929292955755,2.3683871683119833,3.548354440866184,-1.1799672725542005,10790334.85,False,False,False,False,False,False,False,False,False
2024-10-31,644.3472226398355,645.0748250529911,640.6894661232686,641.4170685364242,8542576,645.6678917961322,643.7741260276244,624.3598924559795,46.76231578619805,1.6593697584351048,3.170557504379968,-1.5111877459448633,10528142.4,False,False,False,False,False,False,False,False,False
2024-11-01,653.4131933148494,654.5194893403791,651.2663211938508,652.3726172193805,17067138,646.4813748207946,644.5854895884522,624.6711449533506,54.7882651921905,1.9589084945403101,2.9282277024120367,-0.9693192078717265,10832406.75,False,False,False,False,False,False,True,False,False
2024-11-04,654.3052318951499,654.3888690439027,650.694545894668,650.7781830434208,12366849,647.1628498855929,645.3310986907326,624.958035481813,53.5235881719429,2.044074766688027,2.7513971152672347,-0.7073223485792077,10688872.45,False,False,False,False,False,False,True,False,False
2024-11-05,654.8503157676749,657.547814869807,651.732346979381,654.429846081513,9488271,648.1606824700931,646.2425898766722,625.278381249201,56.02707994533897,2.378806934324757,2.6768790790787396,-0.29807214475398247,10801732.9,False,False,False,False,False,False,True,False,False
2024-11-06,657.9384886545944,660.3821707010786,651.9723753736772,654.4160574201615,8599870,649.2085924379386,646.9238421278405,625.5916895951253,56.01481028501104,2.612852620492731,2.664073787361538,-0.05122116686880673,10874112.95,False,False,False,False,False,False,True,False,False
2024-11-07,659.9058084007696,666.242057083844,656.040271150741,662.3765198338153,5714461,650.262907333368,647.2435305936829,625.983017576388,61.285944708799086,3.4014682922776274,2.8115526883447557,0.5899156039328717,10345955.7,False,False,False,False,True,False,True,False,False
2024-11-08,667.4351271252078,671.2590104894707,664.6846339359646,668.5085173002275,14302331,651.6553662153448,647.7783254357805,626.4306544155863,64.78663363968782,4.469728593221475,3.1431878693200996,1.3265407239013758,10714356.95,False,False,False,False,False,False,True,False,False
2024-11-11,682.5562015847457,683.5395864076107,680.346035389384,681.329420212249,13253260,653.7520515833129,648.5769069968247,627.0025165593015,70.7433939734484,6.278497681321937,3.7702498317204673,2.50824784960147,10882255.75,False,True,False,False,False,False,True,False,False
2024-11-12,687.7557238923215,690.4697395140755,685.8411467169706,688.5551623387246,15879889,656.2342388809309,649.4335225002708,627.6370799178522,73.4675300233046,8.200487105947786,4.656297286565931,3.544189819381855,11218257.3,False,True,False,False,False,False,True,False,False
2024-11-13,687.9238119612305,690.143727894052,687.6261986952597,689.8461146280812,13733415,658.5598211532164,650.3019492564441,628.271865986324,73.93449405115138,9.715848380734997,5.668207505399744,4.047640875335253,11079786.65,False,True,False,False,False,False,True,False,False
2024-11-14,685.6787385374275,686.965813667579,680.7570171668402,682.0440922969917,7156343,660.2574309996618,650.8086712055169,628.8150197874419,66.33585592404881,10.169991776099778,6.568564359539751,3.6014274165600266,10966108.35,False,False,False,True,False,False,True,False,False
2024-11-15,672.2829291341504,673.4216646656203,670.6805907607546,671.8193262922244,13410020,660.9753483457667,651.1072340917898,629.2450628524897,57.93268518211859,9.59425393703259,7.17370227503832,2.4205516619942706,11385118.1,False,False,False,False,False,False,True,False,False
2024-11-18,675.1522172814219,677.2859176371674,674.0634610703735,676.1971614261189,15109994,662.061108257514,651.4098317264784,629.7099351155949,60.25422697676771,9.383070068820189,7.615575833794694,1.7674942350254943,11760436.5,False,False,False,False,False,False,True,False,False
2024-11-19,664.9713680241463,665.3770655062033,662.2483347108392,662.6540321928962,8211332,662.1487794858128,651.4671914231244,630.03291645949,50.89661708352506,8.030319463225055,7.6985245596807665,0.33179490354428864,11682759.9,False,False,False,False,False,False,True,False,False
2024-11-20,660.4064084456812,660.9096945214362,659.5487556670412,660.0520417427962,12941505,662.0692671053373,651.5624758688907,630.3243642777745,49.312081096124764,6.671392320790915,7.493098111902797,-0.8217057911118824,11683044.65,False,False,False,False,False,True,True,False,False
2024-11-21,649.3338433623345,657.3216681255095,646.7445915035237,654.7324162666987,12329910,662.0101854770097,651.4803327365736,630.5590570853603,46.148828228103405,5.106320962433983,7.0157426820090345,-1.9094217195750511,11712773.65,False,False,False,False,False,False,True,False,False
2024-11-22,646.8924814969008,650.5917502160619,645.5071674564549,649.206436175616,19102987,661.4764023772399,651.3674702575306,630.7366511719341,43.0588464913017,3.3811148372253683,6.288817113052302,-2.9077022758269333,11917926.8,False,False,False,False,False,False,False,False,False
2024-11-25,658.4384359374804,663.003020122126,654.3602600476471,658.9248442322927,6075782,661.8425391218277,651.4276937571798,631.0025775215603,49.467103541356835,2.7661840161589453,5.58429049367363,-2.818106477514685,11438575.35,False,False,False,False,False,False,True,False,False
2024-11-26,656.4054191694631,662.8390228635401,649.8048385944735,656.2384422885505,18946710,662.5956456695022,651.4855200230386,631.2384267249901,47.86356553799836,2.0385772746127486,4.875147849861454,-2.8365705752487056,11864798.55,False,False,False,False,False,False,True,False,False
2024-11-27,649.4100539417177,652.8407555328796,646.9122497951548,650.3429513863167,11016483,663.312062545725,651.5121327461727,631.4153204718541,44.45758394680649,0.9749877923160284,4.095115838352369,-3.1201280460363403,12162456.3,False,False,False,False,False,False,False,False,False
2024-11-28,651.7591119792621,652.4445833411276,644.7347965399825,645.420267901848,14787093,663.5122225139962,651.4604372634124,631.5438062280926,41.78388393697309,-0.2621124822310321,3.223670174235689,-3.485782656466721,12474682.15,False,False,False,False,False,False,False,False,False
2024-11-29,645.5441055245924,651.0527005651641,639.9686913082369,645.4772863488085,6400719,663.1674559704676,651.648170187913,631.6704742291902,41.82752371434844,-1.2238150721359489,2.334173124961361,-3.55798819709731,11941361.2,False,False,False,False,False,False,False,False,False
2024-12-02,636.9076274546192,650.9380397085955,629.6975582673457,643.727970521322,12129807,662.8149453443626,651.6475763431235,631.779100321912,40.81661075637014,-2.1028857134604095,1.446761357277007,-3.5496470707374166,11929509.1,False,False,False,False,False,False,False,False,False
2024-12-03,648.3185549426303,654.3485112579316,639.2763061961914,645.3062625114927,11649238,662.3587661658617,651.6194846932001,631.8998785557476,42.17453197965663,-2.6417481288040108,0.6290594600608036,-3.2708075888648143,12037557.45,False,False,False,False,False,False,False,False,False
2024-12-04,631.5033465834148,641.7100180839374,618.3863196317506,628.5929911322731,10396955,661.0676128514672,651.3014020330119,631.8706140652744,33.42787157919433,-4.367080807785442,-0.37016859350844544,-3.996912214276996,12127411.7,False,False,False,False,False,False,False,False,False
2024-12-05,626.8741316456629,639.1372581667856,617.5414887251101,629.8046152462327,14758155,659.439017622088,651.0806701689643,631.8524912686161,34.488589892652854,-5.57241610208132,-1.4106180952230205,-4.1617980068583,12579596.4,False,False,False,False,False,False,False,False,False
2024-12-06,631.640786225932,631.6860044996978,629.2761039631606,629.3213222369264,14280174,657.479657868923,650.8591012652117,631.8304811031231,34.2541411026757,-6.4918170872199426,-2.426857893622405,-4.064959193597538,12578488.55,False,False,False,False,False,False,False,False,False
2024-12-09,622.7615195189343,626.548661688623,619.6378438713931,623.4249860410819,11323779,654.5844361603647,650.6344356543782,631.7580199387951,31.445552106378386,-7.608527674250922,-3.4631918497481085,-4.145335824502814,12482014.5,False,False,False,False,False,False,False,False,False
2024-12-10,628.2948491537423,628.7040923048302,622.9417961941352,623.3510393452231,7374007,651.3242300106897,650.3946051730942,631.6861654038073,31.410768477563238,-8.402635389978968,-4.45108055779428,-3.951554832184688,12056720.4,False,False,False,False,False,False,False,False,False
2024-12-11,626.4315921393331,633.2926403091802,621.0676663498019,627.928714519649,13372725,648.228360005268,650.261033327773,631.6543225997043,36.12142830129697,-8.563872356877482,-5.273638917610921,-3.2902334392665615,12038685.9,False,False,False,False,False,False,False,False,False
2024-12-12,633.8506735134916,638.920712329416,628.1499230058604,633.2199618217848,9230193,645.7871534815076,650.2751487185473,631.6674792318227,41.15240489195856,-8.170509826990724,-5.853013099486882,-2.3174967275038423,12142378.4,False,False,False,False,False,False,False,False,False
2024-12-13,626.8761526861939,631.5054997796587,624.2819624165743,628.9113095100391,4863573,643.6417526423984,650.1313157742254,631.6445111508077,38.493787637649866,-8.112918743520822,-6.304994228293671,-1.8079245152271515,11715056.05,False,False,False,False,False,False,False,False,False
2024-12-16,630.2019318716632,634.3478694876599,627.5977538795604,631.7436914955571,12523505,641.4190791458702,650.0232159691874,631.6453308230784,41.183790181480994,-7.74939760812822,-6.593874904260581,-1.1555227038676392,11585731.6,False,False,False,False,False,False,False,False,False
2024-12-17,631.8383892039168,642.0350487572061,624.338513434163,634.5351729874524,17904076,640.0131361855981,650.0244555411062,631.669018053934,43.79290079945644,-7.153593094058351,-6.705818542220135,-0.4477745518382159,12070368.8,False,False,False,False,False,False,False,False,False
2024-12-18,630.6781362440792,640.1515137576523,626.2245792098709,635.697956723444,9532770,638.7954319346305,650.06925751431,631.701773652873,44.889576164355454,-6.512514580231596,-6.667157749822428,0.15464316959083213,11899932.05,False,False,False,False,True,False,False,False,False
2024-12-19,636.614697345145,641.8541549047713,631.3198952730538,636.5593528326801,11610703,637.8867787629295,649.9746401324593,631.7409476785167,45.734273602280055,-5.867313039827195,-6.507188807823381,0.6398757679961857,11863971.7,False,False,False,False,False,False,False,False,False
2024-12-20,631.4444322913552,633.6231537988538,630.7014748728823,632.8801963803809,11291765,637.0704667731677,649.819057266853,631.7500616681316,42.72229401605659,-5.588443253200012,-6.323439696898707,0.7349964436986953,11473410.6,False,False,False,False,False,False,False,False,False
2024-12-23,630.9333052491916,634.1828881787312,624.2906114065122,627.5401943360519,9981134,635.5012342783558,649.5819468965162,631.7166500226389,38.7348885508847,-5.732252634698511,-6.205202284458668,0.47294964976015663,11668678.2,False,False,False,False,False,False,False,False,False
2024-12-24,630.9293807923374,635.7940284047552,627.5073073210207,632.3719549334385,11493497,634.3079099106001,649.4511576674578,631.7218099038263,43.842224217986576,-5.394159394375038,-6.042993706441942,0.6488343120669047,11296017.55,False,False,False,False,False,False,False,False,False
2024-12-25,623.681472887805,625.0764025577037,621.2371936682929,622.6321233381916,11329465,632.9223685081939,649.0371107505741,631.6507967275322,37.12384062411484,-5.8447662490772245,-6.003348214968999,0.15858196589177442,11311666.65,False,False,False,False,False,False,False,False,False
2024-12-26,630.5130468144672,634.3835059790804,626.14688811412,630.0173472787332,9476925,632.1522224770381,648.6756197887871,631.6381343287044,44.11664807346511,-5.542064111503464,-5.911091394275893,0.3690272827724286,11046158.25,False,False,False,False,False,False,False,False,False
2024-12-27,633.1650036240322,642.8485633927673,627.0557500411733,636.7393098099084,6823888,631.7153236500931,648.2611863975828,631.6773741400982,49.60988139953182,-4.705521960074066,-5.669977507435528,0.964455547361462,11067316.7,False,False,False,False,False,False,False,False,False
2024-12-30,635.8177314080829,636.6359774308487,629.5973165734124,630.4155625961782,9128101,631.049703253836,647.7798583856829,631.667741990908,45.11677461584365,-4.500945727883391,-5.4361711515251,0.9352254236417092,10917231.4,False,False,False,False,False,False,False,False,False
2024-12-31,618.6783047895208,623.9736001440125,617.7016879787631,622.9969833332548,9158260,629.934239294924,647.0217858998096,631.6020544253198,40.48446212666317,-4.88116787203694,-5.325170495627468,0.4440026235905279,10792682.5,False,False,False,False,False,False,False,False,False
2025-01-01,618.3457992643241,623.2674441263634,613.5688489940411,618.4904938560804,6818271,629.4291144311144,646.158749989885,631.503471263145,37.936354858565,-5.482928907691985,-5.356722178040371,-0.12620672965161361,10613748.3,False,False,False,False,False,True,False,False,False
2025-01-02,616.1515327568802,620.5057209140871,615.3083819324133,619.6625700896202,8760687,628.9220121732839,645.4337204150124,631.4151063290142,39.01153009370942,-5.798411627450719,-5.445060067922441,-0.3533515595282779,10313874.9,False,False,False,False,False,False,False,False,False
2025-01-03,621.8108924729307,628.7690676634934,620.0036794539582,626.9618546445208,14687925,628.8040387936635,644.7753155444826,631.3821192794994,45.35990462070059,-5.397226823708934,-5.43549341907974,0.03826659537080612,10334262.45,False,False,False,False,True,False,False,False,False
2025-01-06,628.537572158814,628.7175936951922,624.0462392661539,624.2262608025321,10732547,628.844102531736,644.2277985737226,631.3295026730511,43.53108731008649,-5.239625397075997,-5.396319814678991,0.15669441760299385,10304700.85,False,False,False,False,False,False,False,False,False
2025-01-07,626.7228623120604,628.5440023753563,626.6798430970696,628.5009831603654,13188328,629.1015997224931,643.9742920102286,631.3088565452214,47.118976503025934,-4.71543417219948,-5.260142686183089,0.5447085139836094,10595416.9,False,False,False,False,False,False,False,False,False
2025-01-08,631.5476287805881,634.3379611380711,624.761599691166,627.5519320486491,9805798,629.0827605989432,643.8050383739644,631.2816324546664,46.413887542361444,-4.326713681026263,-5.073456885151724,0.7467432041254609,10417070.55,False,False,False,False,False,False,False,False,False
2025-01-09,619.0103904442255,621.4315324097857,615.8502282757544,618.2713702413146,11316743,628.3353310199196,643.3421244080622,631.1880334459373,40.09541467680745,-4.713183028059348,-5.001402113733248,0.28821908567390064,10521398.05,False,False,False,False,False,False,False,False,False
2025-01-10,615.4406997449993,617.5868049071107,614.3068558105374,616.4529609726488,15903134,627.7124135930501,642.6237312831275,631.0827829282711,38.97581832735928,-5.107319204254509,-5.022585531837501,-0.08473367241700824,11073376.1,False,False,False,False,False,True,False,False,False
2025-01-13,610.5382731652041,611.6496980000188,609.1251212873892,610.2365461222039,9376055,626.6370563243825,641.8128985447033,630.9349372771641,35.34254841674664,-5.853808627186481,-5.188830150907298,-0.6649784762791837,10916003.6,False,False,False,False,False,False,False,False,False
2025-01-14,607.7861915645996,608.2502065831976,606.7431786732789,607.2071936918769,12323363,625.2706573596037,640.8684454969106,630.7678404913522,33.69418896535693,-6.61361268657879,-5.473786658041596,-1.1398260285371942,10636967.95,False,False,False,False,False,False,False,False,False
2025-01-15,612.9565136756862,616.8279186282386,611.2020131200775,615.0734180726299,9894773,624.239430427063,640.0815927099599,630.6580892856268,41.34426504317903,-6.506026882947708,-5.680234703022819,-0.8257921799248891,10655068.1,False,False,False,False,False,False,False,False,False
2025-01-16,609.6814655975365,610.7605997309169,605.188475915833,606.2676100492133,6491153,622.7248432878896,638.9594145142678,630.4887109575963,36.29581277247998,-7.050050874757744,-5.954197937369805,-1.0958529373879395,10399090.6,False,False,False,False,False,False,False,False,False
2025-01-17,595.3274341642517,599.4059784961089,591.7239429079403,595.8024872397975,5456451,620.8709578308606,637.5052939130593,630.2494956216115,31.390164862006813,-8.230762649436883,-6.4095108797832205,-1.8212517696536628,10107324.9,False,False,False,False,False,False,False,False,False
2025-01-20,598.2854391075388,600.2300512452487,596.8176403757531,598.762252513463,9154416,619.432060739731,635.8539505590835,630.0338295729255,34.10287830038027,-8.825917235694419,-6.892792150965461,-1.9331250847289585,10065989.0,False,False,False,False,False,False,False,False,False
2025-01-21,594.7232326588988,599.0378582837304,594.0073525099652,598.3219781347968,12959009,617.7295618997989,634.049286875005,629.818102692394,33.88823500908504,-9.22674779090994,-7.359583278954357,-1.8671645119555826,10139264.6,False,False,False,False,False,False,False,False,False
2025-01-22,588.478712877901,590.391296844162,585.6903031241216,587.6028870903825,10817114,615.9781000874085,632.004422324251,629.5328647491372,29.08802964190474,-10.290724887104375,-7.945811600584362,-2.344913286520013,10113647.05,True,False,False,False,False,False,False,False,False
2025-01-23,585.61450592532,595.3238726953025,579.723088680719,589.4324554507015,10764319,613.9488554960069,630.1521895873252,629.2637344853893,30.8874924835724,-10.861103484871023,-8.528869977441694,-2.3322335074293292,10178016.75,False,False,True,False,False,False,False,False,False
2025-01-24,587.3293086186831,592.3143375725631,585.2640849270607,590.2491138809407,8519970,611.6243456995586,628.5207853390996,629.0036370146929,31.720388648559563,-11.119061503103808,-9.046908282574117,-2.0721532205296906,10262820.85,False,False,False,False,False,False,False,False,True
2025-01-27,590.5272426235287,593.9305221406638,586.9429017249316,590.3461812420668,7466375,609.620876631853,626.8037657354184,628.7476273738147,31.82555414725404,-11.186709146665066,-9.474868455392308,-1.7118406912727586,10179734.55,False,False,False,False,False,False,False,False,False
2025-01-28,589.8177842141681,593.9366782103148,585.4077570228301,589.5266510189766,13951717,607.9473600161391,625.3412181119401,628.489594634638,31.386017698325603,-11.177601202617325,-9.81541500483731,-1.362186197780014,10419407.4,False,False,False,False,False,False,False,False,False
2025-01-29,596.9573169959182,598.5885046380109,592.0922553433294,593.7234429854221,13803391,606.7090074726061,624.0146461367926,628.2623648852968,36.242141948795656,-10.708298454799433,-9.993991694829736,-0.7143067599696966,10768663.4,False,False,False,False,False,False,False,False,False
2025-01-30,595.4509837404784,602.4322525643385,588.5347716705459,595.516040494406,11080983,605.5016809928454,622.8303186213467,628.049726415226,38.25237967517317,-10.075579994056852,-10.01030935467516,-0.06527063938169242,10884678.2,False,False,False,False,False,False,False,False,False
2025-01-31,599.8262324539755,605.3290943326224,591.8763289864698,597.3791908651167,13260048,604.0225478038752,621.7937737151368,627.8518519923222,40.35723041786836,-9.316411597873639,-9.871529803314855,0.5551182054412163,10813284.35,False,False,False,False,True,False,False,False,False
2025-02-03,600.7995656806279,605.7812429855031,595.1060185207027,600.087695825578,5844968,602.8156195550275,620.6170307470024,627.6738766322788,43.3788922116715,-8.399388537375444,-9.577101550126974,1.1777130127515303,10568905.4,False,False,False,False,False,False,False,False,False
2025-02-04,598.0148861077628,601.4771533534322,594.4609152089309,597.9231824546004,8881251,601.2867295197392,619.4507255503235,627.4843817649052,41.56652142438436,-7.757871382392295,-9.213255516580038,1.4553841341877423,10353551.55,False,False,False,False,False,False,False,False,False
2025-02-05,598.1574056106042,600.5905895824533,596.6759320811323,599.1091160529813,6575218,599.8645887199558,618.4260488436568,627.3047914755892,42.972370498818634,-7.072245046481726,-8.785053422560376,1.7128083760786499,10192022.55,False,False,False,False,False,False,False,False,False
2025-02-06,594.0182397251713,600.8976877050486,590.725053058265,597.6045010381423,3612019,598.8312452597972,617.4697335063826,627.1179971961084,41.604737880360666,-6.574504299627506,-8.342943597973802,1.768439298346296,9806786.35,False,False,False,False,False,False,False,False,False
2025-02-07,604.4496419971597,609.4629189989492,602.668033436511,607.6813104383006,14736225,598.3926627330799,616.7138139881724,626.996517903872,52.50649896560904,-5.305765308778859,-7.735507940134814,2.4297426313559543,9748440.9,False,False,False,False,False,False,False,False,False
2025-02-10,607.9272911605117,612.6478514378143,600.2371919552276,604.9577522325302,11137887,598.1287230385961,615.9384096223966,626.8596311605718,49.800361561245595,-4.468538374428704,-7.082114026993592,2.6135756525648883,9836532.5,False,False,False,False,False,False,False,False,False
2025-02-11,598.3842234894583,598.5629419871976,597.8432525179268,598.021971015666,8229919,597.6694619047856,614.9927237924801,626.6816209127637,43.63305157592474,-4.314949524366398,-6.528681126468154,2.213731602101756,9631860.3,False,False,False,False,False,False,False,False,False
2025-02-12,590.2578287117501,597.7403834210205,583.8911156820544,591.3736703913248,4376211,596.4844745207204,614.2483373776612,626.4650077193807,38.68730653833893,-4.675791933531627,-6.158103287880849,1.4823113543492212,9355932.2,False,False,False,False,False,False,False,False,False
2025-02-13,599.1825512629869,604.3054687371758,595.3044472183618,600.4273646925508,10437614,596.1924622528873,613.6607923665874,626.3062416033634,47.42669901530162,-4.182985820574345,-5.763079794419548,1.5800939738452033,9553255.25,False,False,False,False,False,False,False,False,False
2025-02-14,601.7910278795974,603.1148331486904,599.3270770414304,600.6508823105233,5886473,596.4348820064235,613.0873835680594,626.1507545773462,47.625182323574684,-3.7313843457914118,-5.356740704693921,1.6253563589025095,9574756.35,False,False,False,False,False,False,False,False,False
2025-02-17,585.6917522346592,588.5747772607152,581.6513000863656,584.5343251124216,7492751,595.7234856363714,612.3095703494862,625.9000531950275,36.828545217834,-4.620693914447884,-5.209531346644715,0.588837432196831,9491673.1,False,False,False,False,False,False,False,False,False
2025-02-18,592.3364416618189,597.3987638951224,584.445556835243,589.5078790685466,7139678,595.282780683059,611.6327071439528,625.6821359846891,41.25448794649519,-4.868038202058187,-5.1412327177274095,0.27319451566922215,9200706.55,False,False,False,False,False,False,False,False,False
2025-02-19,579.1041407016802,584.6566128858336,574.1780490386225,579.7305212227759,6035560,594.8891623896786,610.6687432780152,625.4086144682492,35.92568854417448,-5.786310412787998,-5.270248256739528,-0.5160621560484699,8961628.85,False,False,False,False,False,True,False,False,False
2025-02-20,582.1515736061584,583.0612086062132,577.8730094860556,578.7826444861104,8034349,594.356671841449,609.5799969313018,625.1327211547455,35.4476524518941,-6.515427691780019,-5.519284143747626,-0.9961435480323928,8825130.35,False,False,False,False,False,False,False,False,False
2025-02-21,571.176100050602,574.4728727443131,567.4560104959517,570.7527831896628,20206101,593.3818553068852,608.4168264048942,624.8128391667155,31.610352184783522,-7.652982270857592,-5.946023769169619,-1.7069585016879731,9409436.9,False,False,False,False,False,False,False,False,False
2025-02-24,566.3977224693762,572.9710667599452,558.2370646354533,564.8104089260223,12223764,592.1050666910829,607.0781607535035,624.4619477617993,29.09982289973827,-8.931050816569268,-6.543029178649549,-2.388021637919719,9647306.35,True,False,False,False,False,False,False,False,False
2025-02-25,594.1549129283216,595.4445038690545,590.2950097726512,591.5846007133841,8327220,592.2079641758033,606.2191493080222,624.2708003952387,48.82217914341008,-7.694775251778196,-6.773378393275279,-0.9213968585029173,9366081.5,False,False,True,False,False,False,False,False,False
2025-02-26,595.6247295105824,598.6931075028443,595.3808208761766,598.4491988684385,7497906,592.444251969954,605.4741741509221,624.121542582945,52.47256902228994,-6.0908902669741565,-6.636880768015056,0.5459905010408992,9050807.25,False,False,False,False,True,False,False,False,False
2025-02-27,586.6460508542295,589.6490953645615,579.5889400708428,582.5919845811748,9461305,591.7980491742926,604.394826785892,623.8828669622452,44.56492514592875,-6.029836330092053,-6.515471880430455,0.48563555033840267,8969823.35,False,False,False,False,False,False,False,False,False
2025-02-28,598.9635001913329,603.131913114455,592.8636797987671,597.0320927218892,13726561,591.7806942671311,603.6778647127221,623.729433966586,51.702743196672785,-4.76136850700675,-6.164651205745715,1.4032826987389644,8993149.0,False,False,False,False,False,False,False,False,False
2025-03-03,586.3679438073561,587.0037394968991,586.1553788107976,586.7911745003406,9722431,591.1158682008694,602.8628843160079,623.5195574923459,47.0734954982434,-4.53023342104359,-5.83776764880529,1.3075342277616997,9187022.15,False,False,False,False,False,False,False,False,False
2025-03-04,593.6719840068262,595.897897573305,591.4055479881775,593.6314615546564,9558071,590.9012821558722,602.0880744484323,623.350698193263,50.27595327011953,-3.7518541622260955,-5.420584951489451,1.6687307892633552,9220863.15,False,False,False,False,False,False,False,False,False
2025-03-05,595.2741058970335,603.4389744684053,588.1895558221137,596.3544243934855,14471150,590.7635475728973,601.5625204695382,623.1990337337137,51.53316078385667,-2.8820402809983534,-4.912876017391231,2.030835736392878,9615659.75,False,False,False,False,False,False,False,False,False
2025-03-06,603.5826913283341,607.8377897002033,597.6351755461911,601.8902739180603,10935221,590.9778362168933,600.9999790023247,623.0799903827883,54.07538178535284,-1.7261121751586188,-4.275523248944709,2.54941107378609,9981819.85,False,False,False,False,False,False,True,False,False
2025-03-07,588.6000340558,590.1266686421908,584.3522218958675,585.8788564822582,6813799,589.8877135190911,599.9827699357717,622.8733174166741,46.48127313857391,-2.078063771728239,-3.836031353501415,1.7579675817731761,9585698.55,False,False,False,False,False,False,False,False,False
2025-03-10,588.9103596667323,591.3756725733713,585.3363229129712,587.8016358196102,11850846,589.0299076984452,599.1304914002403,622.6795512200054,47.435937012548834,-2.1767435794886296,-3.504173798698858,1.3274302192102283,9621346.5,False,False,False,False,False,False,False,False,False
2025-03-11,590.0927870967737,596.2431494256347,582.1880885064486,588.3384508353096,11112892,588.5457316894273,598.4373207502814,622.4908638552542,47.716345107243086,-2.18642777429352,-3.2406245938177904,1.0541968195242704,9765495.15,False,False,False,False,False,False,False,False,False
2025-03-12,590.2002705232223,597.2099300747575,585.4275117885769,592.4371713401121,9245251,588.5989067368666,597.9162542999621,622.3266360273027,49.913354424942234,-1.842135091500836,-2.9609266933544,1.1187916018535637,10008947.15,False,False,False,False,False,False,False,False,False
2025-03-13,584.899334211905,591.6322857696923,581.5151900591383,588.2481416169255,17523076,587.9899455830854,597.2879657305082,622.1414268185506,47.70689021090014,-1.885564732854732,-2.7458543012544663,0.8602895683997343,10363220.25,False,False,False,False,False,False,False,False,False
2025-03-14,583.4470303875353,589.6560811192811,578.8316815266107,585.0407322583566,11120061,587.2094380804771,596.4495432827848,621.9408825236306,46.029097796363054,-2.1539646031704933,-2.6274763616376715,0.4735117584671782,10624899.65,False,False,False,False,False,False,False,False,False
2025-03-17,586.9494601289969,587.9823371647933,585.0122611831384,586.0451382189349,17005998,587.2849787358027,595.6859208311129,621.7478946510248,46.661707429089,-2.2595792442757556,-2.5538969381652885,0.2943176938895329,11100562.0,False,False,False,False,False,False,False,False,False
2025-03-18,594.1138220396026,597.9622538520515,588.2430918064078,592.0915236188567,17367520,587.4141609633182,594.9577316402828,621.5893044316015,50.428562116455254,-1.8342428286888435,-2.4099661162699997,0.5757232875811562,11611954.1,False,False,False,False,False,False,False,False,False
2025-03-19,584.2446836232645,587.0159129697918,581.954713979745,584.7259433262723,15228586,587.6639320684931,594.1012118658352,621.3932227235944,46.15261886525052,-2.0676666537350457,-2.341506223763009,0.2738395700279632,12071605.4,False,False,False,False,False,False,False,False,False
2025-03-20,582.1636221365045,586.3912305340955,578.8294799984492,583.0570883960402,8513163,587.8776542639895,593.3969262289297,621.1903860340306,45.2170961914458,-2.360113443818477,-2.3452276677741026,-0.014885776044374577,12095546.1,False,False,False,False,False,True,False,False,False
2025-03-21,584.1092293635093,586.2517794117792,580.8968163611531,583.0393664094231,11901137,588.4919834249775,592.7286543376653,620.989591193901,45.20661674179273,-2.563756261832509,-2.388933386585784,-0.17482287524672513,11680297.9,False,False,False,False,False,False,False,False,False
2025-03-24,580.9632841489915,585.3913113408066,577.5087893684411,581.9368165602561,10497109,589.3483038066893,592.1626597464262,620.7851264052432,44.515396314502155,-2.7820415771692524,-2.467555024702478,-0.3144865524667746,11593965.15,False,False,False,False,False,False,False,False,False
2025-03-25,578.6964692638843,580.7269061069919,576.050619283235,578.0810561263427,9006784,588.6731265773371,591.5801369951155,620.5627093725406,42.091545307515474,-3.228940687022714,-2.6198321571665253,-0.6091085298561887,11627943.35,False,False,False,False,False,False,False,False,False
2025-03-26,585.073827541444,590.3265402698895,582.4564612857716,587.7091740142172,17486059,588.1361253346261,591.0328521139473,620.3924838007358,49.48774269742705,-2.7742232841768555,-2.6507103825685916,-0.12351290160826389,12127351.0,False,False,False,False,False,False,False,False,False
2025-03-27,593.9784184695237,601.2861480342164,589.1282567006264,596.435986265319,14746441,588.8283254188334,590.8362196382694,620.2689967000379,55.087081095714154,-1.6901921675097356,-2.4586067395568207,0.7684145720470852,12391607.8,False,False,False,False,True,False,True,False,False
2025-03-28,608.58009785871,614.0858275705066,599.532416934405,605.0381466462015,13350337,589.2286281150489,591.0209328263975,620.1908897766848,59.815686533846105,-0.13540636574839482,-1.9939666647951357,1.858560299046741,12372796.6,False,False,False,False,False,False,True,False,False
2025-03-31,612.5581732267553,615.7972698995948,610.9115266723378,614.1506233451772,14448589,590.5966005572908,591.3287002430318,620.1600720908098,64.12463857400046,1.8111949690627398,-1.232934338023561,3.0441293070863007,12609104.5,False,False,False,False,False,False,True,False,False
2025-04-01,607.0841750942946,619.5562722344274,600.5287049024847,613.0008020426176,7774506,591.5650675816888,591.6222767211882,620.1237306184839,63.20368840126873,3.2239459397894734,-0.341558282460954,3.5655042222504276,12519926.25,False,False,False,False,False,False,True,False,False
2025-04-02,605.9460731714804,608.4382320160483,603.1352185540301,605.627377398598,12820052,592.0287152319445,591.9827665273525,620.050516713333,57.500635179193964,3.7058685698698355,0.46792708800520394,3.2379414818646315,12437371.35,False,False,False,False,False,False,True,False,False
2025-04-03,605.7011398135115,608.6498422665766,599.1656680461394,602.1143704992045,1520148,592.0399200610017,592.2364048283225,619.9603853253222,54.95628541892077,3.760971292974091,1.1265359289989814,2.6344353639751095,11966617.7,False,False,False,False,False,False,True,False,False
2025-04-04,599.8721201172463,602.15439288176,598.5376591076832,600.819931872197,9868458,592.7869738304986,592.4478211881477,619.8646830580566,54.007977819557205,3.658022809001295,1.6328333049994441,2.025189504001851,12119350.65,False,False,False,False,False,False,True,False,False
2025-04-07,601.1274266892613,605.2631442946838,594.0220219483704,598.1577395537929,13737125,593.3047790172077,592.6040523543822,619.8410475922811,52.01985309159581,3.323309677252496,1.9709285794500546,1.3523810978024413,12213664.6,False,False,False,False,False,False,True,False,False
2025-04-08,602.933912228792,605.9366448816206,598.4795472744091,601.4822799272378,13176613,593.9619704718042,592.8431649325474,619.8836394167606,54.28313683058071,3.2884030690374857,2.234423477367541,1.0539795916699446,12316850.65,False,False,False,False,False,False,True,False,False
2025-04-09,600.2705329148777,600.7177027908675,598.9783716696195,599.4255415456093,11696028,594.311388982079,592.9572069037512,619.906886878111,52.62913573607718,3.059509609718816,2.3994407038377963,0.6600689058810199,12439389.5,False,False,False,False,False,False,True,False,False
2025-04-10,604.1750543872083,605.0847016535566,601.1313370787805,602.0409843451288,14129306,595.0010311184891,593.0877057807656,619.9112257922676,54.52662321604118,3.053950232610532,2.5303426095923434,0.5236076230181888,12269701.0,False,False,False,False,False,False,True,False,False
2025-04-11,593.8283578694776,594.8127582224115,590.6315321827973,591.6159325357312,21485284,595.3297911323579,592.972440614178,619.8813511305734,46.526672941929455,2.1831636790540188,2.4609068234846787,-0.27774314443065995,12787962.15,False,False,False,False,False,True,False,False,False
2025-04-14,588.8802641980602,595.350607083641,583.6487276169163,590.119070502497,9218146,595.5334877465359,592.7730681077163,619.8998364258641,45.494561942361806,1.3566363460772664,2.2400527280031963,-0.88341638192593,12398569.55,False,False,False,False,False,False,False,False,False
2025-04-15,592.7578199124854,595.7069902722907,589.1307972617885,592.0799676215938,13537783,595.5329099466728,592.6562038110562,619.9315695155727,47.148574612812666,0.8500367944584468,1.9620495412942467,-1.1120127468357999,12207082.7,False,False,False,False,False,False,False,False,False
2025-04-16,599.5685147151746,600.0698498210588,596.0672882300266,596.5686233359108,13007767,596.1250439471548,592.6053939567148,619.9436115871843,50.82707819061466,0.8015106865606185,1.729941770347521,-0.9284310837869025,12096041.75,False,False,False,False,False,False,True,False,False
2025-04-17,596.8149197964688,597.2115776645641,595.962538343028,596.3591962111233,15934340,596.7901493379089,592.5804878601743,619.9090075607232,50.64994710176095,0.7376511939332886,1.5314836550646747,-0.7938324611313861,12467100.6,False,False,False,False,False,False,True,False,False
2025-04-18,595.3133250408468,597.5246081289217,592.4635923403222,594.6748754283971,13882492,597.3719247888577,592.3203591599763,619.8794622767055,49.165924823594246,0.5448507746609721,1.3341570789839343,-0.7893063043229622,12566168.35,False,False,False,False,False,False,True,False,False
2025-04-21,603.1931936321232,606.0942722661185,601.6427055750814,604.5437842090768,18397839,598.5022731712986,592.3120797995073,619.966644154744,57.097709477499656,1.1748505679956907,1.3022957767862857,-0.12744520879059507,12961204.85,False,False,False,False,False,False,True,False,False
2025-04-22,609.169962884648,614.6125820275603,606.0924567195549,611.5350758624671,11843720,600.174974158105,592.5823418964433,620.0922127955254,61.66148470433785,2.212761414690817,1.484388904367192,0.7283725103236252,13103051.65,False,False,False,False,True,False,True,False,False
2025-04-23,626.1617173202026,628.356294744723,620.9648220108576,623.159399435378,14620374,601.947485429163,593.2180564773244,620.2809568516395,67.79562371299167,3.928019241539573,1.9731149718016683,1.9549042697379049,12959767.4,False,False,False,False,False,False,True,False,False
2025-04-24,620.444382986301,622.3480061299448,619.1733575854115,621.0769807290553,6865974,603.1795351523498,593.6310487980545,620.4625859236289,65.76559524700343,5.060999588092841,2.590691895059903,2.4703076930329377,12565744.05,False,False,False,False,False,False,True,False,False
2025-04-25,601.6890432774052,607.0268218275704,600.5619807219946,605.8997592721598,4080418,603.2226157836477,593.7360263372872,620.5794201711952,53.25052575518839,4.680268523012273,3.0086072206503776,1.6716613023618958,12102248.1,False,False,False,False,False,False,True,False,False
2025-04-28,604.4679377340949,606.0099372246162,599.6714271116899,601.2134266022113,8170100,602.5757559464994,594.069608367083,620.6194860153196,50.08142041674396,3.9548000564943777,3.197845787819178,0.7569542686751998,11788323.65,False,False,False,False,False,False,True,False,False
2025-04-29,613.071585347634,617.6254805952977,611.1463932093374,615.7002884570011,12561896,602.7107302672185,594.593456554852,620.7318402928638,58.33607402068697,4.496991234316965,3.4576748771187353,1.03931635719823,12027693.15,False,False,False,False,False,False,True,False,False
2025-04-30,616.2811867517239,620.161536574394,609.8435476546988,613.7238974773688,7205126,603.1155562711572,595.2733240799439,620.8012335183732,56.952405893659254,4.712876309913099,3.708715163677608,1.0041611462354911,11746946.85,False,False,False,False,False,False,True,False,False
2025-05-01,617.0165192540157,619.2420325934429,613.8371508979924,616.0626642374195,16888454,603.8129709580678,596.01892447497,620.8588779972671,58.215423703906716,5.0148773350717875,3.9699475979564443,1.0449297371153432,12515362.15,False,False,False,False,False,False,True,False,False
2025-05-02,610.9858913154837,612.1969078499247,607.0321789932299,608.2431955276709,8065187,604.1841341408415,596.7687327217303,620.8468446963441,52.65306184530281,4.570562943919072,4.09007066714897,0.48049227677010187,12425198.6,False,False,False,False,False,False,True,False,False
2025-05-05,617.3525725436327,620.1822276505328,615.9374365209416,618.7670916278416,9942897,605.214601744544,597.8478663757666,620.9748736533587,58.41235858332828,5.009880270021881,4.2740325877235525,0.7358476822983286,12235487.2,False,False,False,False,False,False,True,False,False
2025-05-06,623.1317003822553,628.408236495283,618.3088592657446,623.5853953787722,7851070,606.3197575171206,598.4878822690744,621.0917159896708,60.765499782187696,5.681348214820332,4.555495713142909,1.1258525016774232,11969210.05,False,False,False,False,False,False,True,False,False
2025-05-07,611.3289198859078,615.0100640178446,605.631390546464,609.3125346784008,7888857,606.8141071737602,598.7051489852736,621.1865016419331,51.474229622745376,5.004106597583586,4.645217890031045,0.3588887075525413,11778851.5,False,False,False,False,False,False,True,False,False
2025-05-08,596.25689954777,597.2910587657121,595.5091259001452,596.5432851180874,5181724,606.5392222124082,598.9841749960119,621.3104525037088,44.86481593893241,3.397847740548741,4.395743860134584,-0.9978961195858433,11331472.4,False,False,False,False,False,True,False,False,False
2025-05-09,574.5847974573844,578.2444998842853,570.3005349123624,573.9602373392634,7510481,605.6564374525849,598.5227378883594,621.3010192944861,36.048907857353534,0.2991642235861036,3.5764279328248882,-3.2772637092387846,10632732.25,False,False,False,False,False,False,False,False,False
2025-05-12,569.4282025674286,576.6474948518733,565.53212619021,572.7514184746547,8104897,604.7880548511928,598.2419427678457,621.2341786750438,35.64514633986647,-2.2284185464084203,2.4154586369782267,-4.643877183386647,10577069.8,False,False,False,False,False,False,False,False,False
2025-05-13,572.2399772500758,576.3315439265169,571.8104081063054,575.9019747827466,9009802,603.9791552092504,597.8873530324075,621.1228790231812,37.60661800790486,-3.931996925144176,1.1459675245537462,-5.077964449697922,10350670.75,False,False,False,False,False,False,False,False,False
2025-05-14,581.9478056029734,583.6386614059476,581.0852843224294,582.7761401254036,10959669,603.2895310487249,597.6157873470459,621.075972468331,41.77643448505745,-4.673533782287677,-0.017932736814538552,-4.655601045473139,10248265.85,False,False,False,False,False,False,False,False,False
2025-05-15,583.0543790117614,583.9431780955498,581.476483999811,582.3652830835994,12436444,602.5898353923487,597.2252875303567,620.9831009667446,41.59749711136103,-5.234025228885457,-1.0611512352287222,-4.172873993656735,10073371.05,False,False,False,False,False,False,False,False,False
2025-05-16,586.088577579169,591.6973548661329,578.1537755041095,583.7625527910733,6209982,602.0442192604826,597.1829614565329,620.9379320470204,42.499515484974324,-5.502046582417165,-1.9493303046664108,-3.552716277750754,9689745.55,False,False,False,False,False,False,False,False,False
2025-05-19,582.1469641100914,582.689688542275,581.6958931891236,582.2386176213072,17828817,600.9289609310941,597.0717010925669,620.8327489928109,41.742279887741034,-5.770900914739059,-2.7136444266809407,-3.057256488058118,9661294.45,False,False,False,False,False,False,False,False,False
2025-05-20,570.4360448238214,576.2401252182892,568.1909158806503,573.9949962751182,17599547,599.0519569517267,596.784832001363,620.6294621681137,37.81700234293754,-6.573387340445265,-3.4855930094338055,-3.0877943310114597,9949085.8,False,False,False,False,False,False,False,False,False
2025-05-21,571.2051904921775,574.4626484140135,567.5254084808292,570.7828664026653,13907700,596.4331303000911,596.3517459026141,620.3677937266051,36.38140255231829,-7.383443904935575,-4.26516318853416,-3.118280716401415,9913452.1,False,False,False,False,False,False,False,False,False
2025-05-22,576.2778781031229,582.067269383859,567.2573221912439,573.04671347198,8471338,594.0316169372372,596.0477173397152,620.057752571199,38.163094855735935,-7.753370006571686,-4.962804552141665,-2.7905654544300207,9993720.3,False,False,False,False,False,False,False,False,False
2025-05-23,581.6842544474273,583.7847110434402,576.6310130470413,578.7314696430542,16847556,592.673202455782,595.9215320874091,619.8391577258182,42.51661340993229,-7.501355833162961,-5.470514808345925,-2.030841024817036,10632077.2,False,False,False,False,False,False,False,False,False
2025-05-26,579.5734448753683,581.3855188365882,577.4073360553441,579.219410016564,8131515,591.5735016264996,595.7850175233617,619.6315061028687,42.888283372663224,-7.179499276244769,-5.812311701925694,-1.3671875743190753,10630147.95,False,False,False,False,False,False,False,False,False
2025-05-27,578.8418714893893,582.3107072319409,575.068190873325,578.5370266158766,8482291,589.7153385344434,595.5139275833021,619.4187411313892,42.47467288385567,-6.899949945651429,-6.029839350670841,-0.8701105949805878,10426167.7,False,False,False,False,False,False,False,False,False
2025-05-28,578.2153413590685,579.7925156846483,575.231253763685,576.8084280892648,10830869,587.8695650650382,595.355577278562,619.1586162035729,41.38585516093201,-6.740191806190978,-6.171909841774869,-0.5682819644161095,10607454.85,False,False,False,False,False,False,False,False,False
2025-05-29,577.6697905227204,580.4102082304457,575.9244965969008,578.6649143046261,6172926,585.9996775683985,595.2677337967336,618.9452276153374,43.07365413800062,-6.390118103608188,-6.2155514941415335,-0.17456660946665448,10071678.45,False,False,False,False,False,False,False,False,False
2025-05-30,575.5304224168036,581.2050033243008,571.828525158824,577.5031060663213,6928143,584.4626730953311,595.1570085898717,618.7737209497792,42.25366133716308,-6.135701835938335,-6.199581562500894,0.06387972656255947,10014826.25,False,False,False,False,True,False,False,False,False
2025-06-02,572.0149936900609,575.4395744973374,569.6270703611507,573.0516511684272,7307472,582.1769010723604,594.979305282035,618.5714905659743,39.176329855526504,-6.2215521384683825,-6.203975677694392,-0.017576460773990554,9883055.0,False,False,False,False,False,True,False,False,False
2025-06-03,577.7296021208609,580.4124466734186,576.6592411152554,579.3420856678131,15117536,579.9647355868124,595.0045258728645,618.4239245603908,45.2450444533571,-5.71611184974779,-6.106402912105072,0.3902910623572815,10246378.3,False,False,False,False,True,False,False,False,False
2025-06-04,581.5690399665303,587.8847298827562,574.4684924489046,580.7841823651305,7212954,578.5383179711488,594.8660260398827,618.2260782479076,46.56141294708906,-5.1399316949841705,-5.913108668680892,0.7731769736967218,10212583.15,False,False,False,False,False,False,False,False,False
2025-06-05,573.6124781193915,579.6349293540768,571.4016642034676,577.4241154381529,9237397,577.5823594871521,594.4857886233394,617.8812383423899,43.91242663160539,-4.897973303575213,-5.710081595659757,0.8121082920845435,10415366.8,False,False,False,False,False,False,False,False,False
2025-06-06,576.7401980522876,577.6107599780257,573.9872451997555,574.8578071254937,5211657,577.6272379764636,593.8821818329253,617.5466835020407,41.94940556147766,-4.857307155149897,-5.539526707557785,0.6822195524078882,10300425.6,False,False,False,False,False,False,False,False,False
2025-06-09,572.5750053691761,573.4310503707231,570.330722679463,571.18676768101,14601828,577.5490054367814,593.0229047196419,617.1956156296454,39.246660187954554,-5.062938736369119,-5.444209113320053,0.38127037695093335,10625272.15,False,False,False,False,False,False,False,False,False
2025-06-10,571.7534516689441,572.7026864907722,568.9175805074528,569.8668153292809,6979333,577.2472474641081,592.1602249853752,616.8163277704598,38.291372583876054,-5.271644137332828,-5.409696118122608,0.13805198078977998,10523748.7,False,False,False,False,False,False,False,False,False
2025-06-11,563.3386733728804,569.280986787606,562.1110050311694,568.053318445895,15444582,576.5111063801327,591.4087438063211,616.4244704785922,36.96027506263211,-5.519750466251708,-5.431706987748428,-0.08804347850327954,10747994.35,False,False,False,False,False,True,False,False,False
2025-06-12,562.0693189230429,567.7215269613137,559.9562364852609,565.6084445235316,7193197,575.6732644521293,590.6786252868077,615.9689727269931,35.18451280829939,-5.846265305037491,-5.5146186512062405,-0.3316466538312506,10485832.0,False,False,False,False,False,False,False,False,False
2025-06-13,569.0315027371316,575.4067052079796,565.3204052868999,571.6956077577479,11807161,575.069917200463,590.0961388045187,615.542994855889,42.581345570881936,-5.549871997025775,-5.521669320370148,-0.028202676655626924,10765690.95,False,False,False,False,False,False,False,False,False
2025-06-16,567.1567432727886,570.152229356985,563.6605374432818,566.6560235274782,12728020,574.2907874957716,589.4661044839924,615.0709385750679,38.648851747499094,-5.656426728524934,-5.548620802001105,-0.10780592652382914,10510651.1,False,False,False,False,False,False,False,False,False
2025-06-17,571.2058745923538,575.5218280822734,563.4621600438151,567.7781135337347,8924005,573.9799433587025,588.7920211561222,614.6108989059336,39.97801010690093,-5.585937623319751,-5.556084166264834,-0.02985345705491671,10076874.0,False,False,False,False,False,False,False,False,False
2025-06-18,563.5614345964603,575.8938938210284,554.2837225151238,566.6161817396919,9589881,573.7716091255537,588.135833960004,614.1675407173595,39.03493746997802,-5.559743423344003,-5.556816017680668,-0.0029274056633346035,9860983.05,False,False,False,False,False,False,False,False,False
2025-06-19,572.465111151858,572.696925629626,570.0494394454458,570.2812539232139,11369414,573.6333361481154,587.5006393515657,613.7247491225629,43.5578105718607,-5.183491571989862,-5.482151128542506,0.29865955655264464,10005886.85,False,False,False,False,True,False,False,False,False
2025-06-20,581.193307488796,583.1178942505136,575.3889839828175,577.3135707445351,10817119,573.5624412031896,587.2145921157417,613.3370691756468,51.06014825564211,-4.26865369048744,-5.2394516409314935,0.9707979504440534,9704365.0,False,False,False,False,False,False,False,False,False
2025-06-23,583.2088909834227,587.9297575115253,574.3290998643943,579.0499663924968,9606671,573.5539690219861,586.9932100335417,612.9527506613601,52.73087439864738,-3.3647388462765093,-4.864509082000497,1.4997702357239877,9778122.8,False,False,False,False,False,False,False,False,False
2025-06-24,579.6403357876261,580.706803183769,576.8872374314134,577.9537048275563,12762116,573.5248029325701,586.710684777661,612.5757835405198,51.5347052469838,-2.705649918285644,-4.432737249257526,1.727087330971882,9992114.05,False,False,False,False,False,False,False,False,False
2025-06-25,575.9265326329372,581.0651479727712,570.3056484676558,575.4442638074898,2521576,573.4565947184814,586.2881975870926,612.2079432834092,48.805454279971194,-2.3586194159814795,-4.017913682602317,1.6592942666208375,9576649.4,False,False,False,False,False,False,False,False,False
2025-06-26,578.6904580444194,581.6023560663363,578.6489363935866,581.5608344155035,2298635,573.6013907240251,585.9922303511802,611.8757222452874,55.05363944996581,-1.5719190090812845,-3.5287147478981105,1.956795738816826,9382934.85,False,False,False,False,False,False,False,False,False
2025-06-27,584.9235405412187,586.5725174298927,579.5458633614312,581.1948402501052,8915866,573.7859774332144,585.7226296476143,611.601243245919,54.62403887046535,-0.9668408002415845,-3.0163399583668054,2.049499158125221,9482321.0,False,False,False,False,False,False,False,False,False
2025-06-30,579.979918528249,584.1813130444978,577.295758311004,581.4971528272528,7452953,574.2082525161557,585.2616970199779,611.2899406962513,54.93683920697666,-0.45764244470876747,-2.504600455635198,2.0469580109264305,9489595.05,False,False,False,False,False,False,False,False,False
2025-07-01,583.5439439235116,584.953012293727,580.7738512660537,582.1829196362692,11088722,574.3502942145785,584.674653895454,610.9673010693944,55.683142335972605,0.0012224789459196472,-2.0034358687189746,2.0046583476648943,9288154.35,False,False,False,False,False,False,False,False,False
2025-07-02,570.3036535397528,577.8249812099712,562.3336802307654,569.8550079009838,11808521,573.8038354913712,583.608566064766,610.5940904881909,42.164376800413194,-0.6227050552384981,-1.7272897060228793,1.1045846507843813,9517932.7,False,False,False,False,False,False,False,False,False
2025-07-03,561.7300778345906,566.6261047788139,559.2063867375149,564.1024136817382,10868885,573.1377504035504,582.4690747238196,610.2103965143565,37.57954201109269,-1.5633372199639552,-1.6944992088110946,0.13116198884713937,9599507.1,False,False,False,False,False,False,False,False,False
2025-07-04,558.3056739563526,558.5511710163918,555.7176799104554,555.9631769704946,12723058,572.1930188958005,581.4703430777863,609.7882135620862,32.23816808153862,-2.931767773623392,-1.941952921773554,-0.9898148518498378,9975077.15,False,False,False,False,False,True,False,False,False
2025-07-07,568.3824579442847,571.0615327924811,565.9780263540472,568.6571012022436,5072989,572.0665355718622,580.8192165697869,609.4582077351836,45.297126656207595,-2.9578687783895248,-2.1451360930967485,-0.8127326852927763,9498635.2,False,False,False,False,False,False,False,False,False
2025-07-08,565.1970850433898,569.0072478287892,559.7199973308933,563.5301601162927,15233899,571.7497028112127,579.7758140029729,609.0991457187179,41.79378704304914,-3.353597130536855,-2.38682830058477,-0.9667688299520849,9911363.5,False,False,False,False,False,False,False,False,False
2025-07-09,565.7753631341083,568.7910087352329,562.9412323715298,565.9568779726545,17105196,571.6448807875507,578.8204736128786,608.7558935746526,44.001456059393554,-3.4318387497398817,-2.5958303904157924,-0.8360083593240892,9994394.2,False,False,False,False,False,False,False,False,False
2025-07-10,571.1221536887464,576.4060507723062,566.3358870764248,571.6197841599846,7720360,571.9454477693733,577.9316160113299,608.4514215340372,48.874567860166636,-3.0022880860265104,-2.677121929537936,-0.3251661564885744,10020752.35,False,False,False,False,False,False,False,False,False
2025-07-11,570.2333020767676,572.5332531167782,567.8451478972033,570.1450989372139,13587388,571.8679223283467,577.1696540795207,608.1216322450927,47.71021226642302,-2.7491701412183147,-2.691531571874012,-0.05763856934430267,10109763.7,False,False,False,False,False,False,False,False,False
2025-07-14,572.1373413600643,577.3698265929002,564.0840445406664,569.3165297735022,5142773,572.0009476406478,576.1806428424339,607.7824714852228,47.032239138941776,-2.5856254722633594,-2.670350351951882,0.08472487968852249,9730501.35,False,False,False,False,True,False,False,False,False
2025-07-15,566.5240238295088,571.210997729003,566.1781065864435,570.8650804859377,6677245,572.1552959882581,575.1262365445773,607.4644309156951,48.50505047286458,-2.304495256309224,-2.5971793328233503,0.29268407651412653,9618163.35,False,False,False,False,False,False,False,False,False
2025-07-16,564.1777982245817,564.2345431625205,560.3342024398245,560.3909473777633,6835067,571.8440342701616,574.1478047985645,607.0990963622676,40.335466715032716,-2.893517867751484,-2.6564470398089775,-0.23707082794250667,9480422.65,False,False,False,False,False,True,False,False,False
2025-07-17,560.6734457831512,563.66581372695,556.0074313358081,558.9997992796068,10229354,571.2799615379812,573.3969350817948,606.6876442490394,39.386608085939955,-3.433003034201761,-2.811758238687534,-0.6212447955142268,9423419.65,False,False,False,False,False,False,False,False,False
2025-07-18,560.343014328619,563.5966192513587,557.8590066113835,561.1126115341232,9960416,570.4699135774606,573.1399825656921,606.2899106084067,41.63234508355053,-3.648010628248926,-2.9790087165998123,-0.6690019116491137,9380584.5,False,False,False,False,False,False,False,False,False
2025-07-21,561.9770102397883,562.5774120140795,561.4632287630715,562.0636305373627,7262840,569.6205967847039,572.9262268069463,605.903250196829,42.66212605595638,-3.6990263369648346,-3.123012240672817,-0.5760140962920177,9263392.95,False,False,False,False,False,False,False,False,False
2025-07-22,572.2030977513563,574.6217061773291,571.5231011674288,573.9417095934016,5141394,569.4199970229962,572.8870215031593,605.5784016628642,53.65921431962532,-2.7493026930329734,-3.0482703311448485,0.2989676381118751,8882356.85,False,False,False,False,True,False,True,False,False
2025-07-23,567.116723919811,567.2423956621606,564.2760759227959,564.4017476651455,16368873,568.867871215879,572.5195336539541,605.1837380552781,46.02423572097355,-2.7349087361604916,-2.9855980121479773,0.2506892759874857,9574721.7,False,False,False,False,False,False,False,False,False
2025-07-24,573.9520103113791,581.7495180370233,570.7318515450575,578.5293592707017,6845367,568.7162974586389,572.4428151776962,604.8359253747911,56.007057434442125,-1.5654754084108617,-2.7015734914005542,1.1360980829896925,9802058.3,False,False,False,False,False,False,True,False,False
2025-07-25,579.0206205377401,579.5156696083931,576.7723914609688,577.2674405316218,13646287,568.5199274727147,572.3129129325072,604.4349576805986,55.02805005767029,-0.7320784224548333,-2.3076744776114104,1.575596055156577,10038579.35,False,False,False,False,False,False,True,False,False
2025-07-28,575.298334441459,580.752222719624,572.2246688239426,577.6785571021076,15651161,568.3289976864575,572.2217117221232,604.0509406501534,55.30217457441044,-0.03799366803502835,-1.853738315696134,1.8157446476611057,10448489.75,False,False,False,False,False,False,True,False,False
2025-07-29,579.5863505784089,581.8625928955846,576.9934182206306,579.2696605378063,13784277,568.1833347315344,572.327205007377,603.6427859147077,56.40960159019788,0.6331635352046305,-1.356357945515981,1.9895214807206116,10583267.5,False,False,False,False,False,False,True,False,False
2025-07-30,579.6364289606857,579.989267368414,577.8961560868903,578.2489944946185,9998945,568.603034061216,572.476527569216,603.2258194404193,55.460350155060844,1.0703627589676898,-0.8710138046192468,1.9413765635869367,10492788.7,False,False,False,False,False,False,True,False,False
2025-07-31,578.056794565894,578.8989622642783,577.9010594508704,578.7432271492547,15246230,569.3350747345919,572.5904578427616,602.8399653319993,55.847797824777146,1.4401258638929448,-0.4087858709168085,1.8489117348097532,10711655.95,False,False,False,False,False,False,True,False,False
2025-08-01,576.1252717701609,585.7956384427188,569.6487097764759,579.3190764490338,1597642,570.5028697085188,572.6022099788811,602.4371502233895,56.32452073548865,1.7593513077467833,0.024841564815909878,1.7345097429308733,10155385.15,False,False,False,False,False,False,True,False,False
2025-08-04,583.2934326782603,584.6482401645441,580.1934680631452,581.548275549429,10981291,571.1474284258782,572.6487872895384,602.0868810544339,58.205804566763646,2.1672349733873943,0.4533202465302068,1.7139147268571875,10450800.25,False,False,False,False,False,False,True,False,False
2025-08-05,577.699394800065,580.3352736322357,574.9124930797212,577.548371911892,10360886,571.8483390156581,572.6290141954587,601.768741357318,53.733350222300885,2.143023481383466,0.7912608935008587,1.3517625878826072,10207149.6,False,False,False,False,False,False,True,False,False
2025-08-06,579.0187425458977,580.51057752849,577.1666367081438,578.6584716907361,13772531,572.4834187015621,572.6660150674882,601.4819606464624,54.77203516448492,2.188187411813715,1.07064619716343,1.1175412146502848,10040516.35,False,False,False,False,False,False,True,False,False
2025-08-07,579.8103680542978,584.343602525296,576.8654505261941,581.3986849971923,10774853,572.9723637434225,572.7206904813395,601.1818687287663,57.319190710695096,2.417228163385971,1.3399625904079384,1.0772655729780327,10193241.0,False,False,False,False,False,False,True,False,False
2025-08-08,578.0118570754579,585.94626299328,572.4807424875202,580.4151484053423,13454367,573.485866216829,572.7789313281198,600.822081384696,56.09799135450752,2.490670526511394,1.5701041776286297,0.9205663488827645,10186589.95,False,False,False,False,False,False,True,False,False
2025-08-11,577.448903111801,578.4492101770679,577.1653718466412,578.1656789119081,6226950,573.9283236737492,572.8812118829895,600.4590188640385,53.30096928912872,2.3403822699223156,1.724159796087367,0.6162224738349487,10240798.8,False,False,False,False,False,False,True,False,False
2025-08-12,577.1526474842263,577.7265608538426,575.1171732867865,575.6910866564027,13440109,574.1696239822725,572.8081919027613,600.0653250669129,50.32815476583534,1.9985606665154592,1.7790399701729855,0.21952069634247362,10578942.0,False,False,False,False,False,False,True,False,False
2025-08-13,572.8165855743681,578.8309177878378,569.5993150187564,575.6136472322262,7201735,574.9307589749956,572.7047812001032,599.6713130159734,50.23373317558641,1.7017985939231721,1.763591694923023,-0.061793100999850914,10597275.4,False,False,False,False,False,True,True,False,False
2025-08-14,573.3742131589038,575.0038074561111,572.6901251782457,574.319719475453,7268827,575.696754984788,572.6426932808492,599.2310290141814,48.59326072016292,1.346679672190362,1.680209290376491,-0.3335296181861289,10449249.05,False,False,False,False,False,False,True,False,False
2025-08-15,572.1544050960015,574.6035240119729,567.2909356099943,569.7400545259658,3530961,576.1281271343801,572.5403382288587,598.7371867003101,43.21417930137824,0.6877764221877669,1.4817227167387461,-0.7939462945509792,10127776.3,False,False,False,False,False,False,False,False,False
2025-08-18,564.8220696855606,572.7386093812584,561.043745748482,568.9602854441798,16219646,576.472959879721,572.4958085841221,598.1753410264698,42.35447642115636,0.10149997281610013,1.205678167954217,-1.1041781951381169,10575616.6,False,False,False,False,False,False,False,False,False
2025-08-19,567.0972474977045,568.3870379413906,564.4494826109516,565.7392730546377,5434704,576.0628380527827,572.4132577386292,597.5612615800493,38.91093838694089,-0.6159369798212992,0.8413551383991138,-1.457292118220413,10590282.1,False,False,False,False,False,False,False,False,False
2025-08-20,557.2454919565695,557.9590886063077,556.6888089021745,557.4024055519127,17220451,575.712870947121,572.2002394807495,596.8990430346686,31.722046511098043,-1.836061493018633,0.30587181211556447,-2.1419333051341973,10632861.0,False,False,False,False,False,False,False,False,False
2025-08-21,558.004384907745,559.1939282390344,554.3662910875457,555.5558344188352,9930036,574.5641947045277,571.9991872786557,596.2666017452779,30.383079541010744,-2.9183805439683965,-0.3389786591012278,-2.5794018848671687,10787094.45,False,False,False,False,False,False,False,False,False
2025-08-22,555.4171680834853,558.7459414152429,552.0296011701158,555.3583745018734,10046874,573.4687414030403,571.6724426135381,595.684296986326,30.23610837120671,-3.748845200692699,-1.020951967419522,-2.727893233273177,10607123.8,False,False,False,False,False,False,False,False,False
2025-08-25,555.29645152358,558.6718678827518,548.7415538765385,552.1169702357104,8714975,572.1906620597205,571.3816615477028,595.063896030374,27.854175081500088,-4.615345825333748,-1.7398307390023673,-2.8755150863313803,10260314.5,True,False,False,False,False,False,False,False,False
2025-08-26,559.6076263644735,559.7721848790123,554.0799686146562,554.244527129195,10211288,570.93940538929,571.110989819612,594.5218485050555,31.659689028906016,-5.0719119092577785,-2.4062469730534497,-2.6656649362043288,10081665.05,False,False,True,False,False,False,False,False,False
2025-08-27,557.4273970127689,561.4982244784995,547.8933974724592,551.9642249381899,11688411,569.6251669114686,570.8179506835819,593.9814094210325,29.8427637758535,-5.55372526193662,-3.035742630830084,-2.517982631106536,10166138.35,True,False,False,False,False,False,False,False,False
2025-08-28,548.0403321737723,548.205643790737,547.081336925718,547.2466485426827,7680878,568.0503379811398,570.3572585759713,593.4439805824123,26.459586950330404,-6.244254920093567,-3.677445088682781,-2.566809831410786,9787870.75,True,False,False,False,False,False,False,False,False
2025-08-29,551.4212454389451,557.8272636056231,547.9805424361637,554.3865606028417,12356169,566.8037121888303,569.8987183731374,592.9698812045485,37.928817425285885,-6.144542950373761,-4.170864661020977,-1.973678289352784,10325797.1,False,False,True,False,False,False,False,False,False
2025-09-01,544.7693661605067,548.7139365219376,544.0527962971663,547.9973666585972,14372450,565.1261667442888,569.2776663784595,592.41524381668,32.973106429077205,-6.506077044289441,-4.63790713767467,-1.8681699066147708,10495355.05,False,False,False,False,False,False,False,False,False
2025-09-02,547.941494898578,554.1295164291769,545.8014665686086,551.9894880992075,11788633,563.8482225536545,568.7583820438925,591.8939990457333,38.389769922120024,-6.396727093612981,-4.989671128862333,-1.407055964750648,10566742.4,False,False,False,False,False,False,False,False,False
2025-09-03,551.1241054515239,552.3516637847299,545.6017986158648,546.8293569490709,10524926,562.2567668165713,568.1860839067241,591.3764310735471,34.507883966738575,-6.6497912742207745,-5.3216951579340215,-1.328096116286753,10404362.15,False,False,False,False,False,False,False,False,False
2025-09-04,541.2481714684902,545.413581482774,538.1734730983862,542.33888311267,15278976,560.3037767223451,567.4016448806674,590.8610241496011,31.520842863395075,-7.130494271341831,-5.6834549806155845,-1.4470392907262468,10629568.3,False,False,False,False,False,False,False,False,False
2025-09-05,539.8711419745975,542.5986240098401,539.7925389256638,542.5200209609064,1938131,558.4090203501233,566.6281484948835,590.3462378226617,31.77738161134016,-7.411404491775784,-6.029044882847624,-1.3823596089281596,10053756.5,False,False,False,False,False,False,False,False,False
2025-09-08,539.7643448320531,542.9825413466058,538.6955110163899,541.9137075309426,6823387,556.596421781075,565.8364795889572,589.8371665077098,31.35397287967986,-7.595397280069733,-6.342315362292046,-1.2530819177776866,10083578.35,False,False,False,False,False,False,False,False,False
2025-09-09,536.8069940875009,541.3069036827125,532.5445261196328,537.0444357148443,12004142,554.6640892339972,564.9337099105287,589.2958573737264,28.114170708648146,-8.041425879817098,-6.682137465797057,-1.3592884140200407,10011780.0,True,False,False,False,False,False,False,False,False
2025-09-10,530.6319037023495,535.7456078042351,528.3500589208273,533.4637630227129,16262856,552.5565950235215,564.2058850129633,588.8202112331787,25.98761109639402,-8.584876013124699,-7.062685175262586,-1.5221908378621132,10464836.05,True,False,False,False,False,False,False,False,False
2025-09-11,529.8465695597376,534.7434691696733,528.6631408952207,533.5600405051564,8206791,550.5186110750067,563.5950375494317,588.3389883594733,26.1493637112373,-8.905142432209118,-7.431176626651893,-1.4739658055572251,10511734.25,True,False,False,False,False,False,False,False,False
2025-09-12,534.9463443219424,541.7782232049218,532.6747155452542,539.5065944282336,534069,549.00693807012,563.2659058985865,587.8899147204298,35.52241455600753,-8.580211337261062,-7.660983568773727,-0.9192277684873353,10361889.65,False,False,True,False,False,False,False,False,False
2025-09-15,534.9487264860715,538.1525845489998,533.5839916314851,536.7878496944135,11859199,547.3983162826316,562.6285208684299,587.4567290386965,33.433157485909405,-8.444735428677518,-7.8177339407544855,-0.6270014879230326,10143867.3,False,False,False,False,False,False,False,False,False
2025-09-16,533.3845636633365,535.6931772605616,532.3432393650683,534.6518529622933,12577331,545.8439452780145,562.0509547253499,587.013233106782,31.84829208659663,-8.412749935584088,-7.936737139720406,-0.4760127958636824,10500998.65,False,False,False,False,False,False,False,False,False
2025-09-17,533.8592780303283,535.2652267857814,530.1954697505346,531.6014185059877,11767685,544.5538959257183,561.3638455360166,586.5315966267136,29.684151700616866,-8.535157782973101,-8.056421268370945,-0.47873651460215605,10228360.35,True,False,False,False,False,False,False,False,False
2025-09-18,536.5958877369743,540.6635675884949,535.1709119233111,539.2385917748317,7164508,543.7380337935181,560.7162216883136,586.0616897764788,40.572084008485916,-7.924561416512802,-8.030049297999318,0.10548788148651589,10090083.95,False,False,True,False,True,False,False,False,False
2025-09-19,528.0152545069955,532.2802054284273,525.0790753056735,529.3440262271054,7516120,542.4373163797796,559.9002002341114,585.5638533600642,33.364010454916155,-8.145175629885216,-8.053074564376498,-0.092101065508718,9963546.25,False,False,False,False,False,True,False,False,False
2025-09-22,541.5014612199866,546.7724784308722,537.0914413942008,542.3624586050864,13709814,541.9495907982484,559.3611188107429,585.1169471956118,46.764973590837876,-7.1866915830886455,-7.879797968118928,0.6931063850302825,10213288.2,False,False,False,False,True,False,False,False,False
2025-09-23,547.8186639700358,547.9676691265303,545.8659748946452,546.0149800511397,10671237,541.5381134443458,558.864116802047,584.6743462309303,49.814445615575174,-6.062473692231379,-7.516333112941419,1.4538594207100406,10236285.65,False,False,False,False,False,False,False,False,False
2025-09-24,546.9226561169917,554.465454011141,541.6968597880067,549.239657682156,9725767,541.4018850815439,558.6410910081349,584.2420547357237,52.40655053395695,-4.855348938889165,-6.984136278130969,2.1287873392418044,10138153.45,False,False,False,False,False,False,False,False,False
2025-09-25,545.7684203651958,548.9950679978441,544.2740393948184,547.5006870274667,8242190,541.4145870057832,558.4111087630921,583.7967614066977,50.88033986430399,-3.9929856209593027,-6.3859061466966365,2.392920525737334,10166219.05,False,False,False,False,False,False,False,False,False
2025-09-26,545.5030660507181,548.7176707642132,544.2064292701065,547.4210339836015,10749571,541.0663106748211,558.1372772120817,583.3694655947138,50.80735206343609,-3.278194824132129,-5.764363882183735,2.4861690580516065,10085889.15,False,False,False,False,False,False,False,False,False
2025-09-29,555.7999562637998,560.0505419378121,550.911557475749,555.1621431497613,2258141,541.4245494993794,557.9992474643296,583.0075753387823,57.22885454741107,-2.063290821065266,-5.024149269960041,2.9608584488947756,9480173.7,False,False,False,False,False,False,False,False,False
2025-09-30,561.4468228870521,566.6341081019647,557.7496979383847,562.9369831532972,11085468,541.9719242520839,557.7791529355276,582.6604004798817,62.52063300280874,-0.46771451272718423,-4.1128623185134705,3.6451478057862863,9445015.45,False,False,False,False,False,False,True,False,False
2025-10-01,566.6717405940293,570.421123833448,565.7169918927063,569.466375132125,11323322,543.1037751612366,557.8804454848672,582.3945717388514,66.2923977523501,1.3085741432587383,-3.0285750261590287,4.337149169417767,9484935.25,False,False,False,False,False,False,True,False,False
2025-10-02,578.3271618406058,582.7212620898395,575.138950540784,579.5330507900177,6603746,544.9634835451039,557.9005193152535,582.1421502564077,71.11824858623538,3.4883804174584156,-1.7251839374355398,5.213564354893956,9051173.75,False,True,False,False,False,False,True,False,False
2025-10-03,577.2696452803947,577.7417069602883,575.4683961713058,575.9404578511994,12524366,546.6345053896187,557.8739796616451,581.8381559966142,67.40912469047618,4.869863612467498,-0.4061744274549324,5.27603803992243,9580485.5,False,False,False,True,False,False,True,False,False
2025-10-06,569.0438380203946,570.728889539998,567.3090282850599,568.9940798046633,8595347,547.9885240033046,557.7002901156961,581.5310485826566,60.80569399834179,5.342598196155791,0.7435800972672123,4.599018098888578,9669083.5,False,False,False,False,False,False,True,False,False
2025-10-07,566.5740495319432,569.6463082483166,560.1112704033017,563.1835291196751,12601693,549.2954786735461,557.3785674873336,581.2319813115887,55.87495844418297,5.188570271796721,1.6325781321731139,3.5559921396236067,9698961.05,False,False,False,False,False,False,True,False,False
2025-10-08,564.6838252686604,566.0274055684664,563.783289031714,565.1268693315201,11731769,550.8786339889866,557.1161249840715,580.9651631889659,57.12713675438472,5.163788407539528,2.3388201872463967,2.824968220293131,9472406.7,False,False,False,False,False,False,True,False,False
2025-10-09,564.0789742257382,568.200843499284,562.5949886828289,566.7168579563747,13374629,552.5364748615474,556.875597600214,580.7004346282997,58.172982915399515,5.212362524904393,2.9135286547779957,2.298833870126397,9730798.6,False,False,False,False,False,False,True,False,False
2025-10-10,566.9923516264989,567.0227414602416,566.5171195654623,566.547509399205,11034911,553.8885206100961,556.6201662592174,580.3983629020731,58.01066542029564,5.177509740217829,3.3663248718659626,1.8111848683518663,10255840.7,False,False,False,False,False,False,True,False,False
2025-10-13,567.6398222027957,571.5437085430171,564.4624050281494,568.3662913683709,15300457,555.4674426937939,556.3565265755963,580.1190630549023,59.323386941512155,5.236288487758884,3.740317595044547,1.495970892714337,10427903.6,False,False,False,False,False,False,True,False,False
2025-10-14,554.4759602644353,558.1389090918042,551.8482916987974,555.5112405261663,5418273,556.5104120719876,555.9157839478817,579.7541143417313,47.920118708069126,4.197193268502588,3.8316927297361554,0.3655005387664323,10069950.7,False,False,False,False,False,False,False,False,False
2025-10-15,561.2343963206183,562.2779841491099,560.6740177791369,561.7176056076285,13079958,558.0162214270696,555.5769666262195,579.4249427095262,52.652192206498526,3.830350715543659,3.8314243268976567,-0.0010736113539975278,10135564.35,False,False,False,False,False,True,True,False,False
2025-10-16,561.5530954149156,566.0265580265981,557.7534845774533,562.2269471891358,12793401,559.1656391977848,555.1935318700585,579.1447205942653,53.029385734682506,3.539918975818182,3.7731232566817616,-0.2332042808635797,10417009.0,False,False,False,False,False,False,True,False,False
2025-10-17,563.6263489189245,566.0148367949166,557.542535389523,559.9310232655151,15609075,560.6949890497053,554.7838493672618,578.8621109057297,51.05498390586504,3.0888811576154467,3.6362748368684987,-0.547393679253052,10821656.75,False,False,False,False,False,False,True,False,False
2025-10-20,555.7746121798064,562.7969528286644,551.197957951818,558.2202986006761,5037430,561.4878810494848,554.3849417610372,578.6020296681221,49.57390106394831,2.5638349603171946,3.421786861558238,-0.8579519012410435,10388037.55,False,False,False,False,False,False,True,False,False
2025-10-21,575.4859297453851,575.9753354172923,567.6891238913247,568.1785295632319,5501957,562.5960585250893,554.2346906191738,578.4068863474788,57.33313282542112,2.917645281836485,3.3209585456138875,-0.4033132637774024,10129573.55,False,False,False,False,False,False,True,False,False
2025-10-22,564.4519941208596,566.6242143067634,563.4438154750386,565.6160356609424,7131180,563.4148774240286,554.0347383877481,578.1595994354204,54.98836685181706,2.957182113820295,3.2482032592551695,-0.29102114543487456,9999844.2,False,False,False,False,False,False,True,False,False
2025-10-23,566.3317446386321,567.2537197629579,563.8294208239446,564.7513959482703,12348037,564.2774128700688,553.8433719172045,577.9520183649156,54.18314589757981,2.885484075032423,3.1756594224106203,-0.2901753473781974,10205136.55,False,False,False,False,False,False,True,False,False
2025-10-24,560.6772305033319,563.1529375982602,559.9032714325884,562.3789785275168,8287943,565.0253100972647,553.6961503972354,577.7849008213542,51.93589047024967,2.607174716776285,3.0619624812837536,-0.4547877645074685,10082055.15,False,False,False,False,False,False,True,False,False
2025-10-27,558.07180234104,560.8883949502879,555.3313640970977,558.1479567063456,9212622,565.1746007750938,553.4799038224788,577.5818293423185,48.10403947716226,2.021897271248349,2.853949439276673,-0.8320521680283237,10429779.2,False,False,False,False,False,False,True,False,False
2025-10-28,546.9172120675648,552.888698209745,545.2000216233558,551.171507765536,6209925,564.5863270057058,553.1885485166968,577.3460769904724,42.531812945569534,0.9837791602858488,2.479915383478508,-1.4961362231926594,10186002.05,False,False,False,False,False,False,False,False,False
2025-10-29,541.232706453431,545.3116348060388,538.3570608680697,542.4359892206775,12964848,563.2348077101335,552.8892201900721,577.1202425011238,36.78580257388829,-0.537622880773597,1.876407730628087,-2.4140306114016843,10268078.35,False,False,False,False,False,False,False,False,False
2025-10-30,542.3365857046873,546.6805874801371,540.6028706517977,544.9468724272475,15332925,561.505498791995,552.6770409502403,576.8978145860066,39.32325153552495,-1.5231794049454948,1.1964903035133707,-2.7196697084588655,10704537.3,False,False,False,False,False,False,False,False,False
2025-10-31,554.3826715292707,556.4111375599965,548.8240642783667,550.8525303090925,12444811,560.2511024148896,552.5869240663847,576.7008316681473,44.923127575691666,-1.8068742933666044,0.5958173841373757,-2.40269167750398,10700559.55,False,False,False,False,False,False,False,False,False
2025-11-03,549.8134974183344,552.9318990300695,546.1915502294844,549.3099518412196,8617226,559.2668960167174,552.5307836984948,576.495650521143,43.78639331055592,-2.13160590089592,0.05033272713071657,-2.1819386280266366,10701653.5,False,False,False,False,False,False,False,False,False
2025-11-04,549.2108927971053,552.3964188479212,545.0460130010214,548.2315390518372,10121921,558.5192965133255,552.4105239369477,576.2891749613074,42.9678252628796,-2.447760677447718,-0.4492859537849704,-1.9984747236627478,10577664.9,False,False,False,False,False,False,False,False,False
2025-11-05,537.1350221381622,541.1974084012293,531.2799307757572,535.3423170388243,12807005,557.0300688986907,552.0780857789604,575.9972693315743,34.633996368733065,-3.6957656267535413,-1.0985818883786846,-2.5971837383748566,10631426.7,False,False,False,False,False,False,False,False,False
2025-11-06,533.8578310302066,536.5922347923665,531.6152955857089,534.3496993478688,11917415,555.4117109682654,551.8201467950641,575.6914376258417,34.08570243020094,-4.710613472619116,-1.820988205226771,-2.889625267392345,10558566.0,False,False,False,False,False,False,False,False,False
2025-11-07,536.5710162627355,540.3954351517355,533.2430394942105,537.0674583832105,11789033,553.9377084174656,551.4737647506715,575.3898789634321,37.02531736807542,-5.235238688382651,-2.5038383018579475,-2.7314003865247036,10596272.1,False,False,False,False,False,False,False,False,False
2025-11-10,536.3307047147107,539.7908187683374,535.4715477895609,538.9316618431876,15228892,552.4659769412065,551.2924506543634,575.0840987935203,39.03379511096179,-5.437897613459768,-3.0906501641783115,-2.3472474492814563,10592693.85,False,False,False,False,False,False,False,False,False
2025-11-11,545.0412569909381,546.6042359315345,541.1799975568209,542.7429764974173,15316323,551.827563739769,551.1075204223275,574.8081977637344,43.03400605494615,-5.230669133755896,-3.5186539580938287,-1.7120151756620672,11087596.35,False,False,False,False,False,False,False,False,False
2025-11-12,536.9743236684849,538.9443750311414,535.0349021641281,537.0049535267846,8303149,550.5919311357268,550.9110323538818,574.4976769511032,38.89617470463487,-5.466435899351723,-3.908210346345408,-1.5582255530063147,10848755.9,False,False,False,False,False,False,False,False,False
2025-11-13,535.666111636322,539.8310258727012,534.3164642636805,538.4813785000597,9787744,549.4046527012731,550.8338822616296,574.2020613384129,40.48195653949098,-5.471080394194246,-4.220784355915176,-1.2502960382790702,10698473.05,False,False,False,False,False,False,False,False,False
2025-11-14,546.8906688059582,551.4037709316855,539.1135716649275,543.6266737906548,15854694,548.58943522753,550.8560153182245,573.8817881551746,45.764491286784974,-5.001919842536836,-4.377011453239508,-0.6249083892973282,10710754.0,False,False,False,False,False,False,False,False,False
2025-11-17,534.5665425567303,536.349180540131,532.5362996128708,534.3189375962716,10098806,547.3943671773097,550.7041199195312,573.5285940819934,39.01801057170638,-5.319839450419408,-4.565577052675488,-0.7542623977439202,10963822.8,False,False,False,False,False,False,False,False,False
2025-11-18,523.3604740418288,526.3478515024594,521.1267592817849,524.1141367424156,12973766,545.191147536269,550.4455139400826,573.1590549106272,33.23346303766057,-6.322355001057645,-4.91693264235192,-1.4054223587057244,11337413.25,False,False,False,False,False,False,False,False,False
2025-11-19,518.2416797873432,520.1169282058019,516.0301999397891,517.9054483582478,11957383,542.8056181711343,550.1343476467932,572.7917138004617,30.291081022954785,-7.53103201296085,-5.439752516473707,-2.091279496487143,11578723.4,False,False,False,False,False,False,False,False,False
2025-11-20,512.7055528719752,515.3470671009713,511.6969136661602,514.3384278951563,6424084,540.2849697684786,549.7499153945932,572.3612691164748,28.717941692041194,-8.676726096117704,-6.087147232402507,-2.5895788637151975,11282525.75,True,False,False,False,False,False,False,False,False
2025-11-21,522.2507147086333,523.8873436282076,519.5398277142764,521.1764566338508,13423855,538.2248436737952,549.3833126387057,571.9638969880914,35.620499086766884,-8.92998582204416,-6.655714950330838,-2.2742708717133215,11539321.35,False,False,True,False,False,False,False,False,False
2025-11-24,528.3963262187991,534.1774425719054,525.3465513692066,531.1276677223129,4412629,536.8738292245937,549.2701089992636,571.6968637011408,44.103408362147746,-8.232813659265503,-6.97113469211777,-1.2616789671477324,11299321.7,False,False,False,False,False,False,False,False,False
2025-11-25,529.6862028450514,531.7327632685904,527.6189801973069,529.6655406208458,18231446,535.7985308673591,549.1703827524346,571.3976520089024,43.202663871245626,-7.709411834307957,-7.118790120555808,-0.5906217137521494,11900397.75,False,False,False,False,False,False,False,False,False
2025-11-26,535.2069173589567,537.9342856221485,532.1094672504801,534.8368355136719,17789864,535.4185731820088,549.2350910925884,571.1731835803569,47.30207815882042,-6.798957685590835,-7.054823633562814,0.25586594797197826,12141648.55,False,False,False,False,True,False,False,False,False
2025-11-27,526.8597167065144,529.1170617566745,524.4516073954037,526.7089524455638,14640444,534.5066771829246,548.9844983060029,570.9128151201542,42.15241174352833,-6.65653604532713,-6.975166115915678,0.3186300705885481,12107024.5,False,False,False,False,False,False,False,False,False
2025-11-28,525.5065845124124,528.5953780910927,523.0235515202536,526.1123450989339,10582101,533.2696679224167,548.9198646834395,570.6896129297005,41.79274883979474,-6.51668678735507,-6.8834702502035565,0.3667834628484865,12013889.0,False,False,False,False,False,False,False,False,False
2025-12-01,529.720819785169,532.8813819675356,529.0996937296879,532.2602559120545,16529574,532.4171831259584,548.7178206295789,570.5268621646305,46.827562829472974,-5.842422411688176,-6.675260682500481,0.8328382708123048,12409506.4,False,False,False,False,False,False,False,False,False
2025-12-02,540.7317089957321,542.0938310466887,537.151934361694,538.5140564126506,9046922,531.9313089939991,548.5678021568091,570.2615094431269,51.4298811542721,-4.748693616896617,-6.2899472693797085,1.5412536524830918,12355756.45,False,False,False,False,False,False,False,False,False
2025-12-03,532.539220325172,534.25434569048,530.6385986334845,532.3537239987926,9655939,531.7818793419975,548.2300834831418,569.9310320687787,47.104747110250514,-4.329089954653796,-5.8977758064345265,1.5686858517807307,12198203.15,False,False,False,False,False,False,False,False,False
2025-12-04,547.093562453469,551.3902904669952,540.1467469008163,544.4434749143426,17278252,532.2865681203214,548.1689392408794,569.7402895204445,55.087445133853016,-2.9865817137114163,-5.315536987889905,2.3289552741784885,12466245.0,False,False,False,False,False,False,False,False,False
2025-12-05,542.1205844139926,545.4035038828697,539.5985141187768,542.881433587654,9036358,532.5772668805434,548.0781472329604,569.4695362247734,53.954470241777095,-2.0253311838915806,-4.65749582709024,2.632164643198659,12328611.25,False,False,False,False,False,False,False,False,False
2025-12-08,540.5355533611737,546.401904654272,532.9659602408592,538.8323115339575,11559061,532.5722993650819,547.7515506006444,569.2297419099415,51.02490680684257,-1.5721408621465116,-4.040424834101494,2.4682839719549827,12145119.7,False,False,False,False,False,False,False,False,False
2025-12-09,538.0788535518423,538.3619108711756,537.3047668699359,537.5878241892692,18163362,532.3145417496746,547.2445674213637,568.9495237231146,50.1240904190251,-1.2984364283082641,-3.492027152942849,2.1935907246345847,12287471.65,False,False,False,False,False,False,False,False,False
2025-12-10,541.2337660349492,544.0499671995218,535.2413781984078,538.0575793629804,13394848,532.3671730414843,546.6163915059809,568.658039497962,50.479480271351726,-1.0317252890414466,-2.999966780162569,1.9682414911211223,12542056.6,False,False,False,False,False,False,False,False,False
2025-12-11,539.3207444896215,539.8576572542718,538.3573677249095,538.8942804895598,9289219,532.3878181409593,545.8036160999718,568.3430595308195,51.1471892483332,-0.7442606280762902,-2.548825549745313,1.804564921669023,12517130.35,False,False,False,False,False,False,False,False,False
2025-12-12,538.8111562149576,540.756177925151,534.6631113385047,536.608133048698,8325741,532.0368911038614,545.0169696039217,568.0967059136517,49.19534742936051,-0.6929281610290445,-2.1776460720020596,1.484717910973015,12140682.7,False,False,False,False,False,False,False,False,False
2025-12-15,540.8224969218276,542.9265732460042,532.8003644322355,534.9044407564121,13178523,532.0661662618685,544.3351768229567,567.8322199383357,47.73344877658795,-0.7807208764190818,-1.898261032885464,1.1175401564663823,12294668.55,False,False,False,False,False,False,False,False,False
2025-12-16,537.6872136136043,547.8938408017901,530.221648623853,540.4282758120388,9306893,532.8818732153497,543.880071756804,567.5926690632193,52.6467895772205,-0.39995942818268304,-1.5986007119449082,1.1986412837622251,12111324.9,False,False,False,False,False,False,False,False,False
2025-12-17,529.4424218759231,534.8187656304937,524.9357479188966,530.3120916734672,14485845,533.5022053811107,543.1837762036429,567.282043664886,44.41261457653392,-0.9040731600980507,-1.459695201575537,0.5556220414774862,12237748.0,False,False,False,False,False,False,False,False,False
2025-12-18,527.9394252957724,533.8447716898258,522.3802118084219,528.2855582024754,14434083,534.1995618964766,542.4151502085649,566.9822307478139,42.96296128302705,-1.4503920228446532,-1.45783456582936,0.0074425429847069235,12638247.95,False,False,False,False,False,False,False,False,False
2025-12-19,537.8684346552711,541.128572339172,533.0171674775524,536.2773051614533,10892697,534.9546043228568,541.8097461238099,566.7384136123294,49.906934569180024,-1.2243726619118434,-1.4111421850458568,0.1867695231340134,12511690.05,False,False,False,False,False,False,False,False,False
2025-12-22,539.8094446326782,543.2880767795767,538.1409888262755,541.619620973174,9125761,535.4792019853998,541.2748127159059,566.5162860261006,53.943521563683014,-0.6071713581159202,-1.2503480196598695,0.6431766615439494,12747346.65,False,False,False,False,False,False,True,False,False
2025-12-23,540.0230010725994,541.6296681997113,537.9139972141767,539.5206643412886,7277064,535.9719581714219,540.9550011922084,566.2534317297127,52.16493911088962,-0.2841278872226667,-1.057103993172429,0.7729761059497624,12199627.55,False,False,False,False,False,False,False,False,False
2025-12-24,526.825400936083,531.2069603418981,524.1874066035206,528.5689660093357,10947589,535.6585646962051,540.2920284002425,565.972646843128,44.01113984657823,-0.901432979103447,-1.0259697903586327,0.12453681125518568,11857513.8,False,False,False,False,False,False,False,False,False
2025-12-25,523.2634979797753,528.144219621203,520.3509894217567,525.2317110631844,14145393,535.5847026270861,539.5521236777236,565.6835199564637,41.863744638774136,-1.641023596889795,-1.1489805516648652,-0.4920430452249298,11832761.25,False,False,False,False,False,True,False,False,False
2025-12-26,531.3786467173486,535.0132086722894,526.5577140784376,530.1922760333783,15133501,535.7886991738084,538.9573487330807,565.4192845045835,46.07548913998104,-1.8060592274832743,-1.2803962868285472,-0.5256629406547271,12060331.25,False,False,False,False,False,False,False,False,False
2025-12-29,529.1667368293955,530.2642465671152,526.6799280386683,527.777437776388,9241412,535.5645582670251,538.348491516595,565.1484876106641,44.38956720104241,-2.1074154459988677,-1.4458001186626115,-0.6616153273362562,11695923.15,False,False,False,False,False,False,False,False,False
2025-12-30,527.9477827872275,530.0394000202226,527.6880070415256,529.7796242745206,7974105,535.1278366601185,537.5805134108208,564.9069804514052,46.14895983091529,-2.1597860339193176,-1.5885973017139527,-0.5711887322053648,11642282.3,False,False,False,False,False,False,False,False,False
2025-12-31,528.0475539714314,532.3280424870685,525.8537946050527,530.1342831206898,11373498,535.0168646162134,536.8708783600157,564.6191059969374,46.47201621697342,-2.1479123012973105,-1.7004603016306246,-0.4474519996666859,11728160.25,False,False,False,False,False,False,False,False,False
2026-01-01,529.2072231422824,535.5863732778953,526.552707709832,532.9318578454449,9513021,534.4412837627685,536.2344875979593,564.301585354838,49.06759377464066,-1.890963532153819,-1.7385609477352635,-0.15240258441855548,11339898.7,False,False,False,False,False,False,False,False,False
2026-01-02,532.321270805888,536.6551626005743,531.3536752560786,535.6875670507649,4137204,534.081590435924,535.7006593684241,563.9548324568609,51.5593167683304,-1.4482722974186117,-1.6805032176719332,0.23223092025332148,11094941.0,False,False,False,False,True,False,False,False,False
2026-01-05,541.7109549279743,542.0876103491072,540.1002137952331,540.476869216366,13254567,534.1638183200445,535.3472376186246,563.5864636862168,55.62271878597901,-0.7028773134337598,-1.4849780368242986,0.7821007233905388,11179716.3,False,False,False,False,False,False,True,False,False
2026-01-06,540.2455526230764,540.3665288380045,540.0766873598931,540.1976635748211,10615330,534.2943102893221,535.1277607348103,563.2224479938778,55.33132036102137,-0.1331412111935606,-1.214610671698151,1.0814694605045905,10802314.7,False,False,False,False,False,False,True,False,False
2026-01-07,549.5512678422291,551.0693014239215,547.6456847950527,549.1637183767451,9663793,534.8496172400103,535.2623153179317,562.9401296987686,62.18282496466191,1.029991345543408,-0.7656902682498393,1.7956816137932474,10615761.95,False,False,False,False,False,False,True,False,False
2026-01-08,543.7603936759971,544.8770542210711,542.4319763526581,543.5486368977322,5799068,535.0823350604189,535.2343506073413,562.6473010307612,56.353198035533225,1.4816130159368868,-0.31622961141249417,1.797842627349381,10441254.4,False,False,False,False,False,False,True,False,False
2026-01-09,546.0527462113037,546.1762583385183,545.4482566856931,545.5717688129077,11779036,535.5305168486295,535.1287353774177,562.3710602154648,57.88519508817358,1.9799526196958368,0.14300683480917203,1.8369457848866648,10613919.15,False,False,False,False,False,False,True,False,False
2026-01-12,537.7188900928818,546.6084555896188,533.4235716534882,542.3131371502252,13998012,535.9009516683201,534.9887990835978,562.091837203447,54.5631848323978,2.0878782436269603,0.5319811165727297,1.5558971270542306,10654893.6,False,False,False,False,False,False,True,False,False
2026-01-13,545.989221334829,550.3788232830786,538.4445194597823,542.8341214080319,14585067,536.0212439481197,534.8808507307217,561.7985964108509,55.00775989194259,2.190201869909288,0.8636252672400414,1.3265766026692463,10918802.3,False,False,False,False,False,False,True,False,False
2026-01-14,535.130891705469,539.1849397393851,532.8494246371781,536.9034726710942,18362436,536.3508129980011,534.9120738433671,561.4859860664784,49.11627316298938,1.7723102035668035,1.045362254505394,0.7269479490614095,11112631.85,False,False,False,False,False,False,True,False,False
2026-01-15,544.5539834924703,549.7566184197501,536.3670594975698,541.5696944248497,7353691,537.0150198091198,535.0564737449067,561.1836296168769,53.349799932151384,1.796939149568857,1.1956776335180868,0.6012615160507702,10758612.25,False,False,False,False,False,False,True,False,False
2026-01-16,543.417440237487,546.9263766943806,539.749613535284,543.2585499921776,12810924,537.364082050656,535.180295577086,560.9418427041592,54.81510644673824,1.9304809143479815,1.3426382896840658,0.5878426246639157,10854523.6,False,False,False,False,False,False,True,False,False
2026-01-19,539.6654132691166,540.5116674871094,538.4492977516929,539.2955519696858,15026738,537.2478786004815,535.187573379616,560.6877251114952,50.784054712326835,1.6969712762485187,1.4135048869969564,0.2834663892515623,11149572.45,False,False,False,False,False,False,True,False,False
2026-01-20,530.4781494946402,534.0103283257184,530.3745897449802,533.9067685760584,7260074,536.9671838122201,535.0108492211888,560.3968591162675,45.84687019663884,1.0648089668355851,1.3437657029646823,-0.2789567361290972,11148722.95,False,False,False,False,False,True,False,False,False
2026-01-21,539.5469578682778,540.5248525598619,534.8427536316052,535.8206483231893,5854588,537.3297679279128,534.9871631171169,560.0931192412038,47.788329006383485,0.7100646989260895,1.2170255021569638,-0.5069608032308743,10894072.9,False,False,False,False,False,False,True,False,False
2026-01-22,539.2129318394778,542.3644319459328,535.8381056787849,538.9896057852399,5145660,538.0176626640156,534.9973276628206,559.8062712890744,50.9255594622646,0.6768335777484253,1.1089871172752561,-0.4321535395268308,10444086.25,False,False,False,False,False,False,True,False,False
2026-01-23,537.4234757675041,541.7467374733981,531.7675862455294,536.0908479514234,21093550,538.3125912599178,534.8466111460359,559.5133511516896,48.079654598127526,0.4118446547234953,0.9695586247649041,-0.5577139700414088,10742088.7,False,False,False,False,False,False,True,False,False
2026-01-26,531.4362241525369,534.1344964471017,526.4745780012338,529.1728502957986,10363299,538.3823618858884,534.7436894000264,559.1364964821232,42.04135773116286,-0.3523241965821171,0.7051820604954998,-1.057506257077617,10798183.05,False,False,False,False,False,False,False,False,False
2026-01-27,525.1374101901383,530.5046699652686,522.2964049799258,527.6636647550561,11237370,538.2765639099151,534.8146799602791,558.7171394265861,40.836465575691555,-1.0674077648541243,0.3506640954255751,-1.4180718602796993,10961346.3,False,False,False,False,False,False,False,False,False
2026-01-28,526.1642025829997,528.3610328069431,525.7090845264132,527.9059147503566,15291275,538.1651454913983,535.0146892881214,558.240872003161,41.12813109613413,-1.596169446754402,-0.03870261301042033,-1.5574668337439816,11157235.15,False,False,False,False,False,False,False,False,False
2026-01-29,516.4103766228832,529.3697246400357,507.3065005235805,520.2658485407329,6835388,537.5318450261628,535.133237701033,557.7368163422194,35.22945052558636,-2.601715425686052,-0.5513051755455468,-2.0504102501405055,11023353.5,False,False,False,False,False,False,False,False,False
2026-01-30,517.301377392061,517.8739855372494,516.9504822718238,517.5230904170122,11473403,536.6236211944752,535.0601703766962,557.2949329979436,33.378649482753886,-3.5786826905510907,-1.1567806785466557,-2.421902012004435,11390163.45,False,False,False,False,False,False,False,False,False
2026-02-02,509.4708959192197,514.013612702775,507.0421328487353,511.5848496322907,12412217,535.1790202152714,534.6693140148957,556.846790113094,29.736194212293753,-4.777035992681704,-1.8808317413736653,-2.8962042513080384,11348045.95,True,False,False,False,False,False,False,False,False
2026-02-03,513.6136971542556,520.7262163903022,509.5911954042526,516.703714640299,10804996,534.0043227685453,534.4100774952848,556.3518072440105,36.19943786360667,-5.253135120576303,-2.5552924172141926,-2.6978427033621104,11357529.25,False,False,True,False,False,False,False,False,False
2026-02-04,510.24671996150744,511.3845185396881,508.70944779811134,509.847246376292,14964601,532.0384991685227,533.9102857125372,555.8324239885051,31.958889541656745,-6.113237203427843,-3.266881374456923,-2.8463558289709203,11622569.65,False,False,False,False,False,False,False,False,False
2026-02-05,505.85930783948464,507.6512838037482,502.32120885998484,504.1131848242484,6075714,530.0667265648484,533.4583703601108,555.2726765914393,28.908900188056364,-7.174857851370007,-4.048476669839539,-3.1263811815304674,11636401.95,True,False,False,False,False,False,False,False,False
2026-02-06,502.15043555874456,505.1403658985133,499.75794605048435,502.7478763902531,14660212,527.9255319437157,532.9910809859373,554.7451999957523,28.21835602745122,-8.033760651741773,-4.845533466219987,-3.188227185521786,11780460.75,True,False,False,False,False,False,False,False,False
2026-02-09,507.8324686573468,509.1685264131104,505.86404583960405,507.20010359536764,13668835,526.1698802659729,532.4898779396035,554.1873650555898,33.77382574193703,-8.259973944482681,-5.528421561872525,-2.7315523826101558,11764001.9,False,False,True,False,False,False,False,False,False
2026-02-10,507.8677318264168,510.244940837372,506.6473478763995,509.0245568873547,13236668,524.479402039939,531.9000879490976,553.6145608631327,35.961042140942,-8.197535390494522,-6.062244327596924,-2.135291062897598,11696581.95,False,False,False,False,False,False,False,False,False
2026-02-11,506.53960080039667,510.5140460983782,502.16464770978456,506.13909300776606,17749895,522.9411830567726,531.3757953292771,553.0986936547796,34.04592726808538,-8.285376543542384,-6.506870770786017,-1.7785057727563665,11665954.9,False,False,False,False,False,False,False,False,False
2026-02-12,510.2330649519521,513.2815173394036,506.5289088919051,509.5773612793566,14228161,521.341566399498,530.6784730565773,552.6638640355859,38.26487088731044,-7.985499903398363,-6.8025965973084865,-1.1829033060898766,12009678.4,False,False,False,False,False,False,False,False,False
2026-02-13,513.9571991689797,515.0128734167274,512.289185161641,513.3448594093886,13928585,519.8458818703585,530.0877415730121,552.3607871459366,42.59786517423279,-7.359009808543419,-6.913879239555474,-0.44513056898794545,12065561.45,False,False,False,False,False,False,False,False,False
2026-02-16,514.9120667362813,517.8947229969679,511.49346593298554,514.476122193672,7655095,518.6049103815578,529.6006177862064,552.0694106645316,43.871756399011915,-6.694063445924485,-6.869916080829276,0.17585263490479086,11696979.3,False,False,False,False,True,False,False,False,False
2026-02-17,514.2124663799655,516.0198490959554,510.4073812579049,512.2147639738947,8842786,517.5203101514496,529.0931565818988,551.7509746104874,41.871378235280545,-6.27720169848817,-6.751373204361055,0.47417150587288504,11776114.9,False,False,False,False,False,False,False,False,False
2026-02-18,508.55876324761493,509.88503074633434,506.13876022473374,507.46502772345315,10087118,516.1025291214628,528.4813055491082,551.3744190484775,37.95666508385219,-6.257961891289938,-6.652690941746831,0.39472905045689366,11987741.4,False,False,False,False,False,False,False,False,False
2026-02-19,501.7804531500457,505.99825909492455,500.9031819239615,505.12098786884036,8642149,514.4090982256428,527.8058396966939,550.9881975724039,36.15990476704867,-6.358561097513643,-6.593864972900194,0.23530387538655084,12162565.85,False,False,False,False,False,False,False,False,False
2026-02-20,501.8942995935607,502.5216086726798,500.2110650359134,500.83837411503254,17746096,512.6464745338233,527.0904445180206,550.5735766790236,33.07896887200508,-6.706548910698928,-6.616401760459941,-0.09014715023898656,11995193.15,False,False,False,False,False,True,False,False,False
2026-02-23,499.3740011271972,499.46556291727984,498.9544142669535,499.04597605703617,10220616,511.14013082188524,526.373275224033,550.1576134712022,31.855616308269973,-7.045744348325911,-6.702270278033136,-0.34347407029277566,11988059.0,False,False,False,False,False,False,False,False,False
2026-02-24,494.97126394521075,495.9885442503229,494.24556666026416,495.2628469653763,8314508,509.52008993240116,525.4699666470998,549.7639527246536,29.385412199306742,-7.532990452373269,-6.868414312901162,-0.664576139472107,11841915.9,True,False,False,False,False,False,False,False,False
2026-02-25,493.0617389047463,497.5163608214087,489.8258350864289,494.2804570030913,13504749,507.8388170450379,524.7493339536924,549.3814406776557,28.76170761833221,-7.907257220884617,-7.076182894497854,-0.831074326386763,11752589.6,True,False,False,False,False,False,False,False,False
2026-02-26,501.58407317936826,503.3488105069122,497.21363329626485,498.97837062380876,9910168,506.77444314919165,524.163190202119,549.0110989634148,35.781337254629705,-7.735612637058409,-7.208068843009966,-0.5275437940484435,11906328.6,False,False,True,False,False,False,False,False,False
2026-02-27,506.8553845074858,507.3686611787735,502.6182349808296,503.1315116521173,12582155,506.054864210947,523.5002743319322,548.6330991734601,41.28910633942303,-7.1816734350837805,-7.202789761424729,0.021116326340948177,11961766.2,False,False,False,False,True,False,False,False,False
2026-03-02,488.3127103342109,493.37813258848763,487.25132343134493,492.31674568562164,13090008,505.09145901361353,522.5142168261813,548.1985858518054,33.283881063371325,-7.528549425905794,-7.2679416943209425,-0.2606077315848516,11995655.75,False,False,False,False,False,True,False,False,False
2026-03-03,489.78248346069927,494.13074662472593,486.4963109580908,490.8445741221175,9381743,503.79850198770447,521.5406950217978,547.7601235893367,32.3640111810968,-7.831961116932973,-7.380745578843349,-0.4512155380896239,11924493.1,False,False,False,False,False,False,False,False,False
2026-03-04,489.185205104452,490.7845444671064,488.0774894602512,489.6768288229056,13256573,502.7899811100351,520.7628522780692,547.3244655930049,31.61757046664799,-8.073577182296788,-7.519311899534038,-0.5542652827627501,11839091.7,False,False,False,False,False,False,False,False,False
2026-03-05,499.89224111019274,500.73029553115674,497.7242111370368,498.5622655580008,12581391,502.5124351467228,520.2294633679655,546.9239523492718,42.487159611428744,-7.462061172790186,-7.507861754185267,0.04580058139508125,12164375.55,False,False,False,False,True,False,False,False,False
2026-03-06,499.9662719160946,501.9624034781808,498.1980400347081,500.19417159679426,9655946,502.3847499070498,519.6295012792339,546.5374076769241,44.24019585677359,-6.767734915263986,-7.359836386401011,0.5921014711370249,11914162.25,False,False,False,False,False,False,False,False,False
2026-03-09,497.55040807003195,499.76326313397607,494.18518111052475,496.39803617446887,10943456,501.8446465360048,519.0019132471955,546.1541396019543,41.101729977324354,-6.4494475401766636,-7.177758617156142,0.7283110769794785,11777893.3,False,False,False,False,False,False,False,False,False
2026-03-10,493.8607065190429,500.23088265967255,491.5703940000462,497.94057014067585,6273610,501.2904471986709,518.3651321645186,545.7471320243186,42.87511656566983,-6.003527969340496,-6.942912487593013,0.9393845182525169,11429740.4,False,False,False,False,False,False,False,False,False
2026-03-11,493.7494361238978,498.7881748410803,491.172901266653,496.21163998383554,8931490,500.79407454747434,517.6866793017815,545.3242693124122,41.37152524435024,-5.7236648654493365,-6.699062963164279,0.9753980977149421,10988820.15,False,False,False,False,False,False,False,False,False
2026-03-12,506.23242077564316,508.82191561275965,504.5849448713907,507.1744397085072,9686721,500.6739284689319,517.1715309390427,544.9730209337639,52.69879861718982,-4.564646616666835,-6.272179693864791,1.7075330771979562,10761748.15,False,False,False,False,False,False,False,False,False
2026-03-13,506.56614830682526,509.1792185123885,504.57773482278316,507.1908050283464,3333965,500.3662257498798,516.6015956985943,544.6346859232782,52.713485911110666,-3.6032596256771967,-5.738395680227272,2.1351360545500757,10232017.15,False,False,False,False,False,False,False,False,False
2026-03-16,497.63771076813845,501.7092185052662,495.11746943524935,499.1889771723771,4125529,499.6018684988151,515.7758378577146,544.274696970735,45.305942955913544,-3.447295861979967,-5.280175716577812,1.832879854597845,10055538.85,False,False,False,False,False,False,False,False,False
2026-03-17,513.2400801630454,517.6059549712612,505.12501200105635,509.4908868092722,19634900,499.46567464058387,515.1617023224036,543.972817328135,54.22457148922288,-2.464011849735755,-4.716942943209401,2.252931093473646,10595144.55,False,False,False,False,False,False,False,False,False
2026-03-18,500.47369437954853,503.24180504625036,497.7806980217314,500.5488086884332,10864532,499.119863688833,514.1894041286373,543.6352947793476,47.05247941011369,-2.3788808999278217,-4.249330534553085,1.8704496346252633,10634015.25,False,False,False,False,False,False,False,False,False
2026-03-19,492.679871911229,493.0233000295328,492.1364663400754,492.4798944583792,18490556,498.48780901830986,513.1680292798503,543.2696520290219,41.693529344889704,-2.9287471781175327,-3.9852138632659746,1.0564666851484419,11126435.6,False,False,False,False,False,False,False,False,False
2026-03-20,491.36455130583744,492.68588508225645,490.6506924746196,491.9720262510386,11980702,498.0444916251102,512.0960344286129,542.8710341214884,41.374120759248235,-3.3666917581609255,-3.861509442244965,0.4948176840840395,10838165.9,False,False,False,False,False,False,False,False,False
2026-03-23,491.9687438852144,493.2202449490213,491.29385506524676,492.5453561290537,5751993,497.71946062871103,511.10067880818946,542.5004807844963,41.91509852336213,-3.6257081567218847,-3.8143491851403493,0.18864102841846453,10614734.75,False,False,False,False,False,False,False,False,False
2026-03-24,493.54941637403857,497.4757972417354,492.8562575489532,496.78263841665,12057216,497.7954502012748,510.1796491483619,542.1455034089108,45.889221772922994,-3.4493058003819215,-3.7413405081886637,0.29203470780674223,10801870.15,False,False,False,False,False,False,False,False,False
2026-03-25,492.3525982726247,493.5700169642388,488.9213731742666,490.1387918658807,7109397,497.58836694441425,509.24435553225754,541.7631164595417,41.1366971748512,-3.8017839548734287,-3.753429197525617,-0.048354757347811805,10482102.55,False,False,False,False,False,True,False,False,False
2026-03-26,478.8355662386073,481.15738312168287,478.74178102741223,481.0635979104878,16225057,496.6926283087482,508.03423360197036,541.317028179478,35.698177206110884,-4.758563976003529,-3.9544561532211997,-0.8041078227823295,10797847.0,False,False,False,False,False,False,False,False,False
2026-03-27,477.24519281722615,478.36791236158683,476.3802899110048,477.5030094553655,10745008,495.4112031989105,506.7191227912341,540.8179753730323,33.809570577276446,-5.737984849650843,-4.311161892507128,-1.426822957143715,10705989.65,False,False,False,False,False,False,False,False,False
2026-03-30,471.5648404360666,475.46527390882534,468.8128170329464,472.7132505057051,8821241,494.4310284399147,505.38747676195453,540.2862917935983,31.4027706094775,-6.82203627826874,-4.8133367696594505,-2.00869950860929,10492551.3,False,False,False,False,False,False,False,False,False
2026-03-31,470.14249166867694,472.3425525382829,467.8679828684888,470.0680437380948,5733253,493.3922019207136,504.1107022651952,539.746863488151,30.127241534686007,-7.804633962741491,-5.411596208275859,-2.393037754465632,10310126.8,False,False,False,False,False,False,False,False,False
2026-04-01,478.90625528809454,479.88358082194964,475.08927401705176,476.06659955090686,18639300,492.71169045711366,502.91562128974954,539.249975166868,36.432848651660755,-8.007016483027257,-5.930680263226139,-2.076336219801118,10579263.15,False,False,False,False,False,False,False,False,False
2026-04-02,473.4521561732994,475.5512913002649,472.76584652550997,474.8649816524755,13267644,491.5268262618374,501.63312880709424,538.7164959030529,35.73711520989521,-8.170185794430552,-6.378581369467022,-1.7916044249635297,10613575.8,False,False,False,False,False,False,False,False,False
2026-04-03,477.4558130445679,480.629605114108,475.2780642631015,478.4518563326416,11947908,490.43971049862984,500.48034897471865,538.2027809834657,39.453924239017844,-7.91878501498195,-6.686622098570008,-1.2321629164119416,10728173.9,False,False,False,False,False,False,False,False,False
2026-04-06,485.4960390970139,486.477489743143,484.0643501698263,485.0458008159554,11912828,489.8720987307041,499.5978079851218,537.7205242234091,45.67446073650811,-7.105563362728105,-6.770410351401628,-0.33515301132647757,10776642.5,False,False,False,False,False,False,False,False,False
2026-04-07,479.3317817999339,483.6627472899554,477.95995245834104,482.29091794836256,11083632,489.0896161210885,498.6903530489879,537.2210642149696,43.65640859440049,-6.607211546408735,-6.737770590403049,0.13055904399431473,11017143.6,False,False,False,False,True,False,False,False,False
2026-04-08,479.3271952516359,483.60789274534136,479.28317919031394,483.5638766840194,5809574,488.45722795609765,497.80351228766114,536.7896085588848,44.8685526055571,-6.0399225427851775,-6.598200980879475,0.5582784380942973,10861047.8,False,False,False,False,False,False,False,False,False
2026-04-09,479.86179288187844,482.1090222459487,478.96228805130596,481.20951741537624,9239003,487.15898184144106,497.022385665154,536.3751440775529,43.02492619275569,-5.714446455475752,-6.421450075798731,0.707003620322979,10838661.9,False,False,False,False,False,False,False,False,False
2026-04-10,475.1683881952641,478.2474300839018,471.7524053143496,474.8314472029873,12030041,485.5410139501731,496.1685528008735,535.9694854287154,38.41936755313164,-5.903113851814453,-6.3177828310018755,0.4146689791874225,11273465.7,False,False,False,False,False,False,False,False,False
2026-04-13,466.8092516281846,476.9662604482324,461.10947262833133,471.2664814483791,4474408,484.14488916397323,495.3621854371952,535.4825323299461,36.093716588524515,-6.268042967811368,-6.307834858363774,0.03979189055240617,11290909.65,False,False,False,False,False,False,False,False,False
2026-04-14,468.20279337386233,468.3596078374762,467.3546951125038,467.51150957611765,10141296,482.0459203023155,494.37834133591167,535.0024390772453,33.77461016488694,-6.782067319524231,-6.4026813505958655,-0.3793859689283652,10816229.45,False,False,False,False,False,True,False,False,False
2026-04-15,467.326058179913,467.6093736281711,465.8033457459764,466.0866611942345,15893509,480.3228129276055,493.5031296322705,534.5030879933532,32.91049788630308,-7.221167553529028,-6.566378591182499,-0.6547889623465295,11067678.3,False,False,False,False,False,False,False,False,False
2026-04-16,459.6548045194686,463.0024378717636,455.7822577209096,459.12989107320465,7809295,478.65531275834684,492.60346375724964,533.9406385279192,29.008169299762343,-8.037855466708663,-6.860673966287732,-1.1771815004209314,10533615.25,True,False,False,False,False,False,False,False,False
2026-04-17,456.69278839037054,462.26253691395607,453.0450069143281,458.61475543791363,9729563,476.98744921769065,491.7208013382028,533.3829868104227,28.7364496055326,-8.627204617836071,-7.213980096597401,-1.4132245212386705,10421058.3,True,False,False,False,False,False,False,False,False
2026-04-20,458.0356994829022,459.1838070768604,456.1244215333418,457.27252912729995,14497644,475.22380786760294,490.72224984884156,532.8227668071918,28.000487875848776,-9.097701867938213,-7.590724450865563,-1.5069774170726493,10858340.85,True,False,False,False,False,False,False,False,False
2026-04-21,455.0039296174076,457.17880778216386,452.41006691705206,454.5849450818083,6748879,473.11392320086077,489.6334576127306,532.2413661301711,26.535064039112996,-9.577041724291803,-7.987987905550812,-1.5890538187409913,10592924.0,True,False,False,False,False,False,False,False,False
2026-04-22,451.4200516559401,457.86883542997845,445.2110187714297,451.65980254546804,12985134,471.1899737348402,488.5438718034846,531.6977104060096,25.001395310634592,-10.07679752092315,-8.405749828625279,-1.671047692297872,10886710.85,True,False,False,False,False,False,False,False,False
2026-04-23,452.1061836909491,452.18380757398876,451.69057638120347,451.76820026424315,10091124,469.7252038525279,487.3876885831823,531.1615524109328,25.173987769343114,-10.344861674382457,-8.793572197776715,-1.5512894766057421,10580014.2,True,False,False,False,False,False,False,False,False
2026-04-24,449.83769989871274,453.11377382503525,448.9977977362074,452.2738716625299,16390749,468.4637469628862,486.1662688282452,530.6173587115748,26.029176591406383,-10.396654826381734,-9.114188723497719,-1.2824661028840154,10862301.25,True,False,False,False,False,False,False,False,False
2026-04-27,443.27179895011096,444.1509030482591,440.5592708526892,441.4383749508374,11240324,466.90000318514285,484.7055138833884,530.0142324336422,20.59695424699423,-11.183123217896537,-9.527975622377483,-1.655147595519054,10983255.4,True,False,False,False,False,False,False,False,False
2026-04-28,437.30823531909436,439.5692941772921,433.4181210334223,435.67917989162004,12600874,465.18055999281904,483.1748022017429,529.3229197851333,18.399043734789515,-12.131282125170173,-10.048636922936021,-2.0826452022341524,11326636.45,True,False,False,False,False,False,False,False,False
2026-04-29,433.04743795680565,439.1417753188809,429.30706928080986,435.4014066428851,6175058,463.14730034741797,481.73352978013156,528.677918080022,18.297625731585512,-12.758051988315913,-10.590519936011999,-2.1675320523039137,10703424.35,True,False,False,False,False,False,False,False,False
2026-04-30,438.4720678002091,438.49660702902645,437.40312572219517,437.4276649510125,10006278,461.27543451234476,480.37966332177507,527.9724096084235,21.688670135704683,-12.942081252658511,-11.060832199341302,-1.8812490533172088,10540356.05,True,False,False,False,False,False,False,False,False
2026-05-01,451.17695602522565,453.8370480448282,449.74342980869636,452.4035218282989,8143847,459.9730177871276,479.4109662760404,527.3480900149069,41.134995123980815,-11.744120369808229,-11.197489833434688,-0.5466305363735415,10350153.0,False,False,True,False,False,False,False,False,False
2026-05-04,452.46554340179495,454.34607224860304,449.801670764279,451.68219961108707,15060118,458.30483772688433,478.46369074712135,526.7181082274518,40.611890619748934,-10.729252272426152,-11.103842321232982,0.3745900488068301,10507517.5,False,False,False,False,True,False,False,False,False
2026-05-05,444.10948553769634,446.9118680533607,441.83523379094066,444.637616306605,9271716,456.4221726447963,477.45118613394595,526.0449480062958,35.82091103674526,-10.373818074864062,-10.957837471959198,0.5840193970951368,10416921.7,False,False,False,False,False,False,False,False,False
2026-05-06,444.19052055277666,447.91692061062435,440.6686752985352,444.3950753563829,13816277,454.4637325784146,476.4534785010118,525.3756784106047,35.66491028288662,-9.996471835482794,-10.765564344663918,0.7690925091811245,10817256.85,False,False,False,False,False,False,False,False,False
2026-05-07,444.117890539639,444.3643701270029,441.4724244174039,441.7189040047678,14258785,452.48920190788414,475.30828916863095,524.6905567948822,33.910090411842134,-9.800394042529717,-10.572530284237079,0.7721362417073614,11068245.95,False,False,False,False,False,False,False,False,False
2026-05-08,442.0354216724298,443.0525113591689,441.2335956220401,442.2506853087792,7936339,450.86016381317376,474.09067264176423,524.0052148391809,34.59871342182471,-9.492665137274571,-10.356557254844578,0.863892117570007,10863560.85,False,False,False,False,False,False,False,False,False
2026-05-11,437.34483383335015,440.6680446120739,434.8880978150104,438.21130859373415,13847694,449.2074051704415,473.00856389992646,523.2885300044024,31.881342349341878,-9.465617953590822,-10.178369394593828,0.7127514410030056,11332225.15,False,False,False,False,False,False,False,False,False
2026-05-12,441.35259790533206,443.2628748592831,439.1040478339486,441.0143247878996,15256608,447.88254593103056,472.0119589132421,522.6058597687826,35.65776893911864,-9.112954418650588,-9.965286399405182,0.8523319807545935,11587990.75,False,False,False,False,False,False,False,False,False
2026-05-13,438.86566527798095,443.67916150645243,436.08819868365805,440.9016949121295,9212662,446.62329761692536,471.03645623502655,521.9170758848895,35.572431187728554,-8.741784466338345,-9.720586012791815,0.9788015464534698,11253948.4,False,False,False,False,False,False,False,False,False
2026-05-14,440.82945149230244,442.08984861924074,440.0021292044493,441.2625263313876,6036591,445.7299293798345,469.89046145049434,521.2163950915605,36.100053253338714,-8.322576048986548,-9.440984020030761,1.1184079710442134,11165313.2,False,False,False,False,False,False,False,False,False
2026-05-15,438.0222044135744,442.86540719142704,435.341707327907,440.1849101057596,8061708,444.8084371132268,468.69027622067364,520.5152439000625,35.17362291551434,-7.985255921778332,-9.149838400380276,1.1645824786019432,11081920.45,False,False,False,False,False,False,False,False,False
2026-05-18,437.3467140560456,438.5323988891876,434.34202683312236,435.5277116662644,9233686,443.72119624017495,467.47286973050956,519.8020540638342,31.42072746079687,-8.001488108776869,-8.920168342059593,0.9186802332827249,10818722.55,False,False,False,False,False,False,False,False,False
2026-05-19,435.32215435322945,439.97894664175294,430.0939964658706,434.7507887543941,16369385,442.7294884238043,466.2090741027839,519.0973525743243,30.829768268179023,-7.9849973410329085,-8.733134141854256,0.7481368008213476,11299747.85,False,False,False,False,False,False,False,False,False
2026-05-20,439.7978020263686,442.1586721517402,437.345234296091,439.7061044214626,9766259,442.131803517604,465.07896339153643,518.4178148602705,38.74334171961695,-7.485784266469807,-8.483664166777366,0.9978799003075594,11138804.1,False,False,False,False,False,False,False,False,False
2026-05-21,432.1101766140676,436.4790730521744,430.7453455045293,435.1142419426361,11448368,441.29910560152365,463.6377594362191,517.7217874726064,34.77324687721587,-7.375657248909704,-8.262062783203834,0.8864055342941306,11206666.3,False,False,False,False,False,False,False,False,False
2026-05-22,435.2751435608138,437.56946865054647,435.1983694741717,437.4926945639044,10030679,440.56004674659243,462.24379722693016,517.0605506727961,38.300032449734964,-7.015588211245415,-8.012767868812151,0.9971796575667362,10888662.8,False,False,False,False,False,False,False,False,False
2026-05-25,431.9383762103834,437.78633097722525,429.3215085083479,435.16946327518974,11428220,440.24660116281,460.96340694898646,516.3915965619511,36.238877424060604,-6.838862108343278,-7.777986716718377,0.9391246083750993,10898057.6,False,False,False,False,False,False,False,False,False
2026-05-26,438.27405398538804,438.4523017172704,437.55426610029224,437.7325138321746,11431517,440.3492678598377,459.52823948944456,515.7515627658388,40.07065635519759,-6.418005862397308,-7.505990545854164,1.087984683456856,10839589.75,False,False,False,False,False,False,False,False,False
2026-05-27,439.0328055725519,439.4807476871344,438.8437030408637,439.2916451554462,16918343,440.5437797854658,458.3030962187848,515.1610089638565,42.340648987349795,-5.890760369131385,-7.182944510509609,1.2921841413782236,11376754.0,False,False,False,False,False,False,False,False,False
2026-05-28,439.9995354690508,444.1856851796961,435.8752397232699,440.0613894339152,16369350,440.67546600961094,457.2547261182954,514.5835367389319,43.4789152674448,-5.349141018926844,-6.8161838121930565,1.467042793266213,11694907.6,False,False,False,False,False,False,False,False,False
2026-05-29,437.703092605556,443.11298381608134,433.4098520453823,438.81974325590767,6474672,439.99627708099143,456.1916804583928,514.000843582702,42.03731401959911,-4.962885200129904,-6.4455240897804265,1.4826388896505227,11611448.85,False,False,False,False,False,False,False,False,False
2026-06-01,438.98171145499344,440.04350871364437,438.0014166348473,439.06321389349824,6468536,439.3653277951119,455.12203761368175,513.4355748009909,42.44032621957419,-4.584283864454051,-6.0732760447151515,1.4889921802611008,11181869.75,False,False,False,False,False,False,False,False,False
2026-06-02,437.60869323855894,440.66154082733493,434.93828483598827,437.99113242476426,14106552,439.0330036010199,453.94620749384404,512.8543078274688,41.085679515937365,-4.320938503644584,-5.722808536501039,1.401870032856455,11423611.55,False,False,False,False,False,False,False,False,False
2026-06-03,434.5621125413434,439.91776918855516,430.74726392926476,436.1029205764765,8943166,438.6183958620246,452.865490068056,512.2750013056602,38.74027558072604,-4.215998912518842,-5.4214466117046,1.2054476991857586,11179956.0,False,False,False,False,False,False,False,False,False
2026-06-04,433.95297147966136,434.4214047442094,433.5383223581532,434.00675562270123,11783366,438.2327884429213,451.92435322230017,511.70880184106034,36.265262912356725,-4.252951150399383,-5.1877475194435565,0.9347963690441734,11056185.05,False,False,False,False,False,False,False,False,False
2026-06-05,432.01902898707374,435.4312037003068,428.99440731179925,432.4065820250323,11658873,437.7405832787339,451.02242467369354,511.09890194817126,34.45558741188444,-4.361084830029824,-5.02241498156081,0.6613301515309855,11242311.75,False,False,False,False,False,False,False,False,False
2026-06-08,431.03079414372496,433.1002698141449,429.76966247736095,431.8391381477809,11007812,437.42197475643627,450.20494242653507,510.5181108056172,33.81125254425396,-4.441372155218687,-4.9062064162923855,0.4648342610736984,11100317.65,False,False,False,False,False,False,False,False,False
2026-06-09,431.9206602170172,433.72917181114195,426.60159645924375,428.4101080533685,13500542,436.7917639197097,449.37178371284057,509.900213905388,30.142907477117546,-4.727202264761729,-4.870405585986255,0.14320332122452584,11012514.35,False,False,False,False,False,False,False,False,False
2026-06-10,427.63497873510494,430.21183129168696,426.38015989002093,428.95701244660296,19822665,436.19452979643336,448.4295919707545,509.3108521828757,31.420891879245502,-4.853644282011658,-4.8670533251913355,0.013409043179677838,11543014.5,False,False,False,False,False,False,False,False,False
2026-06-11,429.1421346659647,429.5335315036582,428.125046263651,428.51644310134446,13965017,435.55722563493117,447.5026211997319,508.74173998281907,30.93000370908983,-4.932541487945912,-4.88015095774225,-0.052390530203661356,11939435.8,False,False,False,False,False,True,False,False,False
2026-06-12,433.4771007307201,437.1453501239239,428.25941119165344,431.9276605848572,14641739,435.14436315888605,446.5721372847762,508.18877818093875,38.89070207590054,-4.666024325956641,-4.837325631385129,0.17130130542848754,12268437.35,False,False,False,False,True,False,False,False,False
2026-06-15,432.9247314046409,433.81756216767286,431.8968052868758,432.78963604990776,12262411,435.00745937806823,445.5270139894552,507.6431578235336,40.74905085468654,-4.335278941705155,-4.736916293449134,0.40163735174397885,12419873.6,False,False,False,False,False,False,False,False,False
2026-06-16,431.52977675275247,432.3140814938254,431.11903876376095,431.9033435048339,17287638,434.86508711559026,444.51926250058466,507.1174523624836,39.421592302373114,-4.097444454030153,-4.609021925565338,0.5115774715351851,12465786.25,False,False,False,False,False,False,False,False,False
2026-06-17,423.02992743199,426.37792000759714,422.39564472198526,425.7436372975924,7369900,434.1669637593967,443.3628577128561,506.57885173385796,31.693944058720106,-4.35578494370543,-4.558374529193357,0.20258958548792716,12345968.3,False,False,False,False,False,False,False,False,False
2026-06-18,428.73561198969935,430.07345461506316,425.6543103795279,426.9921530048917,15043863,433.7608593125095,442.27851042464636,506.04601229635665,34.49676050393873,-4.408953191800833,-4.528490261714853,0.11953706991401969,12525743.05,False,False,False,False,False,False,False,False,False
2026-06-19,424.6911053776187,429.0017146116422,422.3864968597093,426.6971060937328,15782859,433.22107988900086,441.3158236024613,505.4819648546841,34.140240608609744,-4.423901251548614,-4.507572459681605,0.08367120813299156,12813352.05,False,False,False,False,False,False,False,False,False
2026-06-22,428.60069977927924,430.3841445624307,425.86871386341005,427.65215864656153,10001102,432.8452146575695,440.443537146425,504.9362863994449,36.43045144266505,-4.3090113368627385,-4.467860235117833,0.15884889825509418,12741996.15,False,False,False,False,False,False,False,False,False
2026-06-23,433.72968525884744,438.2121286245082,426.2765546092025,430.75899797486323,7629305,432.49653886470395,439.7084869143998,504.41682212450775,43.33374078518557,-3.922053293904014,-4.358698846875069,0.4366455529710551,12551885.55,False,False,False,False,False,False,False,False,False
2026-06-24,432.5862900691589,436.04540972553093,430.2937063634392,433.7528260198112,5339928,432.21959790792215,439.0618102109114,503.9275791620768,49.072904327210225,-3.335361384366138,-4.1540313543732825,0.8186699700071447,11972964.8,False,False,False,False,False,False,False,False,False
2026-06-25,425.7611158097156,431.67139939456865,423.65465799817247,429.56494158302553,8410768,431.6947755153777,438.4705112211078,503.37921091111775,42.57684408550117,-3.171768915903499,-3.957578866679326,0.7858099507758269,11575035.7,False,False,False,False,False,False,False,False,False
2026-06-26,438.9330836794288,440.64082888439043,436.2952901752862,438.0030353802478,16187886,431.6539401215947,438.05827681995453,502.9225059568835,55.390429464396874,-2.3343283722765023,-3.632928767798761,1.298600395522259,12060696.4,False,False,False,False,False,False,False,False,False
2026-06-29,429.95914070956997,430.7342346081221,425.9872766696506,426.76237056820275,10859140,431.03889795532996,437.44807364877255,502.3445055166991,41.95855871883369,-2.5483031635891393,-3.4160036469568373,0.867700483367698,12280226.6,False,False,False,False,False,False,False,False,False
2026-06-30,422.89576544948585,423.66504138811837,419.2307240613675,420.0,2364833,430.13934133409174,436.7563747471364,501.71443061644334,36.26163045663727,-3.2263551033791487,-3.3780739382413,0.1517188348621512,11693140.65,False,False,False,False,False,False,False,False,False
